row_idx,cluster
0,2
1,2
2,2
3,2
4,2
5,2
6,2
7,2
8,2
9,0
10,0
11,0
12,0
13,0
14,0
15,0
16,0
17,0
18,0
19,0
20,0
21,0
22,0
23,0
24,0
25,0
26,0
27,0
28,0
29,0
30,0
31,0
32,0
33,0
34,0
35,0
36,0
37,0
38,0
39,0
40,0
41,0
42,0
43,0
44,0
45,0
46,0
47,0
48,0
49,0
50,0
51,0
52,0
53,0
54,0
55,0
56,0
57,0
58,0
59,0
60,0
61,0
62,0
63,0
64,0
65,0
66,0
67,0
68,0
69,0
70,0
71,0
72,0
73,0
74,0
75,0
76,0
77,0
78,0
79,0
80,0
81,0
82,0
83,0
84,0
85,0
86,0
87,0
88,0
89,0
90,0
91,0
92,0
93,0
94,0
95,0
96,0
97,0
98,0
99,0
100,0
101,0
102,0
103,0
104,0
105,0
106,0
107,0
108,0
109,0
110,0
111,0
112,0
113,0
114,0
115,0
116,0
117,0
118,0
119,0
120,0
121,0
122,0
123,0
124,0
125,0
126,0
127,0
128,0
129,0
130,0
131,0
132,0
133,0
134,0
135,0
136,0
137,0
138,0
139,0
140,0
141,0
142,0
143,0
144,0
145,0
146,0
147,0
148,0
149,0
150,0
151,0
152,0
153,0
154,0
155,0
156,0
157,0
158,0
159,0
160,0
161,0
162,0
163,0
164,0
165,0
166,0
167,0
168,0
169,0
170,0
171,0
172,0
173,0
174,0
175,0
176,0
177,0
178,0
179,0
180,0
181,0
182,0
183,0
184,0
185,0
186,0
187,0
188,0
189,0
190,0
191,0
192,0
193,0
194,0
195,0
196,0
197,0
198,0
199,0
200,0
201,3
202,3
203,3
204,3
205,3
206,3
207,3
208,3
209,3
210,3
211,3
212,3
213,3
214,3
215,3
216,3
217,3
218,3
219,3
220,3
221,3
222,3
223,3
224,3
225,3
226,3
227,3
228,3
229,3
230,3
231,3
232,3
233,3
234,3
235,3
236,3
237,3
238,3
239,3
240,3
241,3
242,3
243,3
244,3
245,3
246,3
247,3
248,3
249,3
250,3
251,3
252,3
253,3
254,3
255,3
256,3
257,3
258,3
259,3
260,3
261,3
262,3
263,3
264,3
265,3
266,3
267,3
268,3
269,3
270,3
271,3
272,3
273,3
274,3
275,3
276,3
277,3
278,3
279,3
280,3
281,3
282,3
283,3
284,3
285,3
286,3
287,3
288,3
289,3
290,3
291,3
292,3
293,3
294,3
295,3
296,3
297,3
298,3
299,3
300,3
301,3
302,3
303,3
304,3
305,3
306,3
307,3
308,3
309,3
310,3
311,3
312,3
313,3
314,3
315,3
316,3
317,3
318,3
319,3
320,3
321,3
322,3
323,3
324,3
325,3
326,3
327,3
328,3
329,3
330,3
331,3
332,3
333,3
334,3
335,3
336,3
337,3
338,3
339,3
340,3
341,3
342,3
343,3
344,3
345,3
346,3
347,3
348,3
349,3
350,3
351,3
352,3
353,3
354,3
355,3
356,3
357,3
358,3
359,3
360,3
361,3
362,3
363,3
364,3
365,3
366,3
367,3
368,3
369,3
370,3
371,3
372,3
373,3
374,3
375,3
376,3
377,3
378,3
379,3
380,3
381,3
382,3
383,3
384,3
385,3
386,3
387,3
388,3
389,3
390,3
391,3
392,3
393,3
394,3
395,3
396,3
397,3
398,3
399,3
400,3
401,3
402,3
403,3
404,3
405,3
406,3
407,3
408,3
409,3
410,3
411,3
412,3
413,3
414,3
415,3
416,3
417,3
418,3
419,3
420,3
421,3
422,3
423,3
424,3
425,3
426,3
427,3
428,3
429,3
430,3
431,3
432,3
433,3
434,3
435,3
436,3
437,3
438,3
439,3
440,3
441,3
442,3
443,3
444,3
445,3
446,3
447,3
448,3
449,3
450,3
451,3
452,3
453,3
454,3
455,3
456,3
457,3
458,3
459,3
460,3
461,3
462,3
463,3
464,3
465,3
466,3
467,3
468,3
469,3
470,3
471,3
472,3
473,3
474,3
475,3
476,3
477,3
478,3
479,3
480,3
481,3
482,3
483,3
484,3
485,3
486,3
487,3
488,3
489,3
490,3
491,3
492,3
493,3
494,3
495,3
496,3
497,3
498,3
499,3
500,3
501,3
502,3
503,3
504,3
505,3
506,3
507,3
508,3
509,3
510,3
511,3
512,3
513,3
514,3
515,3
516,3
517,3
518,3
519,0
520,0
521,0
522,0
523,0
524,0
525,0
526,0
527,0
528,0
529,0
530,0
531,0
532,0
533,0
534,0
535,0
536,0
537,0
538,0
539,0
540,0
541,0
542,0
543,0
544,0
545,0
546,0
547,0
548,0
549,0
550,0
551,0
552,0
553,0
554,0
555,0
556,0
557,0
558,0
559,0
560,0
561,0
562,0
563,0
564,0
565,0
566,0
567,0
568,0
569,0
570,0
571,0
572,0
573,0
574,0
575,0
576,0
577,0
578,0
579,0
580,0
581,0
582,0
583,0
584,0
585,0
586,0
587,0
588,0
589,0
590,0
591,0
592,0
593,0
594,0
595,0
596,0
597,0
598,0
599,0
600,0
601,0
602,0
603,0
604,0
605,0
606,0
607,0
608,0
609,0
610,0
611,0
612,0
613,0
614,0
615,0
616,0
617,0
618,0
619,0
620,0
621,0
622,0
623,0
624,0
625,0
626,0
627,0
628,0
629,0
630,0
631,0
632,0
633,0
634,0
635,0
636,0
637,0
638,0
639,0
640,0
641,0
642,0
643,0
644,0
645,0
646,0
647,0
648,0
649,0
650,0
651,0
652,0
653,0
654,0
655,0
656,0
657,0
658,0
659,0
660,0
661,0
662,0
663,0
664,0
665,0
666,0
667,0
668,0
669,0
670,0
671,0
672,0
673,0
674,0
675,0
676,0
677,0
678,0
679,0
680,0
681,0
682,0
683,0
684,0
685,0
686,0
687,0
688,0
689,0
690,0
691,0
692,0
693,0
694,0
695,0
696,0
697,0
698,0
699,0
700,0
701,0
702,0
703,0
704,0
705,0
706,0
707,0
708,0
709,0
710,0
711,0
712,0
713,0
714,0
715,0
716,0
717,0
718,0
719,0
720,0
721,0
722,0
723,0
724,0
725,0
726,0
727,0
728,0
729,0
730,0
731,0
732,0
733,0
734,0
735,0
736,0
737,0
738,0
739,0
740,0
741,0
742,0
743,0
744,0
745,0
746,0
747,0
748,0
749,0
750,0
751,0
752,0
753,0
754,0
755,0
756,0
757,0
758,0
759,0
760,0
761,0
762,0
763,0
764,0
765,0
766,0
767,0
768,0
769,0
770,0
771,0
772,0
773,0
774,0
775,0
776,0
777,0
778,0
779,0
780,0
781,0
782,0
783,0
784,0
785,0
786,0
787,0
788,0
789,0
790,0
791,0
792,0
793,0
794,0
795,0
796,0
797,0
798,0
799,0
800,0
801,0
802,0
803,0
804,0
805,0
806,0
807,0
808,0
809,0
810,0
811,0
812,0
813,0
814,0
815,0
816,0
817,0
818,0
819,0
820,0
821,0
822,0
823,0
824,0
825,0
826,0
827,0
828,0
829,0
830,0
831,0
832,0
833,0
834,0
835,0
836,0
837,0
838,0
839,3
840,3
841,3
842,3
843,3
844,3
845,3
846,3
847,3
848,3
849,3
850,3
851,3
852,3
853,3
854,3
855,3
856,3
857,3
858,3
859,3
860,3
861,3
862,3
863,3
864,3
865,3
866,3
867,3
868,3
869,3
870,3
871,3
872,3
873,3
874,3
875,3
876,3
877,3
878,3
879,3
880,3
881,3
882,3
883,3
884,3
885,3
886,3
887,3
888,3
889,3
890,3
891,3
892,3
893,3
894,3
895,3
896,3
897,3
898,3
899,3
900,3
901,3
902,3
903,3
904,3
905,3
906,3
907,3
908,3
909,3
910,3
911,3
912,3
913,3
914,3
915,3
916,3
917,3
918,3
919,3
920,3
921,3
922,3
923,3
924,3
925,3
926,3
927,3
928,3
929,3
930,3
931,3
932,3
933,3
934,3
935,3
936,3
937,3
938,3
939,3
940,3
941,3
942,3
943,3
944,3
945,3
946,3
947,3
948,3
949,3
950,3
951,3
952,3
953,3
954,3
955,3
956,3
957,3
958,3
959,3
960,3
961,3
962,3
963,3
964,3
965,3
966,3
967,3
968,3
969,3
970,3
971,3
972,3
973,3
974,3
975,3
976,3
977,3
978,3
979,3
980,3
981,3
982,3
983,3
984,3
985,3
986,3
987,3
988,3
989,3
990,3
991,3
992,3
993,3
994,3
995,3
996,3
997,3
998,3
999,3
1000,3
1001,3
1002,3
1003,3
1004,3
1005,3
1006,3
1007,3
1008,3
1009,3
1010,3
1011,3
1012,3
1013,3
1014,3
1015,3
1016,3
1017,3
1018,3
1019,3
1020,3
1021,3
1022,3
1023,3
1024,3
1025,3
1026,3
1027,3
1028,3
1029,3
1030,3
1031,3
1032,3
1033,3
1034,3
1035,3
1036,3
1037,3
1038,3
1039,3
1040,3
1041,3
1042,3
1043,3
1044,3
1045,3
1046,3
1047,3
1048,3
1049,3
1050,3
1051,3
1052,3
1053,3
1054,3
1055,3
1056,3
1057,3
1058,3
1059,3
1060,3
1061,3
1062,3
1063,3
1064,3
1065,3
1066,3
1067,3
1068,3
1069,3
1070,3
1071,3
1072,3
1073,3
1074,3
1075,3
1076,3
1077,3
1078,3
1079,3
1080,3
1081,3
1082,3
1083,3
1084,3
1085,3
1086,3
1087,3
1088,3
1089,3
1090,3
1091,3
1092,3
1093,3
1094,3
1095,3
1096,3
1097,3
1098,3
1099,3
1100,3
1101,3
1102,3
1103,3
1104,3
1105,3
1106,3
1107,3
1108,3
1109,3
1110,3
1111,3
1112,3
1113,3
1114,3
1115,3
1116,3
1117,3
1118,3
1119,3
1120,3
1121,3
1122,3
1123,3
1124,3
1125,3
1126,3
1127,3
1128,3
1129,3
1130,3
1131,3
1132,3
1133,3
1134,3
1135,3
1136,0
1137,0
1138,0
1139,0
1140,0
1141,0
1142,0
1143,0
1144,0
1145,0
1146,0
1147,0
1148,0
1149,0
1150,0
1151,0
1152,0
1153,0
1154,0
1155,0
1156,0
1157,0
1158,0
1159,0
1160,0
1161,0
1162,0
1163,0
1164,0
1165,0
1166,0
1167,0
1168,0
1169,0
1170,0
1171,0
1172,0
1173,0
1174,0
1175,0
1176,0
1177,0
1178,0
1179,0
1180,0
1181,0
1182,0
1183,0
1184,0
1185,0
1186,0
1187,0
1188,0
1189,0
1190,0
1191,0
1192,0
1193,0
1194,0
1195,0
1196,0
1197,0
1198,0
1199,0
1200,0
1201,0
1202,0
1203,0
1204,0
1205,0
1206,0
1207,0
1208,0
1209,0
1210,0
1211,0
1212,0
1213,0
1214,0
1215,0
1216,0
1217,0
1218,0
1219,0
1220,0
1221,0
1222,0
1223,0
1224,0
1225,0
1226,0
1227,0
1228,0
1229,0
1230,0
1231,0
1232,0
1233,0
1234,0
1235,0
1236,0
1237,0
1238,0
1239,0
1240,0
1241,0
1242,0
1243,0
1244,0
1245,0
1246,0
1247,0
1248,0
1249,0
1250,0
1251,0
1252,0
1253,0
1254,0
1255,0
1256,0
1257,0
1258,0
1259,0
1260,0
1261,0
1262,0
1263,0
1264,0
1265,0
1266,0
1267,0
1268,0
1269,0
1270,0
1271,0
1272,0
1273,0
1274,0
1275,0
1276,0
1277,0
1278,0
1279,0
1280,0
1281,0
1282,0
1283,0
1284,0
1285,0
1286,0
1287,0
1288,0
1289,0
1290,0
1291,0
1292,0
1293,0
1294,0
1295,0
1296,0
1297,0
1298,0
1299,0
1300,0
1301,0
1302,0
1303,0
1304,0
1305,0
1306,0
1307,0
1308,0
1309,0
1310,0
1311,0
1312,0
1313,0
1314,0
1315,0
1316,0
1317,0
1318,0
1319,0
1320,0
1321,0
1322,0
1323,0
1324,0
1325,0
1326,0
1327,0
1328,0
1329,0
1330,0
1331,0
1332,0
1333,0
1334,0
1335,0
1336,0
1337,0
1338,0
1339,0
1340,0
1341,0
1342,0
1343,0
1344,0
1345,0
1346,0
1347,0
1348,0
1349,0
1350,0
1351,0
1352,0
1353,0
1354,0
1355,0
1356,0
1357,0
1358,0
1359,0
1360,0
1361,0
1362,0
1363,0
1364,0
1365,0
1366,0
1367,0
1368,0
1369,0
1370,0
1371,0
1372,0
1373,0
1374,0
1375,0
1376,0
1377,0
1378,0
1379,0
1380,0
1381,0
1382,0
1383,0
1384,0
1385,0
1386,0
1387,0
1388,0
1389,0
1390,0
1391,0
1392,0
1393,0
1394,0
1395,0
1396,0
1397,0
1398,0
1399,0
1400,0
1401,0
1402,0
1403,0
1404,3
1405,3
1406,3
1407,3
1408,3
1409,3
1410,3
1411,3
1412,3
1413,3
1414,3
1415,3
1416,3
1417,3
1418,3
1419,3
1420,3
1421,3
1422,3
1423,3
1424,3
1425,3
1426,3
1427,3
1428,3
1429,3
1430,3
1431,3
1432,3
1433,3
1434,3
1435,3
1436,3
1437,3
1438,3
1439,3
1440,3
1441,3
1442,3
1443,3
1444,3
1445,3
1446,3
1447,3
1448,3
1449,3
1450,3
1451,3
1452,3
1453,3
1454,3
1455,3
1456,3
1457,3
1458,3
1459,3
1460,3
1461,3
1462,3
1463,3
1464,3
1465,3
1466,3
1467,3
1468,3
1469,3
1470,3
1471,3
1472,3
1473,3
1474,3
1475,3
1476,3
1477,3
1478,3
1479,3
1480,3
1481,3
1482,3
1483,3
1484,3
1485,3
1486,3
1487,3
1488,3
1489,3
1490,3
1491,3
1492,3
1493,3
1494,3
1495,3
1496,3
1497,3
1498,3
1499,3
1500,3
1501,3
1502,3
1503,3
1504,3
1505,3
1506,3
1507,3
1508,3
1509,3
1510,3
1511,3
1512,3
1513,3
1514,3
1515,3
1516,3
1517,3
1518,3
1519,3
1520,3
1521,3
1522,3
1523,3
1524,3
1525,3
1526,3
1527,3
1528,3
1529,3
1530,3
1531,3
1532,3
1533,3
1534,3
1535,3
1536,3
1537,3
1538,3
1539,3
1540,3
1541,3
1542,3
1543,3
1544,3
1545,3
1546,3
1547,3
1548,3
1549,3
1550,3
1551,3
1552,3
1553,3
1554,3
1555,3
1556,3
1557,3
1558,3
1559,3
1560,3
1561,3
1562,3
1563,3
1564,3
1565,3
1566,3
1567,3
1568,3
1569,3
1570,3
1571,3
1572,3
1573,3
1574,3
1575,3
1576,3
1577,3
1578,3
1579,3
1580,3
1581,3
1582,3
1583,3
1584,3
1585,3
1586,3
1587,3
1588,3
1589,3
1590,3
1591,3
1592,3
1593,3
1594,3
1595,3
1596,3
1597,3
1598,3
1599,3
1600,3
1601,3
1602,3
1603,3
1604,3
1605,3
1606,3
1607,3
1608,3
1609,3
1610,3
1611,3
1612,3
1613,3
1614,3
1615,3
1616,3
1617,3
1618,3
1619,3
1620,3
1621,3
1622,3
1623,3
1624,3
1625,3
1626,3
1627,3
1628,3
1629,3
1630,3
1631,3
1632,3
1633,3
1634,3
1635,3
1636,3
1637,3
1638,3
1639,3
1640,3
1641,3
1642,3
1643,3
1644,3
1645,3
1646,3
1647,3
1648,3
1649,3
1650,3
1651,3
1652,3
1653,3
1654,3
1655,3
1656,3
1657,3
1658,3
1659,3
1660,3
1661,3
1662,3
1663,3
1664,3
1665,3
1666,3
1667,3
1668,3
1669,3
1670,3
1671,3
1672,3
1673,3
1674,3
1675,3
1676,3
1677,3
1678,3
1679,3
1680,3
1681,3
1682,3
1683,3
1684,3
1685,3
1686,3
1687,3
1688,3
1689,3
1690,3
1691,3
1692,3
1693,3
1694,3
1695,3
1696,3
1697,3
1698,3
1699,3
1700,3
1701,3
1702,3
1703,3
1704,3
1705,3
1706,3
1707,3
1708,3
1709,3
1710,3
1711,3
1712,3
1713,3
1714,3
1715,3
1716,0
1717,0
1718,0
1719,0
1720,0
1721,0
1722,0
1723,0
1724,0
1725,0
1726,0
1727,0
1728,0
1729,0
1730,0
1731,0
1732,0
1733,0
1734,0
1735,0
1736,0
1737,0
1738,0
1739,0
1740,0
1741,0
1742,0
1743,0
1744,0
1745,0
1746,0
1747,0
1748,0
1749,0
1750,0
1751,0
1752,0
1753,0
1754,0
1755,0
1756,0
1757,0
1758,0
1759,0
1760,0
1761,0
1762,0
1763,0
1764,0
1765,0
1766,0
1767,0
1768,0
1769,0
1770,0
1771,0
1772,0
1773,0
1774,0
1775,0
1776,0
1777,0
1778,0
1779,0
1780,0
1781,0
1782,0
1783,0
1784,0
1785,0
1786,0
1787,0
1788,0
1789,0
1790,0
1791,0
1792,0
1793,0
1794,0
1795,0
1796,0
1797,0
1798,0
1799,0
1800,0
1801,0
1802,0
1803,0
1804,0
1805,0
1806,0
1807,0
1808,0
1809,0
1810,0
1811,0
1812,0
1813,0
1814,0
1815,0
1816,0
1817,0
1818,0
1819,0
1820,0
1821,0
1822,0
1823,0
1824,0
1825,1
1826,1
1827,1
1828,1
1829,1
1830,1
1831,1
1832,1
1833,1
1834,1
1835,1
1836,1
1837,1
1838,1
1839,1
1840,1
1841,1
1842,1
1843,1
1844,1
1845,1
1846,1
1847,1
1848,1
1849,1
1850,1
1851,1
1852,1
1853,1
1854,1
1855,1
1856,1
1857,1
1858,1
1859,1
1860,1
1861,1
1862,1
1863,1
1864,1
1865,1
1866,1
1867,1
1868,1
1869,1
1870,1
1871,1
1872,1
1873,1
1874,1
1875,1
1876,1
1877,1
1878,1
1879,1
1880,1
1881,1
1882,1
1883,1
1884,1
1885,1
1886,1
1887,1
1888,1
1889,1
1890,1
1891,1
1892,1
1893,1
1894,1
1895,1
1896,1
1897,1
1898,1
1899,1
1900,1
1901,1
1902,1
1903,1
1904,1
1905,1
1906,1
1907,1
1908,1
1909,1
1910,1
1911,1
1912,1
1913,1
1914,1
1915,1
1916,1
1917,1
1918,1
1919,1
1920,1
1921,1
1922,1
1923,1
1924,1
1925,1
1926,1
1927,1
1928,1
1929,1
1930,1
1931,1
1932,1
1933,1
1934,1
1935,1
1936,1
1937,1
1938,1
1939,1
1940,1
1941,1
1942,1
1943,1
1944,1
1945,1
1946,1
1947,1
1948,1
1949,1
1950,1
1951,1
1952,1
1953,1
1954,1
1955,1
1956,1
1957,1
1958,1
1959,1
1960,1
1961,1
1962,1
1963,1
1964,1
1965,1
1966,1
1967,1
1968,1
1969,1
1970,1
1971,1
1972,1
1973,1
1974,1
1975,1
1976,1
1977,1
1978,1
1979,1
1980,1
1981,1
1982,1
1983,1
1984,1
1985,1
1986,1
1987,1
1988,1
1989,1
1990,1
1991,1
1992,1
1993,1
1994,1
1995,1
1996,1
1997,1
1998,1
1999,1
2000,1
2001,1
2002,1
2003,1
2004,1
2005,1
2006,1
2007,1
2008,1
2009,1
2010,1
2011,1
2012,1
2013,1
2014,1
2015,1
2016,1
2017,1
2018,1
2019,1
2020,1
2021,1
2022,1
2023,1
2024,1
2025,1
2026,1
2027,1
2028,1
2029,1
2030,1
2031,1
2032,1
2033,1
2034,1
2035,1
2036,1
2037,1
2038,1
2039,1
2040,1
2041,1
2042,1
2043,1
2044,1
2045,1
2046,1
2047,1
2048,1
2049,1
2050,1
2051,1
2052,1
2053,1
2054,1
2055,1
2056,1
2057,1
2058,1
2059,1
2060,1
2061,1
2062,1
2063,1
2064,1
2065,1
2066,1
2067,1
2068,1
2069,1
2070,1
2071,1
2072,1
2073,1
2074,1
2075,1
2076,1
2077,1
2078,1
2079,1
2080,1
2081,1
2082,1
2083,1
2084,1
2085,1
2086,1
2087,1
2088,1
2089,1
2090,1
2091,1
2092,1
2093,1
2094,1
2095,1
2096,1
2097,1
2098,1
2099,1
2100,1
2101,1
2102,1
2103,1
2104,1
2105,1
2106,1
2107,1
2108,1
2109,1
2110,1
2111,1
2112,1
2113,1
2114,1
2115,1
2116,1
2117,1
2118,1
2119,1
2120,1
2121,1
2122,1
2123,1
2124,1
2125,1
2126,1
2127,1
2128,1
2129,1
2130,1
2131,1
2132,1
2133,1
2134,1
2135,1
2136,1
2137,1
2138,1
2139,1
2140,1
2141,1
2142,1
2143,1
2144,1
2145,1
2146,1
2147,1
2148,1
2149,1
2150,1
2151,1
2152,1
2153,1
2154,1
2155,1
2156,1
2157,1
2158,1
2159,1
2160,1
2161,1
2162,1
2163,1
2164,1
2165,1
2166,1
2167,1
2168,1
2169,1
2170,1
2171,1
2172,1
2173,1
2174,1
2175,1
2176,1
2177,1
2178,1
2179,1
2180,1
2181,1
2182,1
2183,1
2184,1
2185,1
2186,1
2187,1
2188,1
2189,1
2190,1
2191,1
2192,1
2193,1
2194,1
2195,1
2196,1
2197,1
2198,1
2199,1
2200,1
2201,1
2202,1
2203,1
2204,1
2205,1
2206,1
2207,1
2208,1
2209,1
2210,1
2211,1
2212,1
2213,1
2214,1
2215,1
2216,1
2217,1
2218,1
2219,1
2220,1
2221,1
2222,1
2223,1
2224,1
2225,1
2226,1
2227,1
2228,1
2229,1
2230,1
2231,1
2232,1
2233,1
2234,1
2235,1
2236,1
2237,1
2238,1
2239,1
2240,1
2241,1
2242,1
2243,1
2244,1
2245,1
2246,1
2247,1
2248,1
2249,1
2250,1
2251,1
2252,1
2253,1
2254,1
2255,1
2256,1
2257,1
2258,1
2259,1
2260,1
2261,1
2262,1
2263,1
2264,1
2265,1
2266,1
2267,1
2268,1
2269,1
2270,1
2271,1
2272,1
2273,1
2274,1
2275,1
2276,1
2277,1
2278,1
2279,1
2280,1
2281,1
2282,1
2283,1
2284,1
2285,1
2286,1
2287,1
2288,1
2289,1
2290,1
2291,1
2292,1
2293,1
2294,1
2295,1
2296,1
2297,1
2298,1
2299,1
2300,1
2301,1
2302,1
2303,1
2304,1
2305,1
2306,1
2307,1
2308,1
2309,1
2310,1
2311,1
2312,1
2313,1
2314,1
2315,1
2316,1
2317,1
2318,1
2319,1
2320,1
2321,1
2322,1
2323,1
2324,1
2325,1
2326,1
2327,1
2328,1
2329,1
2330,1
2331,1
2332,1
2333,1
2334,1
2335,1
2336,1
2337,1
2338,1
2339,1
2340,1
2341,1
2342,1
2343,1
2344,1
2345,1
2346,1
2347,1
2348,1
2349,1
2350,1
2351,1
2352,1
2353,1
2354,1
2355,1
2356,1
2357,1
2358,1
2359,1
2360,1
2361,1
2362,1
2363,1
2364,1
2365,1
2366,1
2367,1
2368,1
2369,1
2370,1
2371,1
2372,1
2373,1
2374,1
2375,1
2376,1
2377,1
2378,1
2379,1
2380,1
2381,1
2382,1
2383,1
2384,1
2385,1
2386,1
2387,1
2388,1
2389,1
2390,1
2391,1
2392,1
2393,1
2394,1
2395,1
2396,1
2397,1
2398,1
2399,1
2400,1
2401,1
2402,1
2403,1
2404,1
2405,1
2406,1
2407,1
2408,1
2409,1
2410,1
2411,1
2412,1
2413,1
2414,1
2415,1
2416,1
2417,1
2418,1
2419,1
2420,1
2421,1
2422,1
2423,1
2424,1
2425,1
2426,1
2427,1
2428,1
2429,1
2430,1
2431,1
2432,1
2433,1
2434,1
2435,1
2436,1
2437,1
2438,1
2439,1
2440,1
2441,1
2442,1
2443,1
2444,1
2445,1
2446,1
2447,1
2448,1
2449,1
2450,1
2451,1
2452,1
2453,1
2454,1
2455,1
2456,1
2457,1
2458,1
2459,1
2460,1
2461,1
2462,1
2463,1
2464,1
2465,1
2466,1
2467,1
2468,1
2469,1
2470,1
2471,1
2472,1
2473,1
2474,1
2475,1
2476,1
2477,1
2478,1
2479,1
2480,1
2481,1
2482,1
2483,1
2484,1
2485,1
2486,1
2487,1
2488,1
2489,1
2490,1
2491,1
2492,1
2493,1
2494,1
2495,1
2496,1
2497,1
2498,1
2499,1
2500,1
2501,1
2502,1
2503,1
2504,1
2505,1
2506,1
2507,1
2508,1
2509,1
2510,1
2511,1
2512,1
2513,1
2514,1
2515,1
2516,1
2517,1
2518,1
2519,1
2520,1
2521,1
2522,1
2523,1
2524,1
2525,1
2526,1
2527,1
2528,1
2529,1
2530,1
2531,1
2532,1
2533,1
2534,1
2535,1
2536,1
2537,1
2538,1
2539,1
2540,1
2541,1
2542,1
2543,1
2544,1
2545,1
2546,1
2547,1
2548,1
2549,1
2550,1
2551,1
2552,1
2553,1
2554,1
2555,1
2556,1
2557,1
2558,1
2559,1
2560,1
2561,1
2562,1
2563,1
2564,1
2565,1
2566,1
2567,1
2568,1
2569,1
2570,1
2571,1
2572,1
2573,1
2574,1
2575,1
2576,1
2577,1
2578,1
2579,1
2580,1
2581,1
2582,1
2583,1
2584,1
2585,1
2586,1
2587,1
2588,1
2589,1
2590,1
2591,1
2592,1
2593,1
2594,1
2595,1
2596,1
2597,1
2598,1
2599,1
2600,1
2601,1
2602,1
2603,1
2604,1
2605,1
2606,1
2607,1
2608,1
2609,1
2610,1
2611,1
2612,1
2613,1
2614,1
2615,1
2616,1
2617,1
2618,1
2619,1
2620,1
2621,1
2622,1
2623,1
2624,1
2625,1
2626,1
2627,1
2628,1
2629,1
2630,1
2631,1
2632,1
2633,1
2634,1
2635,1
2636,1
2637,1
2638,1
2639,1
2640,1
2641,1
2642,1
2643,1
2644,1
2645,1
2646,1
2647,1
2648,1
2649,1
2650,1
2651,1
2652,1
2653,1
2654,1
2655,1
2656,1
2657,1
2658,1
2659,1
2660,1
2661,1
2662,1
2663,1
2664,1
2665,1
2666,1
2667,1
2668,1
2669,1
2670,1
2671,1
2672,1
2673,1
2674,1
2675,1
2676,1
2677,1
2678,1
2679,1
2680,1
2681,1
2682,1
2683,1
2684,1
2685,1
2686,1
2687,1
2688,1
2689,1
2690,1
2691,1
2692,1
2693,1
2694,1
2695,1
2696,1
2697,1
2698,1
2699,1
2700,1
2701,1
2702,1
2703,1
2704,1
2705,1
2706,1
2707,1
2708,1
2709,1
2710,1
2711,1
2712,1
2713,1
2714,1
2715,1
2716,1
2717,1
2718,1
2719,1
2720,1
2721,1
2722,1
2723,1
2724,1
2725,1
2726,1
2727,1
2728,1
2729,1
2730,1
2731,1
2732,1
2733,1
2734,1
2735,1
2736,1
2737,1
2738,1
2739,1
2740,1
2741,1
2742,1
2743,1
2744,1
2745,1
2746,1
2747,1
2748,1
2749,1
2750,1
2751,1
2752,1
2753,1
2754,1
2755,1
2756,1
2757,1
2758,1
2759,1
2760,1
2761,1
2762,1
2763,1
2764,1
2765,1
2766,1
2767,1
2768,1
2769,1
2770,1
2771,1
2772,1
2773,1
2774,1
2775,1
2776,1
2777,1
2778,1
2779,1
2780,1
2781,1
2782,1
2783,1
2784,1
2785,1
2786,1
2787,1
2788,1
2789,1
2790,1
2791,1
2792,1
2793,1
2794,1
2795,1
2796,1
2797,1
2798,1
2799,1
2800,1
2801,1
2802,1
2803,1
2804,1
2805,1
2806,1
2807,1
2808,1
2809,1
2810,1
2811,1
2812,1
2813,1
2814,1
2815,1
2816,1
2817,1
2818,1
2819,1
2820,1
2821,1
2822,1
2823,1
2824,1
2825,1
2826,1
2827,1
2828,1
2829,1
2830,1
2831,1
2832,1
2833,1
2834,1
2835,1
2836,1
2837,1
2838,1
2839,1
2840,1
2841,1
2842,1
2843,1
2844,1
2845,1
2846,1
2847,1
2848,1
2849,1
2850,1
2851,1
2852,1
2853,1
2854,1
2855,1
2856,1
2857,1
2858,1
2859,1
2860,1
2861,1
2862,1
2863,1
2864,1
2865,1
2866,1
2867,1
2868,1
2869,1
2870,1
2871,1
2872,1
2873,1
2874,1
2875,1
2876,1
2877,1
2878,1
2879,1
2880,1
2881,1
2882,1
2883,1
2884,1
2885,1
2886,1
2887,1
2888,1
2889,1
2890,1
2891,1
2892,1
2893,1
2894,1
2895,1
2896,1
2897,1
2898,1
2899,1
2900,1
2901,1
2902,1
2903,1
2904,1
2905,1
2906,1
2907,1
2908,1
2909,1
2910,1
2911,1
2912,1
2913,1
2914,1
2915,1
2916,1
2917,1
2918,1
2919,1
2920,1
2921,1
2922,1
2923,1
2924,1
2925,1
2926,1
2927,1
2928,1
2929,1
2930,1
2931,1
2932,1
2933,1
2934,1
2935,1
2936,1
2937,1
2938,1
2939,1
2940,1
2941,1
2942,1
2943,1
2944,1
2945,1
2946,1
2947,1
2948,1
2949,1
2950,1
2951,1
2952,1
2953,1
2954,1
2955,1
2956,1
2957,1
2958,1
2959,1
2960,1
2961,1
2962,1
2963,1
2964,1
2965,1
2966,1
2967,1
2968,1
2969,1
2970,1
2971,1
2972,1
2973,1
2974,1
2975,1
2976,1
2977,1
2978,1
2979,1
2980,1
2981,1
2982,1
2983,1
2984,1
2985,1
2986,1
2987,1
2988,1
2989,1
2990,1
2991,1
2992,1
2993,1
2994,1
2995,1
2996,1
2997,1
2998,1
2999,1
3000,1
3001,1
3002,1
3003,1
3004,1
3005,1
3006,1
3007,1
3008,1
3009,1
3010,1
3011,1
3012,1
3013,1
3014,1
3015,1
3016,1
3017,1
3018,1
3019,1
3020,1
3021,1
3022,1
3023,1
3024,1
3025,1
3026,1
3027,1
3028,1
3029,1
3030,1
3031,1
3032,1
3033,1
3034,1
3035,1
3036,1
3037,1
3038,1
3039,1
3040,1
3041,1
3042,1
3043,1
3044,1
3045,1
3046,1
3047,1
3048,1
3049,1
3050,1
3051,2
3052,2
3053,2
3054,2
3055,2
3056,2
3057,2
3058,2
3059,2
3060,2
3061,2
3062,2
3063,2
3064,2
3065,2
3066,2
3067,2
3068,2
3069,2
3070,2
3071,2
3072,2
3073,2
3074,2
3075,2
3076,2
3077,2
3078,2
3079,2
3080,2
3081,2
3082,2
3083,2
3084,2
3085,2
3086,2
3087,2
3088,2
3089,2
3090,2
3091,2
3092,2
3093,2
3094,2
3095,2
3096,2
3097,2
3098,2
3099,2
3100,2
3101,2
3102,2
3103,2
3104,2
3105,2
3106,2
3107,2
3108,2
3109,2
3110,2
3111,2
3112,2
3113,2
3114,2
3115,2
3116,2
3117,2
3118,2
3119,2
3120,2
3121,2
3122,2
3123,2
3124,2
3125,2
3126,2
3127,2
3128,2
3129,2
3130,2
3131,2
3132,2
3133,2
3134,2
3135,2
3136,2
3137,2
3138,2
3139,2
3140,2
3141,2
3142,2
3143,2
3144,2
3145,2
3146,2
3147,2
3148,2
3149,2
3150,2
3151,2
3152,2
3153,2
3154,2
3155,2
3156,2
3157,2
3158,2
3159,2
3160,2
3161,2
3162,2
3163,2
3164,2
3165,2
3166,2
3167,2
3168,2
3169,2
3170,2
3171,2
3172,2
3173,2
3174,2
3175,2
3176,2
3177,2
3178,2
3179,2
3180,2
3181,2
3182,2
3183,2
3184,2
3185,2
3186,2
3187,2
3188,2
3189,2
3190,2
3191,2
3192,2
3193,2
3194,2
3195,2
3196,2
3197,2
3198,2
3199,2
3200,2
3201,2
3202,2
3203,2
3204,2
3205,2
3206,2
3207,2
3208,2
3209,2
3210,2
3211,2
3212,2
3213,2
3214,2
3215,2
3216,2
3217,2
3218,2
3219,2
3220,2
3221,2
3222,2
3223,2
3224,2
3225,2
3226,2
3227,2
3228,2
3229,2
3230,2
3231,2
3232,2
3233,2
3234,2
3235,2
3236,2
3237,2
3238,2
3239,2
3240,2
3241,2
3242,2
3243,2
3244,2
3245,2
3246,2
3247,2
3248,2
3249,2
3250,2
3251,2
3252,2
3253,2
3254,2
3255,2
3256,2
3257,2
3258,2
3259,2
3260,2
3261,2
3262,2
3263,2
3264,2
3265,2
3266,2
3267,2
3268,2
3269,2
3270,2
3271,2
3272,2
3273,2
3274,2
3275,2
3276,2
3277,2
3278,2
3279,2
3280,2
3281,2
3282,2
3283,2
3284,2
3285,2
3286,2
3287,2
3288,2
3289,2
3290,2
3291,2
3292,2
3293,2
3294,2
3295,2
3296,2
3297,2
3298,2
3299,2
3300,2
3301,2
3302,2
3303,2
3304,2
3305,2
3306,2
3307,2
3308,2
3309,2
3310,2
3311,2
3312,2
3313,2
3314,2
3315,2
3316,2
3317,2
3318,2
3319,2
3320,2
3321,2
3322,2
3323,2
3324,2
3325,2
3326,2
3327,2
3328,2
3329,2
3330,2
3331,2
3332,2
3333,2
3334,2
3335,2
3336,2
3337,2
3338,2
3339,2
3340,2
3341,2
3342,2
3343,2
3344,2
3345,2
3346,2
3347,2
3348,2
3349,2
3350,2
3351,2
3352,2
3353,2
3354,2
3355,2
3356,2
3357,2
3358,2
3359,2
3360,2
3361,2
3362,2
3363,2
3364,2
3365,2
3366,2
3367,2
3368,2
3369,2
3370,2
3371,2
3372,2
3373,2
3374,2
3375,2
3376,2
3377,2
3378,2
3379,2
3380,2
3381,2
3382,2
3383,2
3384,2
3385,2
3386,2
3387,2
3388,2
3389,2
3390,2
3391,2
3392,2
3393,2
3394,2
3395,2
3396,2
3397,2
3398,2
3399,2
3400,2
3401,2
3402,2
3403,2
3404,2
3405,2
3406,2
3407,2
3408,2
3409,2
3410,2
3411,2
3412,2
3413,2
3414,2
3415,2
3416,2
3417,2
3418,2
3419,2
3420,2
3421,2
3422,2
3423,2
3424,2
3425,2
3426,2
3427,2
3428,2
3429,2
3430,2
3431,2
3432,2
3433,2
3434,2
3435,2
3436,2
3437,2
3438,2
3439,2
3440,2
3441,2
3442,2
3443,2
3444,2
3445,2
3446,2
3447,2
3448,2
3449,2
3450,2
3451,2
3452,2
3453,2
3454,2
3455,2
3456,2
3457,2
3458,2
3459,2
3460,2
3461,2
3462,2
3463,2
3464,2
3465,2
3466,2
3467,2
3468,2
3469,2
3470,2
3471,2
3472,2
3473,2
3474,2
3475,2
3476,2
3477,2
3478,2
3479,2
3480,2
3481,2
3482,2
3483,2
3484,2
3485,2
3486,2
3487,2
3488,2
3489,2
3490,2
3491,2
3492,2
3493,2
3494,2
3495,2
3496,2
3497,2
3498,2
3499,2
3500,2
3501,2
3502,2
3503,2
3504,2
3505,2
3506,2
3507,2
3508,2
3509,2
3510,2
3511,2
3512,2
3513,2
3514,2
3515,2
3516,2
3517,2
3518,2
3519,2
3520,2
3521,2
3522,2
3523,2
3524,2
3525,2
3526,2
3527,2
3528,2
3529,2
3530,2
3531,2
3532,2
3533,2
3534,2
3535,2
3536,2
3537,2
3538,2
3539,2
3540,2
3541,2
3542,2
3543,2
3544,2
3545,2
3546,2
3547,2
3548,2
3549,2
3550,2
3551,2
3552,2
3553,2
3554,2
3555,2
3556,2
3557,2
3558,2
3559,2
3560,2
3561,2
3562,2
3563,2
3564,2
3565,2
3566,2
3567,2
3568,2
3569,2
3570,2
3571,2
3572,2
3573,2
3574,2
3575,2
3576,2
3577,2
3578,2
3579,2
3580,2
3581,2
3582,2
3583,2
3584,2
3585,2
3586,2
3587,2
3588,2
3589,2
3590,2
3591,2
3592,2
3593,2
3594,2
3595,2
3596,2
3597,2
3598,2
3599,2
3600,2
3601,2
3602,2
3603,2
3604,2
3605,2
3606,2
3607,2
3608,2
3609,2
3610,2
3611,2
3612,2
3613,2
3614,2
3615,2
3616,2
3617,2
3618,2
3619,2
3620,2
3621,2
3622,2
3623,2
3624,2
3625,2
3626,2
3627,2
3628,2
3629,2
3630,2
3631,2
3632,2
3633,2
3634,2
3635,2
3636,2
3637,2
3638,2
3639,2
3640,2
3641,2
3642,2
3643,2
3644,2
3645,2
3646,2
3647,2
3648,2
3649,2
3650,2
3651,2
3652,2
3653,2
3654,2
3655,2
3656,2
3657,2
3658,2
3659,2
3660,2
3661,2
3662,2
3663,2
3664,2
3665,2
3666,2
3667,2
3668,2
3669,2
3670,2
3671,2
3672,2
3673,2
3674,2
3675,2
3676,2
3677,2
3678,2
3679,2
3680,2
3681,2
3682,2
3683,2
3684,2
3685,2
3686,2
3687,2
3688,2
3689,2
3690,2
3691,2
3692,2
3693,2
3694,2
3695,2
3696,2
3697,2
3698,2
3699,2
3700,2
3701,2
3702,2
3703,2
3704,2
3705,2
3706,2
3707,2
3708,2
3709,2
3710,2
3711,2
3712,2
3713,2
3714,2
3715,2
3716,2
3717,2
3718,2
3719,2
3720,2
3721,2
3722,2
3723,2
3724,2
3725,2
3726,2
3727,2
3728,2
3729,2
3730,2
3731,2
3732,2
3733,2
3734,2
3735,2
3736,2
3737,2
3738,2
3739,2
3740,2
3741,2
3742,2
3743,2
3744,2
3745,2
3746,2
3747,2
3748,2
3749,2
3750,2
3751,2
3752,2
3753,2
3754,2
3755,2
3756,2
3757,2
3758,2
3759,2
3760,2
3761,2
3762,2
3763,2
3764,2
3765,2
3766,2
3767,2
3768,2
3769,2
3770,2
3771,2
3772,2
3773,2
3774,2
3775,2
3776,2
3777,2
3778,2
3779,2
3780,2
3781,2
3782,2
3783,2
3784,2
3785,2
3786,2
3787,2
3788,2
3789,2
3790,2
3791,2
3792,2
3793,2
3794,2
3795,2
3796,2
3797,2
3798,2
3799,2
3800,2
3801,2
3802,2
3803,2
3804,2
3805,2
3806,2
3807,2
3808,2
3809,2
3810,2
3811,2
3812,2
3813,2
3814,2
3815,2
3816,2
3817,2
3818,2
3819,2
3820,2
3821,2
3822,2
3823,2
3824,2
3825,2
3826,2
3827,2
3828,2
3829,2
3830,2
3831,2
3832,2
3833,2
3834,2
3835,2
3836,2
3837,2
3838,2
3839,2
3840,2
3841,2
3842,2
3843,2
3844,2
3845,2
3846,2
3847,2
3848,2
3849,2
3850,2
3851,2
3852,2
3853,2
3854,2
3855,2
3856,2
3857,2
3858,2
3859,2
3860,2
3861,2
3862,2
3863,2
3864,2
3865,2
3866,2
3867,2
3868,2
3869,2
3870,2
3871,2
3872,2
3873,2
3874,2
3875,2
3876,2
3877,2
3878,2
3879,2
3880,2
3881,2
3882,2
3883,2
3884,2
3885,2
3886,2
3887,2
3888,2
3889,2
3890,2
3891,2
3892,2
3893,2
3894,2
3895,2
3896,2
3897,2
3898,2
3899,2
3900,2
3901,2
3902,2
3903,2
3904,2
3905,2
3906,2
3907,2
3908,2
3909,2
3910,2
3911,2
3912,2
3913,2
3914,2
3915,2
3916,2
3917,2
3918,2
3919,2
3920,2
3921,2
3922,2
3923,2
3924,2
3925,2
3926,2
3927,2
3928,2
3929,2
3930,2
3931,2
3932,2
3933,2
3934,2
3935,2
3936,2
3937,2
3938,2
3939,2
3940,2
3941,2
3942,2
3943,2
3944,2
3945,2
3946,2
3947,2
3948,2
3949,2
3950,2
3951,2
3952,2
3953,2
3954,2
3955,2
3956,2
3957,2
3958,2
3959,2
3960,2
3961,2
3962,2
3963,2
3964,2
3965,2
3966,2
3967,2
3968,2
3969,2
3970,2
3971,2
3972,2
3973,2
3974,2
3975,2
3976,2
3977,2
3978,2
3979,2
3980,2
3981,2
3982,2
3983,2
3984,2
3985,2
3986,2
3987,2
3988,2
3989,2
3990,2
3991,2
3992,2
3993,2
3994,2
3995,2
3996,2
3997,2
3998,2
3999,2
4000,2
4001,2
4002,2
4003,2
4004,2
4005,2
4006,2
4007,2
4008,2
4009,2
4010,2
4011,2
4012,2
4013,2
4014,2
4015,2
4016,2
4017,2
4018,2
4019,2
4020,2
4021,2
4022,2
4023,2
4024,2
4025,2
4026,2
4027,2
4028,2
4029,2
4030,2
4031,2
4032,2
4033,2
4034,2
4035,2
4036,2
4037,2
4038,2
4039,2
4040,2
4041,2
4042,2
4043,2
4044,2
4045,2
4046,2
4047,2
4048,2
4049,2
4050,2
4051,2
4052,2
4053,2
4054,2
4055,2
4056,2
4057,2
4058,2
4059,2
4060,2
4061,2
4062,2
4063,2
4064,2
4065,2
4066,2
4067,2
4068,2
4069,2
4070,2
4071,2
4072,2
4073,2
4074,2
4075,2
4076,2
4077,2
4078,2
4079,2
4080,2
4081,2
4082,2
4083,2
4084,2
4085,2
4086,2
4087,2
4088,2
4089,2
4090,2
4091,2
4092,2
4093,2
4094,2
4095,2
4096,2
4097,2
4098,2
4099,2
4100,2
4101,2
4102,2
4103,2
4104,2
4105,2
4106,2
4107,2
4108,2
4109,2
4110,2
4111,2
4112,2
4113,2
4114,2
4115,2
4116,2
4117,2
4118,2
4119,2
4120,2
4121,2
4122,2
4123,2
4124,2
4125,2
4126,2
4127,2
4128,2
4129,2
4130,2
4131,2
4132,2
4133,2
4134,2
4135,2
4136,2
4137,2
4138,2
4139,2
4140,2
4141,2
4142,2
4143,2
4144,2
4145,2
4146,2
4147,2
4148,2
4149,2
4150,2
4151,2
4152,2
4153,2
4154,2
4155,2
4156,2
4157,2
4158,2
4159,2
4160,2
4161,2
4162,2
4163,2
4164,2
4165,2
4166,2
4167,2
4168,2
4169,2
4170,2
4171,2
4172,2
4173,2
4174,2
4175,2
4176,2
4177,2
4178,2
4179,2
4180,2
4181,2
4182,2
4183,2
4184,2
4185,2
4186,2
4187,2
4188,2
4189,2
4190,2
4191,2
4192,2
4193,2
4194,2
4195,2
4196,2
4197,2
4198,2
4199,2
4200,2
4201,2
4202,2
4203,2
4204,2
4205,2
4206,2
4207,2
4208,2
4209,2
4210,2
4211,2
4212,2
4213,2
4214,2
4215,2
4216,2
4217,2
4218,2
4219,2
4220,2
4221,2
4222,2
4223,2
4224,2
4225,2
4226,2
4227,2
4228,2
4229,2
4230,2
4231,2
4232,2
4233,2
4234,2
4235,2
4236,2
4237,2
4238,2
4239,2
4240,2
4241,2
4242,2
4243,2
4244,2
4245,2
4246,2
4247,2
4248,2
4249,2
4250,2
4251,2
4252,2
4253,2
4254,2
4255,2
4256,2
4257,2
4258,2
4259,2
4260,2
4261,2
4262,2
4263,2
4264,2
4265,2
4266,2
4267,2
4268,2
4269,2
4270,2
4271,2
4272,2
4273,2
4274,2
4275,2
4276,2
4277,2
4278,2
4279,2
4280,2
4281,2
4282,2
4283,2
4284,2
4285,2
4286,2
4287,2
4288,2
4289,2
4290,2
4291,2
4292,2
4293,2
4294,2
4295,2
4296,2
4297,2
4298,2
4299,2
4300,2
4301,2
4302,2
4303,2
4304,2
4305,2
4306,2
4307,2
4308,2
4309,2
4310,2
4311,2
4312,2
4313,2
4314,2
4315,2
4316,2
4317,2
4318,2
4319,2
4320,2
4321,2
4322,2
4323,2
4324,2
4325,2
4326,2
4327,2
4328,2
4329,2
4330,2
4331,2
4332,2
4333,2
4334,2
4335,2
4336,2
4337,2
4338,2
4339,2
4340,2
4341,2
4342,0
4343,0
4344,0
4345,0
4346,0
4347,0
4348,0
4349,0
4350,0
4351,0
4352,0
4353,0
4354,0
4355,0
4356,0
4357,0
4358,0
4359,0
4360,0
4361,0
4362,0
4363,0
4364,0
4365,0
4366,0
4367,0
4368,0
4369,0
4370,0
4371,0
4372,0
4373,0
4374,0
4375,0
4376,0
4377,0
4378,0
4379,0
4380,0
4381,0
4382,0
4383,0
4384,0
4385,0
4386,0
4387,0
4388,0
4389,0
4390,0
4391,0
4392,0
4393,0
4394,0
4395,0
4396,0
4397,0
4398,0
4399,0
4400,0
4401,0
4402,0
4403,0
4404,0
4405,0
4406,0
4407,0
4408,0
4409,0
4410,0
4411,0
4412,0
4413,0
4414,0
4415,0
4416,0
4417,0
4418,0
4419,0
4420,0
4421,0
4422,0
4423,0
4424,0
4425,0
4426,0
4427,0
4428,0
4429,0
4430,0
4431,0
4432,0
4433,0
4434,0
4435,0
4436,0
4437,0
4438,0
4439,0
4440,0
4441,0
4442,0
4443,0
4444,0
4445,0
4446,0
4447,0
4448,0
4449,0
4450,0
4451,0
4452,0
4453,0
4454,0
4455,0
4456,0
4457,0
4458,0
4459,0
4460,0
4461,0
4462,0
4463,0
4464,0
4465,0
4466,0
4467,0
4468,0
4469,0
4470,0
4471,0
4472,0
4473,0
4474,0
4475,0
4476,0
4477,0
4478,0
4479,0
4480,0
4481,0
4482,0
4483,0
4484,0
4485,0
4486,0
4487,0
4488,0
4489,0
4490,0
4491,0
4492,0
4493,0
4494,0
4495,0
4496,0
4497,0
4498,0
4499,0
4500,0
4501,0
4502,0
4503,0
4504,0
4505,0
4506,0
4507,0
4508,0
4509,0
4510,0
4511,0
4512,0
4513,0
4514,0
4515,0
4516,0
4517,0
4518,0
4519,0
4520,0
4521,0
4522,0
4523,0
4524,0
4525,0
4526,0
4527,0
4528,0
4529,0
4530,0
4531,0
4532,0
4533,0
4534,0
4535,0
4536,0
4537,0
4538,0
4539,0
4540,0
4541,0
4542,0
4543,0
4544,0
4545,0
4546,0
4547,0
4548,3
4549,3
4550,3
4551,3
4552,3
4553,3
4554,3
4555,3
4556,3
4557,3
4558,3
4559,3
4560,3
4561,3
4562,3
4563,3
4564,3
4565,3
4566,3
4567,3
4568,3
4569,3
4570,3
4571,3
4572,3
4573,3
4574,3
4575,3
4576,3
4577,3
4578,3
4579,3
4580,3
4581,3
4582,3
4583,3
4584,3
4585,3
4586,3
4587,3
4588,3
4589,3
4590,3
4591,3
4592,3
4593,3
4594,3
4595,3
4596,3
4597,3
4598,3
4599,3
4600,3
4601,3
4602,3
4603,3
4604,3
4605,3
4606,3
4607,3
4608,3
4609,3
4610,3
4611,3
4612,3
4613,3
4614,3
4615,3
4616,3
4617,3
4618,3
4619,3
4620,3
4621,3
4622,3
4623,3
4624,3
4625,3
4626,3
4627,3
4628,3
4629,3
4630,3
4631,3
4632,3
4633,3
4634,3
4635,3
4636,3
4637,3
4638,3
4639,3
4640,3
4641,3
4642,3
4643,3
4644,3
4645,3
4646,3
4647,3
4648,3
4649,3
4650,3
4651,3
4652,3
4653,3
4654,3
4655,3
4656,3
4657,3
4658,3
4659,3
4660,3
4661,3
4662,3
4663,3
4664,3
4665,3
4666,3
4667,3
4668,3
4669,3
4670,3
4671,3
4672,3
4673,3
4674,3
4675,3
4676,3
4677,3
4678,3
4679,3
4680,3
4681,3
4682,3
4683,3
4684,3
4685,3
4686,3
4687,3
4688,3
4689,3
4690,3
4691,3
4692,3
4693,3
4694,3
4695,3
4696,3
4697,3
4698,3
4699,3
4700,3
4701,3
4702,3
4703,3
4704,3
4705,3
4706,3
4707,3
4708,3
4709,3
4710,3
4711,3
4712,3
4713,3
4714,3
4715,3
4716,3
4717,3
4718,3
4719,3
4720,3
4721,3
4722,3
4723,3
4724,3
4725,3
4726,3
4727,3
4728,3
4729,3
4730,3
4731,3
4732,3
4733,3
4734,3
4735,3
4736,3
4737,3
4738,3
4739,3
4740,3
4741,3
4742,3
4743,3
4744,3
4745,3
4746,3
4747,3
4748,3
4749,3
4750,3
4751,3
4752,3
4753,3
4754,3
4755,3
4756,3
4757,3
4758,3
4759,3
4760,3
4761,3
4762,3
4763,3
4764,3
4765,3
4766,3
4767,3
4768,3
4769,3
4770,3
4771,3
4772,3
4773,3
4774,3
4775,3
4776,3
4777,3
4778,3
4779,3
4780,3
4781,3
4782,3
4783,3
4784,3
4785,3
4786,3
4787,3
4788,3
4789,3
4790,3
4791,3
4792,3
4793,3
4794,3
4795,3
4796,3
4797,3
4798,3
4799,3
4800,3
4801,3
4802,3
4803,3
4804,3
4805,3
4806,3
4807,3
4808,3
4809,3
4810,3
4811,3
4812,3
4813,3
4814,3
4815,3
4816,3
4817,3
4818,3
4819,3
4820,3
4821,3
4822,3
4823,3
4824,3
4825,3
4826,3
4827,3
4828,3
4829,3
4830,3
4831,3
4832,3
4833,3
4834,3
4835,3
4836,3
4837,3
4838,3
4839,3
4840,0
4841,0
4842,0
4843,0
4844,0
4845,0
4846,0
4847,0
4848,0
4849,0
4850,0
4851,0
4852,0
4853,0
4854,0
4855,0
4856,0
4857,0
4858,0
4859,0
4860,0
4861,0
4862,0
4863,0
4864,0
4865,0
4866,0
4867,0
4868,0
4869,0
4870,0
4871,0
4872,0
4873,0
4874,0
4875,0
4876,0
4877,0
4878,0
4879,0
4880,0
4881,0
4882,0
4883,0
4884,0
4885,0
4886,0
4887,0
4888,0
4889,0
4890,0
4891,0
4892,0
4893,0
4894,0
4895,0
4896,0
4897,0
4898,0
4899,0
4900,0
4901,0
4902,0
4903,0
4904,0
4905,0
4906,0
4907,0
4908,0
4909,0
4910,0
4911,0
4912,0
4913,0
4914,0
4915,0
4916,0
4917,0
4918,0
4919,0
4920,0
4921,0
4922,0
4923,0
4924,0
4925,0
4926,0
4927,0
4928,0
4929,0
4930,0
4931,0
4932,0
4933,0
4934,0
4935,0
4936,0
4937,0
4938,0
4939,0
4940,0
4941,0
4942,0
4943,0
4944,0
4945,0
4946,0
4947,0
4948,0
4949,0
4950,0
4951,0
4952,0
4953,0
4954,0
4955,0
4956,0
4957,0
4958,0
4959,0
4960,0
4961,0
4962,0
4963,0
4964,0
4965,0
4966,0
4967,0
4968,0
4969,0
4970,0
4971,0
4972,0
4973,0
4974,0
4975,0
4976,0
4977,0
4978,0
4979,0
4980,0
4981,0
4982,0
4983,0
4984,0
4985,0
4986,0
4987,0
4988,0
4989,0
4990,0
4991,0
4992,0
4993,0
4994,0
4995,0
4996,0
4997,0
4998,0
4999,0
5000,0
5001,0
5002,0
5003,0
5004,0
5005,0
5006,0
5007,0
5008,0
5009,0
5010,0
5011,0
5012,0
5013,0
5014,0
5015,0
5016,0
5017,0
5018,0
5019,0
5020,0
5021,0
5022,0
5023,0
5024,0
5025,0
5026,0
5027,0
5028,0
5029,0
5030,0
5031,0
5032,0
5033,0
5034,0
5035,0
5036,0
5037,0
5038,0
5039,0
5040,0
5041,0
5042,0
5043,0
5044,0
5045,0
5046,0
5047,0
5048,0
5049,0
5050,0
5051,0
5052,0
5053,0
5054,0
5055,0
5056,0
5057,0
5058,0
5059,0
5060,0
5061,0
5062,0
5063,0
5064,0
5065,0
5066,0
5067,0
5068,0
5069,0
5070,0
5071,0
5072,0
5073,0
5074,0
5075,0
5076,0
5077,0
5078,0
5079,0
5080,0
5081,0
5082,0
5083,0
5084,0
5085,0
5086,0
5087,0
5088,0
5089,0
5090,0
5091,0
5092,0
5093,0
5094,0
5095,0
5096,0
5097,0
5098,0
5099,0
5100,0
5101,0
5102,0
5103,0
5104,0
5105,0
5106,0
5107,0
5108,0
5109,0
5110,0
5111,0
5112,0
5113,0
5114,0
5115,0
5116,0
5117,0
5118,3
5119,3
5120,3
5121,3
5122,3
5123,3
5124,3
5125,3
5126,3
5127,3
5128,3
5129,3
5130,3
5131,3
5132,3
5133,3
5134,3
5135,3
5136,3
5137,3
5138,3
5139,3
5140,3
5141,3
5142,3
5143,3
5144,3
5145,3
5146,3
5147,3
5148,3
5149,3
5150,3
5151,3
5152,3
5153,3
5154,3
5155,3
5156,3
5157,3
5158,3
5159,3
5160,3
5161,3
5162,3
5163,3
5164,3
5165,3
5166,3
5167,3
5168,3
5169,3
5170,3
5171,3
5172,3
5173,3
5174,3
5175,3
5176,3
5177,3
5178,3
5179,3
5180,3
5181,3
5182,3
5183,3
5184,3
5185,3
5186,3
5187,3
5188,3
5189,3
5190,3
5191,3
5192,3
5193,3
5194,3
5195,3
5196,3
5197,3
5198,3
5199,3
5200,3
5201,3
5202,3
5203,3
5204,3
5205,3
5206,3
5207,3
5208,3
5209,3
5210,3
5211,3
5212,3
5213,3
5214,3
5215,3
5216,3
5217,3
5218,3
5219,3
5220,3
5221,3
5222,3
5223,3
5224,3
5225,3
5226,3
5227,3
5228,3
5229,3
5230,3
5231,3
5232,3
5233,3
5234,3
5235,3
5236,3
5237,3
5238,3
5239,3
5240,3
5241,3
5242,3
5243,3
5244,3
5245,3
5246,3
5247,3
5248,3
5249,3
5250,3
5251,3
5252,3
5253,3
5254,3
5255,3
5256,3
5257,3
5258,3
5259,3
5260,3
5261,3
5262,3
5263,3
5264,3
5265,3
5266,3
5267,3
5268,3
5269,3
5270,3
5271,3
5272,3
5273,3
5274,3
5275,3
5276,3
5277,3
5278,3
5279,3
5280,3
5281,3
5282,3
5283,3
5284,3
5285,3
5286,3
5287,3
5288,3
5289,3
5290,3
5291,3
5292,3
5293,3
5294,3
5295,3
5296,3
5297,3
5298,3
5299,3
5300,3
5301,3
5302,3
5303,3
5304,3
5305,3
5306,3
5307,3
5308,3
5309,3
5310,3
5311,3
5312,3
5313,3
5314,3
5315,3
5316,3
5317,3
5318,3
5319,3
5320,3
5321,3
5322,3
5323,3
5324,3
5325,3
5326,3
5327,3
5328,3
5329,3
5330,3
5331,3
5332,3
5333,3
5334,3
5335,3
5336,3
5337,3
5338,3
5339,3
5340,3
5341,3
5342,3
5343,3
5344,3
5345,3
5346,3
5347,3
5348,3
5349,3
5350,3
5351,3
5352,3
5353,3
5354,3
5355,3
5356,3
5357,3
5358,3
5359,3
5360,3
5361,3
5362,3
5363,3
5364,3
5365,3
5366,3
5367,3
5368,3
5369,3
5370,3
5371,3
5372,3
5373,3
5374,3
5375,3
5376,3
5377,3
5378,3
5379,3
5380,3
5381,3
5382,3
5383,3
5384,3
5385,3
5386,3
5387,3
5388,3
5389,3
5390,3
5391,3
5392,3
5393,3
5394,0
5395,0
5396,0
5397,0
5398,0
5399,0
5400,0
5401,0
5402,0
5403,0
5404,0
5405,0
5406,0
5407,0
5408,0
5409,0
5410,0
5411,0
5412,0
5413,0
5414,0
5415,0
5416,0
5417,0
5418,0
5419,0
5420,0
5421,0
5422,0
5423,0
5424,0
5425,0
5426,0
5427,0
5428,0
5429,0
5430,0
5431,0
5432,0
5433,0
5434,0
5435,0
5436,0
5437,0
5438,0
5439,0
5440,0
5441,0
5442,0
5443,0
5444,0
5445,0
5446,0
5447,0
5448,0
5449,0
5450,0
5451,0
5452,0
5453,0
5454,0
5455,0
5456,0
5457,0
5458,0
5459,0
5460,0
5461,0
5462,0
5463,0
5464,0
5465,0
5466,0
5467,0
5468,0
5469,0
5470,0
5471,0
5472,0
5473,0
5474,0
5475,0
5476,0
5477,0
5478,0
5479,0
5480,0
5481,0
5482,0
5483,0
5484,0
5485,0
5486,0
5487,0
5488,0
5489,0
5490,0
5491,0
5492,0
5493,0
5494,0
5495,0
5496,0
5497,0
5498,0
5499,0
5500,0
5501,0
5502,0
5503,0
5504,0
5505,0
5506,0
5507,0
5508,0
5509,0
5510,0
5511,0
5512,0
5513,0
5514,0
5515,0
5516,0
5517,0
5518,0
5519,0
5520,0
5521,0
5522,0
5523,0
5524,0
5525,0
5526,0
5527,0
5528,0
5529,0
5530,0
5531,0
5532,0
5533,0
5534,0
5535,0
5536,0
5537,0
5538,0
5539,0
5540,0
5541,0
5542,0
5543,0
5544,0
5545,0
5546,0
5547,0
5548,0
5549,0
5550,0
5551,0
5552,0
5553,0
5554,0
5555,0
5556,0
5557,0
5558,0
5559,0
5560,0
5561,0
5562,0
5563,0
5564,0
5565,0
5566,0
5567,0
5568,0
5569,0
5570,0
5571,0
5572,0
5573,0
5574,0
5575,0
5576,0
5577,0
5578,0
5579,0
5580,0
5581,0
5582,0
5583,0
5584,0
5585,0
5586,0
5587,0
5588,0
5589,0
5590,0
5591,0
5592,0
5593,0
5594,0
5595,0
5596,0
5597,0
5598,0
5599,0
5600,0
5601,0
5602,0
5603,0
5604,0
5605,0
5606,0
5607,0
5608,0
5609,0
5610,0
5611,0
5612,0
5613,0
5614,0
5615,0
5616,0
5617,0
5618,0
5619,0
5620,0
5621,0
5622,0
5623,0
5624,0
5625,0
5626,0
5627,0
5628,0
5629,3
5630,3
5631,3
5632,3
5633,3
5634,3
5635,3
5636,3
5637,3
5638,3
5639,3
5640,3
5641,3
5642,3
5643,3
5644,3
5645,3
5646,3
5647,3
5648,3
5649,3
5650,3
5651,3
5652,3
5653,3
5654,3
5655,3
5656,3
5657,3
5658,3
5659,3
5660,3
5661,3
5662,3
5663,3
5664,3
5665,3
5666,3
5667,3
5668,3
5669,3
5670,3
5671,3
5672,3
5673,3
5674,3
5675,3
5676,3
5677,3
5678,3
5679,3
5680,3
5681,3
5682,3
5683,3
5684,3
5685,3
5686,3
5687,3
5688,3
5689,3
5690,3
5691,3
5692,3
5693,3
5694,3
5695,3
5696,3
5697,3
5698,3
5699,3
5700,3
5701,3
5702,3
5703,3
5704,3
5705,3
5706,3
5707,3
5708,3
5709,3
5710,3
5711,3
5712,3
5713,3
5714,3
5715,3
5716,3
5717,3
5718,3
5719,3
5720,3
5721,3
5722,3
5723,3
5724,3
5725,3
5726,3
5727,3
5728,3
5729,3
5730,3
5731,3
5732,3
5733,3
5734,3
5735,3
5736,3
5737,3
5738,3
5739,3
5740,3
5741,3
5742,3
5743,3
5744,3
5745,3
5746,3
5747,3
5748,3
5749,3
5750,3
5751,3
5752,3
5753,3
5754,3
5755,3
5756,3
5757,3
5758,3
5759,3
5760,3
5761,3
5762,3
5763,3
5764,3
5765,3
5766,3
5767,3
5768,3
5769,3
5770,3
5771,3
5772,3
5773,3
5774,3
5775,3
5776,3
5777,3
5778,3
5779,3
5780,3
5781,3
5782,3
5783,3
5784,3
5785,3
5786,3
5787,3
5788,3
5789,3
5790,3
5791,3
5792,3
5793,3
5794,3
5795,3
5796,3
5797,3
5798,3
5799,3
5800,3
5801,3
5802,3
5803,3
5804,3
5805,3
5806,3
5807,3
5808,3
5809,3
5810,3
5811,3
5812,3
5813,3
5814,3
5815,3
5816,3
5817,3
5818,3
5819,3
5820,3
5821,3
5822,3
5823,3
5824,3
5825,3
5826,3
5827,3
5828,3
5829,3
5830,3
5831,3
5832,3
5833,3
5834,3
5835,3
5836,3
5837,3
5838,3
5839,3
5840,3
5841,3
5842,3
5843,3
5844,3
5845,3
5846,3
5847,3
5848,3
5849,3
5850,3
5851,3
5852,3
5853,3
5854,3
5855,3
5856,3
5857,3
5858,3
5859,3
5860,3
5861,3
5862,3
5863,3
5864,3
5865,3
5866,3
5867,3
5868,3
5869,3
5870,3
5871,3
5872,3
5873,3
5874,3
5875,3
5876,3
5877,3
5878,3
5879,3
5880,3
5881,3
5882,3
5883,3
5884,3
5885,3
5886,3
5887,3
5888,3
5889,3
5890,3
5891,3
5892,3
5893,3
5894,3
5895,3
5896,3
5897,3
5898,3
5899,3
5900,3
5901,3
5902,3
5903,3
5904,3
5905,3
5906,3
5907,3
5908,0
5909,0
5910,0
5911,0
5912,0
5913,0
5914,0
5915,0
5916,0
5917,0
5918,0
5919,0
5920,0
5921,0
5922,0
5923,0
5924,0
5925,0
5926,0
5927,0
5928,0
5929,0
5930,0
5931,0
5932,0
5933,0
5934,0
5935,0
5936,0
5937,0
5938,0
5939,0
5940,0
5941,0
5942,0
5943,0
5944,0
5945,0
5946,0
5947,0
5948,0
5949,0
5950,0
5951,0
5952,0
5953,0
5954,0
5955,0
5956,0
5957,0
5958,0
5959,0
5960,0
5961,0
5962,0
5963,0
5964,0
5965,0
5966,0
5967,0
5968,0
5969,0
5970,0
5971,0
5972,0
5973,0
5974,0
5975,0
5976,0
5977,0
5978,0
5979,0
5980,0
5981,0
5982,0
5983,0
5984,0
5985,0
5986,0
5987,0
5988,0
5989,0
5990,0
5991,0
5992,0
5993,0
5994,0
5995,0
5996,0
5997,0
5998,0
5999,0
6000,0
6001,0
6002,0
6003,0
6004,1
6005,1
6006,1
6007,1
6008,1
6009,1
6010,1
6011,1
6012,1
6013,1
6014,1
6015,1
6016,1
6017,1
6018,1
6019,1
6020,1
6021,1
6022,1
6023,1
6024,1
6025,1
6026,1
6027,1
6028,1
6029,1
6030,1
6031,1
6032,1
6033,1
6034,1
6035,1
6036,1
6037,1
6038,1
6039,1
6040,1
6041,1
6042,1
6043,1
6044,1
6045,1
6046,1
6047,1
6048,1
6049,1
6050,1
6051,1
6052,1
6053,1
6054,1
6055,1
6056,1
6057,1
6058,1
6059,1
6060,1
6061,1
6062,1
6063,1
6064,1
6065,1
6066,1
6067,1
6068,1
6069,1
6070,1
6071,1
6072,1
6073,1
6074,1
6075,1
6076,1
6077,1
6078,1
6079,1
6080,1
6081,1
6082,1
6083,1
6084,1
6085,1
6086,1
6087,1
6088,1
6089,1
6090,1
6091,1
6092,1
6093,1
6094,1
6095,1
6096,1
6097,1
6098,1
6099,1
6100,1
6101,1
6102,1
6103,1
6104,1
6105,1
6106,1
6107,1
6108,1
6109,1
6110,1
6111,1
6112,1
6113,1
6114,1
6115,1
6116,1
6117,1
6118,1
6119,1
6120,1
6121,1
6122,1
6123,1
6124,1
6125,1
6126,1
6127,1
6128,1
6129,1
6130,1
6131,1
6132,1
6133,1
6134,1
6135,1
6136,1
6137,1
6138,1
6139,1
6140,1
6141,1
6142,1
6143,1
6144,1
6145,1
6146,1
6147,1
6148,1
6149,1
6150,1
6151,1
6152,1
6153,1
6154,1
6155,1
6156,1
6157,1
6158,1
6159,1
6160,1
6161,1
6162,1
6163,1
6164,1
6165,1
6166,1
6167,1
6168,1
6169,1
6170,1
6171,1
6172,1
6173,1
6174,1
6175,1
6176,1
6177,1
6178,1
6179,1
6180,1
6181,1
6182,1
6183,1
6184,1
6185,1
6186,1
6187,1
6188,1
6189,1
6190,1
6191,1
6192,1
6193,1
6194,1
6195,1
6196,1
6197,1
6198,1
6199,1
6200,1
6201,1
6202,1
6203,1
6204,1
6205,1
6206,1
6207,1
6208,1
6209,1
6210,1
6211,1
6212,1
6213,1
6214,1
6215,1
6216,1
6217,1
6218,1
6219,1
6220,1
6221,1
6222,1
6223,1
6224,1
6225,1
6226,1
6227,1
6228,1
6229,1
6230,1
6231,1
6232,1
6233,1
6234,1
6235,1
6236,1
6237,1
6238,1
6239,1
6240,1
6241,1
6242,1
6243,1
6244,1
6245,1
6246,1
6247,1
6248,1
6249,1
6250,1
6251,1
6252,1
6253,1
6254,1
6255,1
6256,1
6257,1
6258,1
6259,1
6260,1
6261,1
6262,1
6263,1
6264,1
6265,1
6266,1
6267,1
6268,1
6269,1
6270,1
6271,1
6272,1
6273,1
6274,1
6275,1
6276,1
6277,1
6278,1
6279,1
6280,1
6281,1
6282,1
6283,1
6284,1
6285,1
6286,1
6287,1
6288,1
6289,1
6290,1
6291,1
6292,1
6293,1
6294,1
6295,1
6296,1
6297,1
6298,1
6299,1
6300,1
6301,1
6302,1
6303,1
6304,1
6305,1
6306,1
6307,1
6308,1
6309,1
6310,1
6311,1
6312,1
6313,1
6314,1
6315,1
6316,1
6317,1
6318,1
6319,1
6320,1
6321,1
6322,1
6323,1
6324,1
6325,1
6326,1
6327,1
6328,1
6329,1
6330,1
6331,1
6332,1
6333,1
6334,1
6335,1
6336,1
6337,1
6338,1
6339,1
6340,1
6341,1
6342,1
6343,1
6344,1
6345,1
6346,1
6347,1
6348,1
6349,1
6350,1
6351,1
6352,1
6353,1
6354,1
6355,1
6356,1
6357,1
6358,1
6359,1
6360,1
6361,1
6362,1
6363,1
6364,1
6365,1
6366,1
6367,1
6368,1
6369,1
6370,1
6371,1
6372,1
6373,1
6374,1
6375,1
6376,1
6377,1
6378,1
6379,1
6380,1
6381,1
6382,1
6383,1
6384,1
6385,1
6386,1
6387,1
6388,1
6389,1
6390,1
6391,1
6392,1
6393,1
6394,1
6395,1
6396,1
6397,1
6398,1
6399,1
6400,1
6401,1
6402,1
6403,1
6404,1
6405,1
6406,1
6407,1
6408,1
6409,1
6410,1
6411,1
6412,1
6413,1
6414,1
6415,1
6416,1
6417,1
6418,1
6419,1
6420,1
6421,1
6422,1
6423,1
6424,1
6425,1
6426,1
6427,1
6428,1
6429,1
6430,1
6431,1
6432,1
6433,1
6434,1
6435,1
6436,1
6437,1
6438,1
6439,1
6440,1
6441,1
6442,1
6443,1
6444,1
6445,1
6446,1
6447,1
6448,1
6449,1
6450,1
6451,1
6452,1
6453,1
6454,1
6455,1
6456,1
6457,1
6458,1
6459,1
6460,1
6461,1
6462,1
6463,1
6464,1
6465,1
6466,1
6467,1
6468,1
6469,1
6470,1
6471,1
6472,1
6473,1
6474,1
6475,1
6476,1
6477,1
6478,1
6479,1
6480,1
6481,1
6482,1
6483,1
6484,1
6485,1
6486,1
6487,1
6488,1
6489,1
6490,1
6491,1
6492,1
6493,1
6494,1
6495,1
6496,1
6497,1
6498,1
6499,1
6500,1
6501,1
6502,1
6503,1
6504,1
6505,1
6506,1
6507,1
6508,1
6509,1
6510,1
6511,1
6512,1
6513,1
6514,1
6515,1
6516,1
6517,1
6518,1
6519,1
6520,1
6521,1
6522,1
6523,1
6524,1
6525,1
6526,1
6527,1
6528,1
6529,1
6530,1
6531,1
6532,1
6533,1
6534,1
6535,1
6536,1
6537,1
6538,1
6539,1
6540,1
6541,1
6542,1
6543,1
6544,1
6545,1
6546,1
6547,1
6548,1
6549,1
6550,1
6551,1
6552,1
6553,1
6554,1
6555,1
6556,1
6557,1
6558,1
6559,1
6560,1
6561,1
6562,1
6563,1
6564,1
6565,1
6566,1
6567,1
6568,1
6569,1
6570,1
6571,1
6572,1
6573,1
6574,1
6575,1
6576,1
6577,1
6578,1
6579,1
6580,1
6581,1
6582,1
6583,1
6584,1
6585,1
6586,1
6587,1
6588,1
6589,1
6590,1
6591,1
6592,1
6593,1
6594,1
6595,1
6596,1
6597,1
6598,1
6599,1
6600,1
6601,1
6602,1
6603,1
6604,1
6605,1
6606,1
6607,1
6608,1
6609,1
6610,1
6611,1
6612,1
6613,1
6614,1
6615,1
6616,1
6617,1
6618,1
6619,1
6620,1
6621,1
6622,1
6623,1
6624,1
6625,1
6626,1
6627,1
6628,1
6629,1
6630,1
6631,1
6632,1
6633,1
6634,1
6635,1
6636,1
6637,1
6638,1
6639,1
6640,1
6641,1
6642,1
6643,1
6644,1
6645,1
6646,1
6647,1
6648,1
6649,1
6650,1
6651,1
6652,1
6653,1
6654,1
6655,1
6656,1
6657,1
6658,1
6659,1
6660,1
6661,1
6662,1
6663,1
6664,1
6665,1
6666,1
6667,1
6668,1
6669,1
6670,1
6671,1
6672,1
6673,1
6674,1
6675,1
6676,1
6677,1
6678,1
6679,1
6680,1
6681,1
6682,1
6683,1
6684,1
6685,1
6686,1
6687,1
6688,1
6689,1
6690,1
6691,1
6692,1
6693,1
6694,1
6695,1
6696,1
6697,1
6698,1
6699,1
6700,1
6701,1
6702,1
6703,1
6704,1
6705,1
6706,1
6707,1
6708,1
6709,1
6710,1
6711,1
6712,1
6713,1
6714,1
6715,1
6716,1
6717,1
6718,1
6719,1
6720,1
6721,1
6722,1
6723,1
6724,1
6725,1
6726,1
6727,1
6728,1
6729,1
6730,1
6731,1
6732,1
6733,1
6734,1
6735,1
6736,1
6737,1
6738,1
6739,1
6740,1
6741,1
6742,1
6743,1
6744,1
6745,1
6746,1
6747,1
6748,1
6749,1
6750,1
6751,1
6752,1
6753,1
6754,1
6755,1
6756,1
6757,1
6758,1
6759,1
6760,1
6761,1
6762,1
6763,1
6764,1
6765,1
6766,1
6767,1
6768,1
6769,1
6770,1
6771,1
6772,1
6773,1
6774,1
6775,1
6776,1
6777,1
6778,1
6779,1
6780,1
6781,1
6782,1
6783,1
6784,1
6785,1
6786,1
6787,1
6788,1
6789,1
6790,1
6791,1
6792,1
6793,1
6794,1
6795,1
6796,1
6797,1
6798,1
6799,1
6800,1
6801,1
6802,1
6803,1
6804,1
6805,1
6806,1
6807,1
6808,1
6809,1
6810,1
6811,1
6812,1
6813,1
6814,1
6815,1
6816,1
6817,1
6818,1
6819,1
6820,1
6821,1
6822,1
6823,1
6824,1
6825,1
6826,1
6827,1
6828,1
6829,1
6830,1
6831,1
6832,1
6833,1
6834,1
6835,1
6836,1
6837,1
6838,1
6839,1
6840,1
6841,1
6842,1
6843,1
6844,1
6845,1
6846,1
6847,1
6848,1
6849,1
6850,1
6851,1
6852,1
6853,1
6854,1
6855,1
6856,1
6857,1
6858,1
6859,1
6860,1
6861,1
6862,1
6863,1
6864,1
6865,1
6866,1
6867,1
6868,1
6869,1
6870,1
6871,1
6872,1
6873,1
6874,1
6875,1
6876,1
6877,1
6878,1
6879,1
6880,1
6881,1
6882,1
6883,1
6884,1
6885,1
6886,1
6887,1
6888,1
6889,1
6890,1
6891,1
6892,1
6893,1
6894,1
6895,1
6896,1
6897,1
6898,1
6899,1
6900,1
6901,1
6902,1
6903,1
6904,1
6905,1
6906,1
6907,1
6908,1
6909,1
6910,1
6911,1
6912,1
6913,1
6914,1
6915,1
6916,1
6917,1
6918,1
6919,1
6920,1
6921,1
6922,1
6923,1
6924,1
6925,1
6926,1
6927,1
6928,1
6929,1
6930,1
6931,1
6932,1
6933,1
6934,1
6935,1
6936,1
6937,1
6938,1
6939,1
6940,1
6941,1
6942,1
6943,1
6944,1
6945,1
6946,1
6947,1
6948,1
6949,1
6950,1
6951,1
6952,1
6953,1
6954,1
6955,1
6956,1
6957,1
6958,1
6959,1
6960,1
6961,1
6962,1
6963,1
6964,1
6965,1
6966,1
6967,1
6968,1
6969,1
6970,1
6971,1
6972,1
6973,1
6974,1
6975,1
6976,1
6977,1
6978,1
6979,1
6980,1
6981,1
6982,1
6983,1
6984,1
6985,1
6986,1
6987,1
6988,1
6989,1
6990,1
6991,1
6992,1
6993,1
6994,1
6995,1
6996,1
6997,1
6998,1
6999,1
7000,1
7001,1
7002,1
7003,1
7004,1
7005,1
7006,1
7007,1
7008,1
7009,1
7010,1
7011,1
7012,1
7013,1
7014,1
7015,1
7016,1
7017,1
7018,1
7019,1
7020,1
7021,1
7022,1
7023,1
7024,1
7025,1
7026,1
7027,1
7028,1
7029,1
7030,1
7031,1
7032,1
7033,1
7034,1
7035,1
7036,1
7037,1
7038,1
7039,1
7040,1
7041,1
7042,1
7043,1
7044,1
7045,1
7046,1
7047,1
7048,1
7049,1
7050,1
7051,1
7052,1
7053,1
7054,1
7055,1
7056,1
7057,1
7058,1
7059,1
7060,1
7061,1
7062,1
7063,1
7064,1
7065,1
7066,1
7067,1
7068,1
7069,1
7070,1
7071,1
7072,1
7073,1
7074,1
7075,1
7076,1
7077,1
7078,1
7079,1
7080,1
7081,1
7082,1
7083,1
7084,1
7085,1
7086,1
7087,1
7088,1
7089,1
7090,1
7091,1
7092,1
7093,1
7094,1
7095,1
7096,1
7097,1
7098,1
7099,1
7100,1
7101,1
7102,1
7103,1
7104,1
7105,1
7106,1
7107,1
7108,1
7109,1
7110,1
7111,2
7112,2
7113,2
7114,2
7115,2
7116,2
7117,2
7118,2
7119,2
7120,2
7121,2
7122,2
7123,2
7124,2
7125,2
7126,2
7127,2
7128,2
7129,2
7130,2
7131,2
7132,2
7133,2
7134,2
7135,2
7136,2
7137,2
7138,2
7139,2
7140,2
7141,2
7142,2
7143,2
7144,2
7145,2
7146,2
7147,2
7148,2
7149,2
7150,2
7151,2
7152,2
7153,2
7154,2
7155,2
7156,2
7157,2
7158,2
7159,2
7160,2
7161,2
7162,2
7163,2
7164,2
7165,2
7166,2
7167,2
7168,2
7169,2
7170,2
7171,2
7172,2
7173,2
7174,2
7175,2
7176,2
7177,2
7178,2
7179,2
7180,2
7181,2
7182,2
7183,2
7184,2
7185,2
7186,2
7187,2
7188,2
7189,2
7190,2
7191,2
7192,2
7193,2
7194,2
7195,2
7196,2
7197,2
7198,2
7199,2
7200,2
7201,2
7202,2
7203,2
7204,2
7205,2
7206,2
7207,2
7208,2
7209,2
7210,2
7211,2
7212,2
7213,2
7214,2
7215,2
7216,2
7217,2
7218,2
7219,2
7220,2
7221,2
7222,2
7223,2
7224,2
7225,2
7226,2
7227,2
7228,2
7229,2
7230,2
7231,2
7232,2
7233,2
7234,2
7235,2
7236,2
7237,2
7238,2
7239,2
7240,2
7241,2
7242,2
7243,2
7244,2
7245,2
7246,2
7247,2
7248,2
7249,2
7250,2
7251,2
7252,2
7253,2
7254,2
7255,2
7256,2
7257,2
7258,2
7259,2
7260,2
7261,2
7262,2
7263,2
7264,2
7265,2
7266,2
7267,2
7268,2
7269,2
7270,2
7271,2
7272,2
7273,2
7274,2
7275,2
7276,2
7277,2
7278,2
7279,2
7280,2
7281,2
7282,2
7283,2
7284,2
7285,2
7286,2
7287,2
7288,2
7289,2
7290,2
7291,2
7292,2
7293,2
7294,2
7295,2
7296,2
7297,2
7298,2
7299,2
7300,2
7301,2
7302,2
7303,2
7304,2
7305,2
7306,2
7307,2
7308,2
7309,2
7310,2
7311,2
7312,2
7313,2
7314,2
7315,2
7316,2
7317,2
7318,2
7319,2
7320,2
7321,2
7322,2
7323,2
7324,2
7325,2
7326,2
7327,2
7328,2
7329,2
7330,2
7331,2
7332,2
7333,2
7334,2
7335,2
7336,2
7337,2
7338,2
7339,2
7340,2
7341,2
7342,2
7343,2
7344,2
7345,2
7346,2
7347,2
7348,2
7349,2
7350,2
7351,2
7352,2
7353,2
7354,2
7355,2
7356,2
7357,2
7358,2
7359,2
7360,2
7361,2
7362,2
7363,2
7364,2
7365,2
7366,2
7367,2
7368,2
7369,2
7370,2
7371,2
7372,2
7373,2
7374,2
7375,2
7376,2
7377,2
7378,2
7379,2
7380,2
7381,2
7382,2
7383,2
7384,2
7385,2
7386,2
7387,2
7388,2
7389,2
7390,2
7391,2
7392,2
7393,2
7394,2
7395,2
7396,2
7397,2
7398,2
7399,2
7400,2
7401,2
7402,2
7403,2
7404,2
7405,2
7406,2
7407,2
7408,2
7409,2
7410,2
7411,2
7412,2
7413,2
7414,2
7415,2
7416,2
7417,2
7418,2
7419,2
7420,2
7421,2
7422,2
7423,2
7424,2
7425,2
7426,2
7427,2
7428,2
7429,2
7430,2
7431,2
7432,2
7433,2
7434,2
7435,2
7436,2
7437,2
7438,2
7439,2
7440,2
7441,2
7442,2
7443,2
7444,2
7445,2
7446,2
7447,2
7448,2
7449,2
7450,2
7451,2
7452,2
7453,2
7454,2
7455,2
7456,2
7457,2
7458,2
7459,2
7460,2
7461,2
7462,2
7463,2
7464,2
7465,2
7466,2
7467,2
7468,2
7469,2
7470,2
7471,2
7472,2
7473,2
7474,2
7475,2
7476,2
7477,2
7478,2
7479,2
7480,2
7481,2
7482,2
7483,2
7484,2
7485,2
7486,2
7487,2
7488,2
7489,2
7490,2
7491,2
7492,2
7493,2
7494,2
7495,2
7496,2
7497,2
7498,2
7499,2
7500,2
7501,2
7502,2
7503,2
7504,2
7505,2
7506,2
7507,2
7508,2
7509,2
7510,2
7511,2
7512,2
7513,2
7514,2
7515,2
7516,2
7517,2
7518,2
7519,2
7520,2
7521,2
7522,2
7523,2
7524,2
7525,2
7526,2
7527,2
7528,2
7529,2
7530,2
7531,2
7532,2
7533,2
7534,2
7535,2
7536,2
7537,2
7538,2
7539,2
7540,2
7541,2
7542,2
7543,2
7544,2
7545,2
7546,2
7547,2
7548,2
7549,2
7550,2
7551,2
7552,2
7553,2
7554,2
7555,2
7556,2
7557,2
7558,2
7559,2
7560,2
7561,2
7562,2
7563,2
7564,2
7565,2
7566,2
7567,2
7568,2
7569,2
7570,2
7571,2
7572,2
7573,2
7574,2
7575,2
7576,2
7577,2
7578,2
7579,2
7580,2
7581,2
7582,2
7583,2
7584,2
7585,2
7586,2
7587,2
7588,2
7589,2
7590,2
7591,2
7592,2
7593,2
7594,2
7595,2
7596,2
7597,2
7598,2
7599,2
7600,2
7601,2
7602,2
7603,2
7604,2
7605,2
7606,2
7607,2
7608,2
7609,2
7610,2
7611,2
7612,2
7613,2
7614,2
7615,2
7616,2
7617,2
7618,2
7619,2
7620,2
7621,2
7622,2
7623,2
7624,2
7625,2
7626,2
7627,2
7628,2
7629,2
7630,2
7631,2
7632,2
7633,2
7634,2
7635,2
7636,2
7637,2
7638,2
7639,2
7640,2
7641,2
7642,2
7643,2
7644,2
7645,2
7646,2
7647,2
7648,2
7649,2
7650,2
7651,2
7652,2
7653,2
7654,2
7655,2
7656,2
7657,2
7658,2
7659,2
7660,2
7661,2
7662,2
7663,2
7664,2
7665,2
7666,2
7667,2
7668,2
7669,2
7670,2
7671,2
7672,2
7673,2
7674,2
7675,2
7676,2
7677,2
7678,2
7679,2
7680,2
7681,2
7682,2
7683,2
7684,2
7685,2
7686,2
7687,2
7688,2
7689,2
7690,2
7691,2
7692,2
7693,2
7694,2
7695,2
7696,2
7697,2
7698,2
7699,2
7700,2
7701,2
7702,2
7703,2
7704,2
7705,2
7706,2
7707,2
7708,2
7709,2
7710,2
7711,2
7712,2
7713,2
7714,2
7715,2
7716,2
7717,2
7718,2
7719,2
7720,2
7721,2
7722,2
7723,2
7724,2
7725,2
7726,2
7727,2
7728,2
7729,2
7730,2
7731,2
7732,2
7733,2
7734,2
7735,2
7736,2
7737,2
7738,2
7739,2
7740,2
7741,2
7742,2
7743,2
7744,2
7745,2
7746,2
7747,2
7748,2
7749,2
7750,2
7751,2
7752,2
7753,2
7754,2
7755,2
7756,2
7757,2
7758,2
7759,2
7760,2
7761,2
7762,2
7763,2
7764,2
7765,2
7766,2
7767,2
7768,2
7769,2
7770,2
7771,2
7772,2
7773,2
7774,2
7775,2
7776,2
7777,2
7778,2
7779,2
7780,2
7781,2
7782,2
7783,2
7784,2
7785,2
7786,2
7787,2
7788,2
7789,2
7790,2
7791,2
7792,2
7793,2
7794,2
7795,2
7796,2
7797,2
7798,2
7799,2
7800,2
7801,2
7802,2
7803,2
7804,2
7805,2
7806,2
7807,2
7808,2
7809,2
7810,2
7811,2
7812,2
7813,2
7814,2
7815,2
7816,2
7817,2
7818,2
7819,2
7820,2
7821,2
7822,2
7823,2
7824,2
7825,2
7826,2
7827,2
7828,2
7829,2
7830,2
7831,2
7832,2
7833,2
7834,2
7835,2
7836,2
7837,2
7838,2
7839,2
7840,2
7841,2
7842,2
7843,2
7844,2
7845,2
7846,2
7847,2
7848,2
7849,2
7850,2
7851,2
7852,2
7853,2
7854,2
7855,2
7856,2
7857,2
7858,2
7859,2
7860,2
7861,2
7862,2
7863,2
7864,2
7865,2
7866,2
7867,2
7868,2
7869,2
7870,2
7871,2
7872,2
7873,2
7874,2
7875,2
7876,2
7877,2
7878,2
7879,2
7880,2
7881,2
7882,2
7883,2
7884,2
7885,2
7886,2
7887,2
7888,2
7889,2
7890,2
7891,2
7892,2
7893,2
7894,2
7895,2
7896,2
7897,2
7898,2
7899,2
7900,2
7901,2
7902,2
7903,2
7904,2
7905,2
7906,2
7907,2
7908,2
7909,2
7910,2
7911,2
7912,2
7913,2
7914,2
7915,2
7916,2
7917,2
7918,2
7919,2
7920,2
7921,2
7922,2
7923,2
7924,2
7925,2
7926,2
7927,2
7928,2
7929,2
7930,2
7931,2
7932,2
7933,2
7934,2
7935,2
7936,2
7937,2
7938,2
7939,2
7940,2
7941,2
7942,2
7943,2
7944,2
7945,2
7946,2
7947,2
7948,2
7949,2
7950,2
7951,2
7952,2
7953,2
7954,2
7955,2
7956,2
7957,2
7958,2
7959,2
7960,2
7961,2
7962,2
7963,2
7964,2
7965,2
7966,2
7967,2
7968,2
7969,2
7970,2
7971,2
7972,2
7973,2
7974,2
7975,2
7976,2
7977,2
7978,2
7979,2
7980,2
7981,2
7982,2
7983,2
7984,2
7985,2
7986,2
7987,2
7988,2
7989,2
7990,2
7991,2
7992,2
7993,2
7994,2
7995,2
7996,2
7997,2
7998,2
7999,2
8000,2
8001,2
8002,2
8003,2
8004,2
8005,2
8006,2
8007,2
8008,2
8009,2
8010,2
8011,2
8012,2
8013,2
8014,2
8015,2
8016,2
8017,2
8018,2
8019,2
8020,2
8021,2
8022,2
8023,2
8024,2
8025,2
8026,2
8027,2
8028,2
8029,2
8030,2
8031,2
8032,2
8033,2
8034,2
8035,2
8036,2
8037,2
8038,2
8039,2
8040,2
8041,2
8042,2
8043,2
8044,2
8045,2
8046,2
8047,2
8048,2
8049,2
8050,2
8051,2
8052,2
8053,2
8054,2
8055,2
8056,2
8057,2
8058,2
8059,2
8060,2
8061,2
8062,2
8063,2
8064,2
8065,2
8066,2
8067,2
8068,2
8069,2
8070,2
8071,2
8072,2
8073,2
8074,2
8075,2
8076,2
8077,2
8078,2
8079,2
8080,2
8081,2
8082,2
8083,2
8084,2
8085,2
8086,2
8087,2
8088,2
8089,2
8090,2
8091,2
8092,2
8093,2
8094,2
8095,2
8096,2
8097,2
8098,2
8099,2
8100,2
8101,2
8102,2
8103,2
8104,2
8105,2
8106,2
8107,2
8108,2
8109,2
8110,2
8111,2
8112,2
8113,2
8114,2
8115,2
8116,2
8117,2
8118,2
8119,2
8120,2
8121,2
8122,2
8123,2
8124,2
8125,2
8126,2
8127,2
8128,2
8129,2
8130,2
8131,2
8132,2
8133,2
8134,2
8135,2
8136,2
8137,2
8138,2
8139,2
8140,2
8141,2
8142,2
8143,2
8144,2
8145,2
8146,2
8147,2
8148,2
8149,2
8150,2
8151,2
8152,2
8153,2
8154,2
8155,2
8156,2
8157,2
8158,2
8159,2
8160,2
8161,2
8162,2
8163,2
8164,2
8165,2
8166,2
8167,2
8168,2
8169,2
8170,2
8171,2
8172,2
8173,2
8174,2
8175,2
8176,2
8177,2
8178,2
8179,2
8180,2
8181,2
8182,2
8183,2
8184,2
8185,2
8186,2
8187,2
8188,2
8189,2
8190,2
8191,2
8192,2
8193,2
8194,2
8195,2
8196,2
8197,2
8198,2
8199,2
8200,2
8201,2
8202,2
8203,2
8204,2
8205,2
8206,2
8207,2
8208,2
8209,2
8210,2
8211,2
8212,2
8213,2
8214,2
8215,2
8216,2
8217,2
8218,2
8219,2
8220,2
8221,2
8222,2
8223,2
8224,2
8225,2
8226,2
8227,2
8228,2
8229,2
8230,2
8231,2
8232,2
8233,2
8234,2
8235,2
8236,2
8237,2
8238,2
8239,2
8240,2
8241,2
8242,2
8243,2
8244,2
8245,2
8246,2
8247,2
8248,2
8249,2
8250,2
8251,2
8252,2
8253,2
8254,2
8255,2
8256,2
8257,2
8258,2
8259,2
8260,2
8261,2
8262,2
8263,2
8264,2
8265,2
8266,2
8267,2
8268,2
8269,2
8270,2
8271,2
8272,2
8273,2
8274,2
8275,2
8276,2
8277,2
8278,2
8279,2
8280,2
8281,2
8282,2
8283,2
8284,2
8285,2
8286,2
8287,2
8288,2
8289,2
8290,2
8291,2
8292,2
8293,2
8294,2
8295,2
8296,2
8297,2
8298,2
8299,2
8300,2
8301,2
8302,2
8303,2
8304,2
8305,2
8306,2
8307,2
8308,2
8309,2
8310,2
8311,2
8312,2
8313,2
8314,2
8315,2
8316,2
8317,2
8318,2
8319,2
8320,2
8321,2
8322,2
8323,2
8324,2
8325,2
8326,2
8327,2
8328,2
8329,2
8330,2
8331,2
8332,2
8333,2
8334,2
8335,2
8336,2
8337,2
8338,2
8339,2
8340,2
8341,2
8342,2
8343,2
8344,2
8345,0
8346,0
8347,0
8348,0
8349,0
8350,0
8351,0
8352,0
8353,0
8354,0
8355,0
8356,0
8357,0
8358,0
8359,0
8360,0
8361,0
8362,0
8363,0
8364,0
8365,0
8366,0
8367,0
8368,0
8369,0
8370,0
8371,0
8372,0
8373,0
8374,0
8375,0
8376,0
8377,0
8378,0
8379,0
8380,0
8381,0
8382,0
8383,0
8384,0
8385,0
8386,0
8387,0
8388,0
8389,0
8390,0
8391,0
8392,0
8393,0
8394,0
8395,0
8396,0
8397,0
8398,0
8399,0
8400,0
8401,0
8402,0
8403,0
8404,0
8405,0
8406,0
8407,0
8408,0
8409,0
8410,0
8411,0
8412,0
8413,0
8414,0
8415,0
8416,0
8417,0
8418,0
8419,0
8420,0
8421,0
8422,0
8423,0
8424,0
8425,0
8426,0
8427,0
8428,0
8429,0
8430,0
8431,0
8432,0
8433,0
8434,0
8435,0
8436,0
8437,0
8438,0
8439,0
8440,0
8441,0
8442,0
8443,0
8444,0
8445,0
8446,0
8447,0
8448,0
8449,0
8450,0
8451,0
8452,0
8453,0
8454,0
8455,0
8456,0
8457,0
8458,0
8459,0
8460,0
8461,0
8462,0
8463,0
8464,0
8465,0
8466,0
8467,0
8468,0
8469,0
8470,0
8471,0
8472,0
8473,0
8474,0
8475,0
8476,0
8477,0
8478,0
8479,0
8480,0
8481,0
8482,0
8483,0
8484,0
8485,0
8486,0
8487,0
8488,0
8489,0
8490,0
8491,0
8492,0
8493,0
8494,0
8495,0
8496,0
8497,0
8498,0
8499,0
8500,0
8501,0
8502,0
8503,0
8504,0
8505,0
8506,0
8507,0
8508,0
8509,0
8510,0
8511,0
8512,0
8513,0
8514,0
8515,0
8516,0
8517,0
8518,0
8519,0
8520,0
8521,0
8522,0
8523,0
8524,0
8525,0
8526,0
8527,0
8528,0
8529,0
8530,0
8531,0
8532,0
8533,0
8534,0
8535,0
8536,0
8537,0
8538,0
8539,0
8540,0
8541,0
8542,0
8543,0
8544,0
8545,0
8546,0
8547,0
8548,0
8549,0
8550,0
8551,0
8552,3
8553,3
8554,3
8555,3
8556,3
8557,3
8558,3
8559,3
8560,3
8561,3
8562,3
8563,3
8564,3
8565,3
8566,3
8567,3
8568,3
8569,3
8570,3
8571,3
8572,3
8573,3
8574,3
8575,3
8576,3
8577,3
8578,3
8579,3
8580,3
8581,3
8582,3
8583,3
8584,3
8585,3
8586,3
8587,3
8588,3
8589,3
8590,3
8591,3
8592,3
8593,3
8594,3
8595,3
8596,3
8597,3
8598,3
8599,3
8600,3
8601,3
8602,3
8603,3
8604,3
8605,3
8606,3
8607,3
8608,3
8609,3
8610,3
8611,3
8612,3
8613,3
8614,3
8615,3
8616,3
8617,3
8618,3
8619,3
8620,3
8621,3
8622,3
8623,3
8624,3
8625,3
8626,3
8627,3
8628,3
8629,3
8630,3
8631,3
8632,3
8633,3
8634,3
8635,3
8636,3
8637,3
8638,3
8639,3
8640,3
8641,3
8642,3
8643,3
8644,3
8645,3
8646,3
8647,3
8648,3
8649,3
8650,3
8651,3
8652,3
8653,3
8654,3
8655,3
8656,3
8657,3
8658,3
8659,3
8660,3
8661,3
8662,3
8663,3
8664,3
8665,3
8666,3
8667,3
8668,3
8669,3
8670,3
8671,3
8672,3
8673,3
8674,3
8675,3
8676,3
8677,3
8678,3
8679,3
8680,3
8681,3
8682,3
8683,3
8684,3
8685,3
8686,3
8687,3
8688,3
8689,3
8690,3
8691,3
8692,3
8693,3
8694,3
8695,3
8696,3
8697,3
8698,3
8699,3
8700,3
8701,3
8702,3
8703,3
8704,3
8705,3
8706,3
8707,3
8708,3
8709,3
8710,3
8711,3
8712,3
8713,3
8714,3
8715,3
8716,3
8717,3
8718,3
8719,3
8720,3
8721,3
8722,3
8723,3
8724,3
8725,3
8726,3
8727,3
8728,3
8729,3
8730,3
8731,3
8732,3
8733,3
8734,3
8735,3
8736,3
8737,3
8738,3
8739,3
8740,3
8741,3
8742,3
8743,3
8744,3
8745,3
8746,3
8747,3
8748,3
8749,3
8750,3
8751,3
8752,3
8753,3
8754,3
8755,3
8756,3
8757,3
8758,3
8759,3
8760,3
8761,3
8762,3
8763,3
8764,3
8765,3
8766,3
8767,3
8768,3
8769,3
8770,3
8771,3
8772,3
8773,3
8774,3
8775,3
8776,3
8777,3
8778,3
8779,3
8780,3
8781,3
8782,3
8783,3
8784,3
8785,3
8786,3
8787,3
8788,3
8789,3
8790,3
8791,3
8792,3
8793,3
8794,3
8795,3
8796,3
8797,3
8798,3
8799,3
8800,3
8801,3
8802,3
8803,3
8804,3
8805,3
8806,3
8807,3
8808,3
8809,3
8810,3
8811,3
8812,3
8813,3
8814,3
8815,3
8816,3
8817,3
8818,3
8819,3
8820,3
8821,3
8822,3
8823,3
8824,3
8825,3
8826,3
8827,3
8828,3
8829,3
8830,3
8831,3
8832,3
8833,3
8834,3
8835,3
8836,3
8837,3
8838,3
8839,3
8840,3
8841,3
8842,3
8843,3
8844,3
8845,3
8846,3
8847,3
8848,3
8849,3
8850,3
8851,3
8852,3
8853,3
8854,3
8855,3
8856,3
8857,3
8858,3
8859,3
8860,3
8861,3
8862,3
8863,3
8864,3
8865,3
8866,3
8867,3
8868,3
8869,3
8870,3
8871,3
8872,3
8873,3
8874,3
8875,3
8876,3
8877,0
8878,0
8879,0
8880,0
8881,0
8882,0
8883,0
8884,0
8885,0
8886,0
8887,0
8888,0
8889,0
8890,0
8891,0
8892,0
8893,0
8894,0
8895,0
8896,0
8897,0
8898,0
8899,0
8900,0
8901,0
8902,0
8903,0
8904,0
8905,0
8906,0
8907,0
8908,0
8909,0
8910,0
8911,0
8912,0
8913,0
8914,0
8915,0
8916,0
8917,0
8918,0
8919,0
8920,0
8921,0
8922,0
8923,0
8924,0
8925,0
8926,0
8927,0
8928,0
8929,0
8930,0
8931,0
8932,0
8933,0
8934,0
8935,0
8936,0
8937,0
8938,0
8939,0
8940,0
8941,0
8942,0
8943,0
8944,0
8945,0
8946,0
8947,0
8948,0
8949,0
8950,0
8951,0
8952,0
8953,0
8954,0
8955,0
8956,0
8957,0
8958,0
8959,0
8960,0
8961,0
8962,0
8963,0
8964,0
8965,0
8966,0
8967,0
8968,0
8969,0
8970,0
8971,0
8972,0
8973,0
8974,0
8975,0
8976,0
8977,0
8978,0
8979,0
8980,0
8981,0
8982,0
8983,0
8984,0
8985,0
8986,0
8987,0
8988,0
8989,0
8990,0
8991,0
8992,0
8993,0
8994,0
8995,0
8996,0
8997,0
8998,0
8999,0
9000,0
9001,0
9002,0
9003,0
9004,0
9005,0
9006,0
9007,0
9008,0
9009,0
9010,0
9011,0
9012,0
9013,0
9014,0
9015,0
9016,0
9017,0
9018,0
9019,0
9020,0
9021,0
9022,0
9023,0
9024,0
9025,0
9026,0
9027,0
9028,0
9029,0
9030,0
9031,0
9032,0
9033,0
9034,0
9035,0
9036,0
9037,0
9038,0
9039,0
9040,0
9041,0
9042,0
9043,0
9044,0
9045,0
9046,0
9047,0
9048,0
9049,0
9050,0
9051,0
9052,0
9053,0
9054,0
9055,0
9056,0
9057,0
9058,0
9059,0
9060,0
9061,0
9062,0
9063,0
9064,0
9065,0
9066,0
9067,0
9068,0
9069,0
9070,0
9071,0
9072,0
9073,0
9074,0
9075,0
9076,0
9077,0
9078,0
9079,0
9080,0
9081,0
9082,0
9083,0
9084,0
9085,0
9086,0
9087,0
9088,0
9089,0
9090,0
9091,0
9092,0
9093,0
9094,0
9095,0
9096,0
9097,0
9098,0
9099,0
9100,0
9101,0
9102,0
9103,0
9104,0
9105,0
9106,0
9107,0
9108,0
9109,0
9110,0
9111,0
9112,0
9113,0
9114,0
9115,0
9116,0
9117,0
9118,0
9119,0
9120,0
9121,0
9122,0
9123,0
9124,0
9125,0
9126,0
9127,0
9128,0
9129,0
9130,0
9131,0
9132,0
9133,0
9134,0
9135,0
9136,0
9137,0
9138,0
9139,0
9140,0
9141,0
9142,0
9143,0
9144,0
9145,0
9146,0
9147,0
9148,0
9149,0
9150,0
9151,0
9152,0
9153,0
9154,0
9155,0
9156,0
9157,0
9158,0
9159,0
9160,0
9161,0
9162,0
9163,0
9164,0
9165,0
9166,0
9167,0
9168,0
9169,0
9170,0
9171,0
9172,0
9173,0
9174,0
9175,0
9176,0
9177,0
9178,0
9179,3
9180,3
9181,3
9182,3
9183,3
9184,3
9185,3
9186,3
9187,3
9188,3
9189,3
9190,3
9191,3
9192,3
9193,3
9194,3
9195,3
9196,3
9197,3
9198,3
9199,3
9200,3
9201,3
9202,3
9203,3
9204,3
9205,3
9206,3
9207,3
9208,3
9209,3
9210,3
9211,3
9212,3
9213,3
9214,3
9215,3
9216,3
9217,3
9218,3
9219,3
9220,3
9221,3
9222,3
9223,3
9224,3
9225,3
9226,3
9227,3
9228,3
9229,3
9230,3
9231,3
9232,3
9233,3
9234,3
9235,3
9236,3
9237,3
9238,3
9239,3
9240,3
9241,3
9242,3
9243,3
9244,3
9245,3
9246,3
9247,3
9248,3
9249,3
9250,3
9251,3
9252,3
9253,3
9254,3
9255,3
9256,3
9257,3
9258,3
9259,3
9260,3
9261,3
9262,3
9263,3
9264,3
9265,3
9266,3
9267,3
9268,3
9269,3
9270,3
9271,3
9272,3
9273,3
9274,3
9275,3
9276,3
9277,3
9278,3
9279,3
9280,3
9281,3
9282,3
9283,3
9284,3
9285,3
9286,3
9287,3
9288,3
9289,3
9290,3
9291,3
9292,3
9293,3
9294,3
9295,3
9296,3
9297,3
9298,3
9299,3
9300,3
9301,3
9302,3
9303,3
9304,3
9305,3
9306,3
9307,3
9308,3
9309,3
9310,3
9311,3
9312,3
9313,3
9314,3
9315,3
9316,3
9317,3
9318,3
9319,3
9320,3
9321,3
9322,3
9323,3
9324,3
9325,3
9326,3
9327,3
9328,3
9329,3
9330,3
9331,3
9332,3
9333,3
9334,3
9335,3
9336,3
9337,3
9338,3
9339,3
9340,3
9341,3
9342,3
9343,3
9344,3
9345,3
9346,3
9347,3
9348,3
9349,3
9350,3
9351,3
9352,3
9353,3
9354,3
9355,3
9356,3
9357,3
9358,3
9359,3
9360,3
9361,3
9362,3
9363,3
9364,3
9365,3
9366,3
9367,3
9368,3
9369,3
9370,3
9371,3
9372,3
9373,3
9374,3
9375,3
9376,3
9377,3
9378,3
9379,3
9380,3
9381,3
9382,3
9383,3
9384,3
9385,3
9386,3
9387,3
9388,3
9389,3
9390,3
9391,3
9392,3
9393,3
9394,3
9395,3
9396,3
9397,3
9398,3
9399,3
9400,3
9401,3
9402,3
9403,3
9404,3
9405,3
9406,3
9407,3
9408,3
9409,3
9410,3
9411,3
9412,3
9413,3
9414,3
9415,3
9416,3
9417,3
9418,3
9419,3
9420,3
9421,3
9422,3
9423,3
9424,3
9425,3
9426,3
9427,3
9428,3
9429,3
9430,3
9431,3
9432,3
9433,3
9434,3
9435,3
9436,3
9437,3
9438,3
9439,3
9440,3
9441,3
9442,3
9443,3
9444,3
9445,3
9446,3
9447,3
9448,3
9449,3
9450,3
9451,3
9452,3
9453,3
9454,3
9455,3
9456,3
9457,3
9458,3
9459,3
9460,3
9461,3
9462,3
9463,3
9464,3
9465,3
9466,3
9467,3
9468,3
9469,3
9470,3
9471,3
9472,3
9473,3
9474,3
9475,0
9476,0
9477,0
9478,0
9479,0
9480,0
9481,0
9482,0
9483,0
9484,0
9485,0
9486,0
9487,0
9488,0
9489,0
9490,0
9491,0
9492,0
9493,0
9494,0
9495,0
9496,0
9497,0
9498,0
9499,0
9500,0
9501,0
9502,0
9503,0
9504,0
9505,0
9506,0
9507,0
9508,0
9509,0
9510,0
9511,0
9512,0
9513,0
9514,0
9515,0
9516,0
9517,0
9518,0
9519,0
9520,0
9521,0
9522,0
9523,0
9524,0
9525,0
9526,0
9527,0
9528,0
9529,0
9530,0
9531,0
9532,0
9533,0
9534,0
9535,0
9536,0
9537,0
9538,0
9539,0
9540,0
9541,0
9542,0
9543,0
9544,0
9545,0
9546,0
9547,0
9548,0
9549,0
9550,0
9551,0
9552,0
9553,0
9554,0
9555,0
9556,0
9557,0
9558,0
9559,0
9560,0
9561,0
9562,0
9563,0
9564,0
9565,0
9566,0
9567,0
9568,0
9569,0
9570,0
9571,0
9572,0
9573,0
9574,0
9575,0
9576,0
9577,0
9578,0
9579,0
9580,0
9581,0
9582,0
9583,0
9584,0
9585,0
9586,0
9587,0
9588,0
9589,0
9590,0
9591,0
9592,0
9593,0
9594,0
9595,0
9596,0
9597,0
9598,0
9599,0
9600,0
9601,0
9602,0
9603,0
9604,0
9605,0
9606,0
9607,0
9608,0
9609,0
9610,0
9611,0
9612,0
9613,0
9614,0
9615,0
9616,0
9617,0
9618,0
9619,0
9620,0
9621,0
9622,0
9623,0
9624,0
9625,0
9626,0
9627,0
9628,0
9629,0
9630,0
9631,0
9632,0
9633,0
9634,0
9635,0
9636,0
9637,0
9638,0
9639,0
9640,0
9641,0
9642,0
9643,0
9644,0
9645,0
9646,0
9647,0
9648,0
9649,0
9650,0
9651,0
9652,0
9653,0
9654,0
9655,0
9656,0
9657,0
9658,0
9659,0
9660,0
9661,0
9662,0
9663,0
9664,0
9665,0
9666,0
9667,0
9668,0
9669,0
9670,0
9671,0
9672,0
9673,0
9674,0
9675,0
9676,0
9677,0
9678,0
9679,0
9680,0
9681,0
9682,0
9683,0
9684,0
9685,0
9686,0
9687,0
9688,0
9689,0
9690,0
9691,0
9692,0
9693,0
9694,0
9695,0
9696,0
9697,0
9698,0
9699,0
9700,0
9701,0
9702,0
9703,0
9704,0
9705,0
9706,0
9707,0
9708,0
9709,0
9710,0
9711,0
9712,0
9713,0
9714,0
9715,0
9716,0
9717,0
9718,0
9719,0
9720,0
9721,0
9722,0
9723,0
9724,0
9725,0
9726,0
9727,0
9728,0
9729,0
9730,0
9731,0
9732,0
9733,0
9734,0
9735,0
9736,0
9737,0
9738,0
9739,0
9740,0
9741,0
9742,0
9743,0
9744,0
9745,0
9746,0
9747,0
9748,0
9749,0
9750,0
9751,0
9752,0
9753,0
9754,3
9755,3
9756,3
9757,3
9758,3
9759,3
9760,3
9761,3
9762,3
9763,3
9764,3
9765,3
9766,3
9767,3
9768,3
9769,3
9770,3
9771,3
9772,3
9773,3
9774,3
9775,3
9776,3
9777,3
9778,3
9779,3
9780,3
9781,3
9782,3
9783,3
9784,3
9785,3
9786,3
9787,3
9788,3
9789,3
9790,3
9791,3
9792,3
9793,3
9794,3
9795,3
9796,3
9797,3
9798,3
9799,3
9800,3
9801,3
9802,3
9803,3
9804,3
9805,3
9806,3
9807,3
9808,3
9809,3
9810,3
9811,3
9812,3
9813,3
9814,3
9815,3
9816,3
9817,3
9818,3
9819,3
9820,3
9821,3
9822,3
9823,3
9824,3
9825,3
9826,3
9827,3
9828,3
9829,3
9830,3
9831,3
9832,3
9833,3
9834,3
9835,3
9836,3
9837,3
9838,3
9839,3
9840,3
9841,3
9842,3
9843,3
9844,3
9845,3
9846,3
9847,3
9848,3
9849,3
9850,3
9851,3
9852,3
9853,3
9854,3
9855,3
9856,3
9857,3
9858,3
9859,3
9860,3
9861,3
9862,3
9863,3
9864,3
9865,3
9866,3
9867,3
9868,3
9869,3
9870,3
9871,3
9872,3
9873,3
9874,3
9875,3
9876,3
9877,3
9878,3
9879,3
9880,3
9881,3
9882,3
9883,3
9884,3
9885,3
9886,3
9887,3
9888,3
9889,3
9890,3
9891,3
9892,3
9893,3
9894,3
9895,3
9896,3
9897,3
9898,3
9899,3
9900,3
9901,3
9902,3
9903,3
9904,3
9905,3
9906,3
9907,3
9908,3
9909,3
9910,3
9911,3
9912,3
9913,3
9914,3
9915,3
9916,3
9917,3
9918,3
9919,3
9920,3
9921,3
9922,3
9923,3
9924,3
9925,3
9926,3
9927,3
9928,3
9929,3
9930,3
9931,3
9932,3
9933,3
9934,3
9935,3
9936,3
9937,3
9938,3
9939,3
9940,3
9941,3
9942,3
9943,3
9944,3
9945,3
9946,3
9947,3
9948,3
9949,3
9950,3
9951,3
9952,3
9953,3
9954,3
9955,3
9956,3
9957,3
9958,3
9959,3
9960,3
9961,3
9962,3
9963,3
9964,3
9965,3
9966,3
9967,3
9968,3
9969,3
9970,3
9971,3
9972,3
9973,3
9974,3
9975,3
9976,3
9977,3
9978,3
9979,3
9980,3
9981,3
9982,3
9983,3
9984,3
9985,3
9986,3
9987,3
9988,3
9989,3
9990,3
9991,3
9992,3
9993,3
9994,3
9995,3
9996,3
9997,3
9998,3
9999,3
10000,3
10001,3
10002,3
10003,3
10004,3
10005,3
10006,3
10007,3
10008,3
10009,3
10010,3
10011,3
10012,3
10013,3
10014,3
10015,3
10016,3
10017,3
10018,3
10019,3
10020,3
10021,3
10022,3
10023,3
10024,3
10025,3
10026,3
10027,3
10028,3
10029,3
10030,3
10031,3
10032,3
10033,3
10034,3
10035,3
10036,3
10037,3
10038,3
10039,3
10040,3
10041,3
10042,3
10043,3
10044,3
10045,3
10046,3
10047,3
10048,3
10049,3
10050,3
10051,3
10052,3
10053,3
10054,3
10055,3
10056,3
10057,3
10058,3
10059,3
10060,0
10061,0
10062,0
10063,0
10064,0
10065,0
10066,0
10067,0
10068,0
10069,0
10070,0
10071,0
10072,0
10073,0
10074,0
10075,0
10076,0
10077,0
10078,0
10079,0
10080,0
10081,0
10082,0
10083,0
10084,0
10085,0
10086,0
10087,0
10088,0
10089,0
10090,0
10091,0
10092,0
10093,0
10094,0
10095,0
10096,0
10097,0
10098,0
10099,0
10100,0
10101,0
10102,0
10103,0
10104,0
10105,0
10106,0
10107,0
10108,0
10109,0
10110,0
10111,0
10112,0
10113,0
10114,0
10115,0
10116,0
10117,0
10118,0
10119,0
10120,0
10121,0
10122,0
10123,0
10124,0
10125,0
10126,0
10127,0
10128,0
10129,0
10130,0
10131,0
10132,0
10133,0
10134,0
10135,0
10136,0
10137,0
10138,0
10139,0
10140,0
10141,0
10142,0
10143,0
10144,0
10145,0
10146,0
10147,0
10148,0
10149,0
10150,0
10151,0
10152,0
10153,0
10154,0
10155,0
10156,0
10157,0
10158,0
10159,0
10160,0
10161,0
10162,0
10163,0
10164,0
10165,0
10166,0
10167,0
10168,0
10169,0
10170,1
10171,1
10172,1
10173,1
10174,1
10175,1
10176,1
10177,1
10178,1
10179,1
10180,1
10181,1
10182,1
10183,1
10184,1
10185,1
10186,1
10187,1
10188,1
10189,1
10190,1
10191,1
10192,1
10193,1
10194,1
10195,1
10196,1
10197,1
10198,1
10199,1
10200,1
10201,1
10202,1
10203,1
10204,1
10205,1
10206,1
10207,1
10208,1
10209,1
10210,1
10211,1
10212,1
10213,1
10214,1
10215,1
10216,1
10217,1
10218,1
10219,1
10220,1
10221,1
10222,1
10223,1
10224,1
10225,1
10226,1
10227,1
10228,1
10229,1
10230,1
10231,1
10232,1
10233,1
10234,1
10235,1
10236,1
10237,1
10238,1
10239,1
10240,1
10241,1
10242,1
10243,1
10244,1
10245,1
10246,1
10247,1
10248,1
10249,1
10250,1
10251,1
10252,1
10253,1
10254,1
10255,1
10256,1
10257,1
10258,1
10259,1
10260,1
10261,1
10262,1
10263,1
10264,1
10265,1
10266,1
10267,1
10268,1
10269,1
10270,1
10271,1
10272,1
10273,1
10274,1
10275,1
10276,1
10277,1
10278,1
10279,1
10280,1
10281,1
10282,1
10283,1
10284,1
10285,1
10286,1
10287,1
10288,1
10289,1
10290,1
10291,1
10292,1
10293,1
10294,1
10295,1
10296,1
10297,1
10298,1
10299,1
10300,1
10301,1
10302,1
10303,1
10304,1
10305,1
10306,1
10307,1
10308,1
10309,1
10310,1
10311,1
10312,1
10313,1
10314,1
10315,1
10316,1
10317,1
10318,1
10319,1
10320,1
10321,1
10322,1
10323,1
10324,1
10325,1
10326,1
10327,1
10328,1
10329,1
10330,1
10331,1
10332,1
10333,1
10334,1
10335,1
10336,1
10337,1
10338,1
10339,1
10340,1
10341,1
10342,1
10343,1
10344,1
10345,1
10346,1
10347,1
10348,1
10349,1
10350,1
10351,1
10352,1
10353,1
10354,1
10355,1
10356,1
10357,1
10358,1
10359,1
10360,1
10361,1
10362,1
10363,1
10364,1
10365,1
10366,1
10367,1
10368,1
10369,1
10370,1
10371,1
10372,1
10373,1
10374,1
10375,1
10376,1
10377,1
10378,1
10379,1
10380,1
10381,1
10382,1
10383,1
10384,1
10385,1
10386,1
10387,1
10388,1
10389,1
10390,1
10391,1
10392,1
10393,1
10394,1
10395,1
10396,1
10397,1
10398,1
10399,1
10400,1
10401,1
10402,1
10403,1
10404,1
10405,1
10406,1
10407,1
10408,1
10409,1
10410,1
10411,1
10412,1
10413,1
10414,1
10415,1
10416,1
10417,1
10418,1
10419,1
10420,1
10421,1
10422,1
10423,1
10424,1
10425,1
10426,1
10427,1
10428,1
10429,1
10430,1
10431,1
10432,1
10433,1
10434,1
10435,1
10436,1
10437,1
10438,1
10439,1
10440,1
10441,1
10442,1
10443,1
10444,1
10445,1
10446,1
10447,1
10448,1
10449,1
10450,1
10451,1
10452,1
10453,1
10454,1
10455,1
10456,1
10457,1
10458,1
10459,1
10460,1
10461,1
10462,1
10463,1
10464,1
10465,1
10466,1
10467,1
10468,1
10469,1
10470,1
10471,1
10472,1
10473,1
10474,1
10475,1
10476,1
10477,1
10478,1
10479,1
10480,1
10481,1
10482,1
10483,1
10484,1
10485,1
10486,1
10487,1
10488,1
10489,1
10490,1
10491,1
10492,1
10493,1
10494,1
10495,1
10496,1
10497,1
10498,1
10499,1
10500,1
10501,1
10502,1
10503,1
10504,1
10505,1
10506,1
10507,1
10508,1
10509,1
10510,1
10511,1
10512,1
10513,1
10514,1
10515,1
10516,1
10517,1
10518,1
10519,1
10520,1
10521,1
10522,1
10523,1
10524,1
10525,1
10526,1
10527,1
10528,1
10529,1
10530,1
10531,1
10532,1
10533,1
10534,1
10535,1
10536,1
10537,1
10538,1
10539,1
10540,1
10541,1
10542,1
10543,1
10544,1
10545,1
10546,1
10547,1
10548,1
10549,1
10550,1
10551,1
10552,1
10553,1
10554,1
10555,1
10556,1
10557,1
10558,1
10559,1
10560,1
10561,1
10562,1
10563,1
10564,1
10565,1
10566,1
10567,1
10568,1
10569,1
10570,1
10571,1
10572,1
10573,1
10574,1
10575,1
10576,1
10577,1
10578,1
10579,1
10580,1
10581,1
10582,1
10583,1
10584,1
10585,1
10586,1
10587,1
10588,1
10589,1
10590,1
10591,1
10592,1
10593,1
10594,1
10595,1
10596,1
10597,1
10598,1
10599,1
10600,1
10601,1
10602,1
10603,1
10604,1
10605,1
10606,1
10607,1
10608,1
10609,1
10610,1
10611,1
10612,1
10613,1
10614,1
10615,1
10616,1
10617,1
10618,1
10619,1
10620,1
10621,1
10622,1
10623,1
10624,1
10625,1
10626,1
10627,1
10628,1
10629,1
10630,1
10631,1
10632,1
10633,1
10634,1
10635,1
10636,1
10637,1
10638,1
10639,1
10640,1
10641,1
10642,1
10643,1
10644,1
10645,1
10646,1
10647,1
10648,1
10649,1
10650,1
10651,1
10652,1
10653,1
10654,1
10655,1
10656,1
10657,1
10658,1
10659,1
10660,1
10661,1
10662,1
10663,1
10664,1
10665,1
10666,1
10667,1
10668,1
10669,1
10670,1
10671,1
10672,1
10673,1
10674,1
10675,1
10676,1
10677,1
10678,1
10679,1
10680,1
10681,1
10682,1
10683,1
10684,1
10685,1
10686,1
10687,1
10688,1
10689,1
10690,1
10691,1
10692,1
10693,1
10694,1
10695,1
10696,1
10697,1
10698,1
10699,1
10700,1
10701,1
10702,1
10703,1
10704,1
10705,1
10706,1
10707,1
10708,1
10709,1
10710,1
10711,1
10712,1
10713,1
10714,1
10715,1
10716,1
10717,1
10718,1
10719,1
10720,1
10721,1
10722,1
10723,1
10724,1
10725,1
10726,1
10727,1
10728,1
10729,1
10730,1
10731,1
10732,1
10733,1
10734,1
10735,1
10736,1
10737,1
10738,1
10739,1
10740,1
10741,1
10742,1
10743,1
10744,1
10745,1
10746,1
10747,1
10748,1
10749,1
10750,1
10751,1
10752,1
10753,1
10754,1
10755,1
10756,1
10757,1
10758,1
10759,1
10760,1
10761,1
10762,1
10763,1
10764,1
10765,1
10766,1
10767,1
10768,1
10769,1
10770,1
10771,1
10772,1
10773,1
10774,1
10775,1
10776,1
10777,1
10778,1
10779,1
10780,1
10781,1
10782,1
10783,1
10784,1
10785,1
10786,1
10787,1
10788,1
10789,1
10790,1
10791,1
10792,1
10793,1
10794,1
10795,1
10796,1
10797,1
10798,1
10799,1
10800,1
10801,1
10802,1
10803,1
10804,1
10805,1
10806,1
10807,1
10808,1
10809,1
10810,1
10811,1
10812,1
10813,1
10814,1
10815,1
10816,1
10817,1
10818,1
10819,1
10820,1
10821,1
10822,1
10823,1
10824,1
10825,1
10826,1
10827,1
10828,1
10829,1
10830,1
10831,1
10832,1
10833,1
10834,1
10835,1
10836,1
10837,1
10838,1
10839,1
10840,1
10841,1
10842,1
10843,1
10844,1
10845,1
10846,1
10847,1
10848,1
10849,1
10850,1
10851,1
10852,1
10853,1
10854,1
10855,1
10856,1
10857,1
10858,1
10859,1
10860,1
10861,1
10862,1
10863,1
10864,1
10865,1
10866,1
10867,1
10868,1
10869,1
10870,1
10871,1
10872,1
10873,1
10874,1
10875,1
10876,1
10877,1
10878,1
10879,1
10880,1
10881,1
10882,1
10883,1
10884,1
10885,1
10886,1
10887,1
10888,1
10889,1
10890,1
10891,1
10892,1
10893,1
10894,1
10895,1
10896,1
10897,1
10898,1
10899,1
10900,1
10901,1
10902,1
10903,1
10904,1
10905,1
10906,1
10907,1
10908,1
10909,1
10910,1
10911,1
10912,1
10913,1
10914,1
10915,1
10916,1
10917,1
10918,1
10919,1
10920,1
10921,1
10922,1
10923,1
10924,1
10925,1
10926,1
10927,1
10928,1
10929,1
10930,1
10931,1
10932,1
10933,1
10934,1
10935,1
10936,1
10937,1
10938,1
10939,1
10940,1
10941,1
10942,1
10943,1
10944,1
10945,1
10946,1
10947,1
10948,1
10949,1
10950,1
10951,1
10952,1
10953,1
10954,1
10955,1
10956,1
10957,1
10958,1
10959,1
10960,1
10961,1
10962,1
10963,1
10964,1
10965,1
10966,1
10967,1
10968,1
10969,1
10970,1
10971,1
10972,1
10973,1
10974,1
10975,1
10976,1
10977,1
10978,1
10979,1
10980,1
10981,1
10982,1
10983,1
10984,1
10985,1
10986,1
10987,1
10988,1
10989,1
10990,1
10991,1
10992,1
10993,1
10994,1
10995,1
10996,1
10997,1
10998,1
10999,1
11000,1
11001,1
11002,1
11003,1
11004,1
11005,1
11006,1
11007,1
11008,1
11009,1
11010,1
11011,1
11012,1
11013,1
11014,1
11015,1
11016,1
11017,1
11018,1
11019,1
11020,1
11021,1
11022,1
11023,1
11024,1
11025,1
11026,1
11027,1
11028,1
11029,1
11030,1
11031,1
11032,1
11033,1
11034,1
11035,1
11036,1
11037,1
11038,1
11039,1
11040,1
11041,1
11042,1
11043,1
11044,1
11045,1
11046,1
11047,1
11048,1
11049,1
11050,1
11051,1
11052,1
11053,1
11054,1
11055,1
11056,1
11057,1
11058,1
11059,1
11060,1
11061,1
11062,1
11063,1
11064,1
11065,1
11066,1
11067,1
11068,1
11069,1
11070,1
11071,1
11072,1
11073,1
11074,1
11075,1
11076,1
11077,1
11078,1
11079,1
11080,1
11081,1
11082,1
11083,1
11084,1
11085,1
11086,1
11087,1
11088,1
11089,1
11090,1
11091,1
11092,1
11093,1
11094,1
11095,1
11096,1
11097,1
11098,1
11099,1
11100,1
11101,1
11102,1
11103,1
11104,1
11105,1
11106,1
11107,1
11108,1
11109,1
11110,1
11111,1
11112,1
11113,1
11114,1
11115,1
11116,1
11117,1
11118,1
11119,1
11120,1
11121,1
11122,1
11123,1
11124,1
11125,1
11126,1
11127,1
11128,1
11129,1
11130,1
11131,1
11132,1
11133,1
11134,1
11135,1
11136,1
11137,1
11138,1
11139,1
11140,1
11141,1
11142,1
11143,1
11144,1
11145,1
11146,1
11147,1
11148,1
11149,1
11150,1
11151,1
11152,1
11153,1
11154,1
11155,1
11156,1
11157,1
11158,1
11159,1
11160,1
11161,1
11162,1
11163,1
11164,1
11165,1
11166,1
11167,1
11168,1
11169,1
11170,1
11171,1
11172,1
11173,1
11174,1
11175,1
11176,1
11177,1
11178,1
11179,1
11180,1
11181,1
11182,1
11183,1
11184,1
11185,1
11186,1
11187,1
11188,1
11189,1
11190,1
11191,1
11192,1
11193,1
11194,1
11195,1
11196,1
11197,1
11198,1
11199,1
11200,1
11201,1
11202,1
11203,1
11204,1
11205,1
11206,1
11207,1
11208,1
11209,1
11210,1
11211,1
11212,1
11213,1
11214,1
11215,1
11216,1
11217,1
11218,1
11219,1
11220,1
11221,1
11222,1
11223,1
11224,1
11225,1
11226,1
11227,1
11228,1
11229,1
11230,1
11231,1
11232,1
11233,1
11234,1
11235,1
11236,1
11237,1
11238,1
11239,1
11240,1
11241,1
11242,1
11243,1
11244,1
11245,1
11246,1
11247,1
11248,1
11249,1
11250,1
11251,1
11252,1
11253,1
11254,1
11255,1
11256,1
11257,1
11258,1
11259,1
11260,1
11261,1
11262,1
11263,1
11264,1
11265,1
11266,1
11267,1
11268,1
11269,1
11270,1
11271,1
11272,1
11273,1
11274,1
11275,1
11276,1
11277,1
11278,1
11279,1
11280,1
11281,1
11282,1
11283,1
11284,1
11285,1
11286,1
11287,1
11288,1
11289,1
11290,1
11291,1
11292,1
11293,1
11294,1
11295,1
11296,1
11297,1
11298,1
11299,1
11300,1
11301,1
11302,1
11303,1
11304,1
11305,1
11306,1
11307,1
11308,1
11309,1
11310,1
11311,1
11312,1
11313,1
11314,1
11315,1
11316,1
11317,1
11318,1
11319,1
11320,1
11321,1
11322,1
11323,1
11324,1
11325,1
11326,1
11327,1
11328,1
11329,1
11330,1
11331,1
11332,1
11333,1
11334,1
11335,1
11336,1
11337,1
11338,1
11339,1
11340,1
11341,1
11342,1
11343,1
11344,1
11345,1
11346,1
11347,1
11348,1
11349,1
11350,1
11351,1
11352,1
11353,1
11354,1
11355,1
11356,1
11357,1
11358,1
11359,1
11360,1
11361,1
11362,1
11363,1
11364,1
11365,1
11366,1
11367,1
11368,1
11369,1
11370,1
11371,1
11372,1
11373,1
11374,1
11375,1
11376,1
11377,1
11378,1
11379,1
11380,1
11381,1
11382,1
11383,1
11384,1
11385,2
11386,2
11387,2
11388,2
11389,2
11390,2
11391,2
11392,2
11393,2
11394,2
11395,2
11396,2
11397,2
11398,2
11399,2
11400,2
11401,2
11402,2
11403,2
11404,2
11405,2
11406,2
11407,2
11408,2
11409,2
11410,2
11411,2
11412,2
11413,2
11414,2
11415,2
11416,2
11417,2
11418,2
11419,2
11420,2
11421,2
11422,2
11423,2
11424,2
11425,2
11426,2
11427,2
11428,2
11429,2
11430,2
11431,2
11432,2
11433,2
11434,2
11435,2
11436,2
11437,2
11438,2
11439,2
11440,2
11441,2
11442,2
11443,2
11444,2
11445,2
11446,2
11447,2
11448,2
11449,2
11450,2
11451,2
11452,2
11453,2
11454,2
11455,2
11456,2
11457,2
11458,2
11459,2
11460,2
11461,2
11462,2
11463,2
11464,2
11465,2
11466,2
11467,2
11468,2
11469,2
11470,2
11471,2
11472,2
11473,2
11474,2
11475,2
11476,2
11477,2
11478,2
11479,2
11480,2
11481,2
11482,2
11483,2
11484,2
11485,2
11486,2
11487,2
11488,2
11489,2
11490,2
11491,2
11492,2
11493,2
11494,2
11495,2
11496,2
11497,2
11498,2
11499,2
11500,2
11501,2
11502,2
11503,2
11504,2
11505,2
11506,2
11507,2
11508,2
11509,2
11510,2
11511,2
11512,2
11513,2
11514,2
11515,2
11516,2
11517,2
11518,2
11519,2
11520,2
11521,2
11522,2
11523,2
11524,2
11525,2
11526,2
11527,2
11528,2
11529,2
11530,2
11531,2
11532,2
11533,2
11534,2
11535,2
11536,2
11537,2
11538,2
11539,2
11540,2
11541,2
11542,2
11543,2
11544,2
11545,2
11546,2
11547,2
11548,2
11549,2
11550,2
11551,2
11552,2
11553,2
11554,2
11555,2
11556,2
11557,2
11558,2
11559,2
11560,2
11561,2
11562,2
11563,2
11564,2
11565,2
11566,2
11567,2
11568,2
11569,2
11570,2
11571,2
11572,2
11573,2
11574,2
11575,2
11576,2
11577,2
11578,2
11579,2
11580,2
11581,2
11582,2
11583,2
11584,2
11585,2
11586,2
11587,2
11588,2
11589,2
11590,2
11591,2
11592,2
11593,2
11594,2
11595,2
11596,2
11597,2
11598,2
11599,2
11600,2
11601,2
11602,2
11603,2
11604,2
11605,2
11606,2
11607,2
11608,2
11609,2
11610,2
11611,2
11612,2
11613,2
11614,2
11615,2
11616,2
11617,2
11618,2
11619,2
11620,2
11621,2
11622,2
11623,2
11624,2
11625,2
11626,2
11627,2
11628,2
11629,2
11630,2
11631,2
11632,2
11633,2
11634,2
11635,2
11636,2
11637,2
11638,2
11639,2
11640,2
11641,2
11642,2
11643,2
11644,2
11645,2
11646,2
11647,2
11648,2
11649,2
11650,2
11651,2
11652,2
11653,2
11654,2
11655,2
11656,2
11657,2
11658,2
11659,2
11660,2
11661,2
11662,2
11663,2
11664,2
11665,2
11666,2
11667,2
11668,2
11669,2
11670,2
11671,2
11672,2
11673,2
11674,2
11675,2
11676,2
11677,2
11678,2
11679,2
11680,2
11681,2
11682,2
11683,2
11684,2
11685,2
11686,2
11687,2
11688,2
11689,2
11690,2
11691,2
11692,2
11693,2
11694,2
11695,2
11696,2
11697,2
11698,2
11699,2
11700,2
11701,2
11702,2
11703,2
11704,2
11705,2
11706,2
11707,2
11708,2
11709,2
11710,2
11711,2
11712,2
11713,2
11714,2
11715,2
11716,2
11717,2
11718,2
11719,2
11720,2
11721,2
11722,2
11723,2
11724,2
11725,2
11726,2
11727,2
11728,2
11729,2
11730,2
11731,2
11732,2
11733,2
11734,2
11735,2
11736,2
11737,2
11738,2
11739,2
11740,2
11741,2
11742,2
11743,2
11744,2
11745,2
11746,2
11747,2
11748,2
11749,2
11750,2
11751,2
11752,2
11753,2
11754,2
11755,2
11756,2
11757,2
11758,2
11759,2
11760,2
11761,2
11762,2
11763,2
11764,2
11765,2
11766,2
11767,2
11768,2
11769,2
11770,2
11771,2
11772,2
11773,2
11774,2
11775,2
11776,2
11777,2
11778,2
11779,2
11780,2
11781,2
11782,2
11783,2
11784,2
11785,2
11786,2
11787,2
11788,2
11789,2
11790,2
11791,2
11792,2
11793,2
11794,2
11795,2
11796,2
11797,2
11798,2
11799,2
11800,2
11801,2
11802,2
11803,2
11804,2
11805,2
11806,2
11807,2
11808,2
11809,2
11810,2
11811,2
11812,2
11813,2
11814,2
11815,2
11816,2
11817,2
11818,2
11819,2
11820,2
11821,2
11822,2
11823,2
11824,2
11825,2
11826,2
11827,2
11828,2
11829,2
11830,2
11831,2
11832,2
11833,2
11834,2
11835,2
11836,2
11837,2
11838,2
11839,2
11840,2
11841,2
11842,2
11843,2
11844,2
11845,2
11846,2
11847,2
11848,2
11849,2
11850,2
11851,2
11852,2
11853,2
11854,2
11855,2
11856,2
11857,2
11858,2
11859,2
11860,2
11861,2
11862,2
11863,2
11864,2
11865,2
11866,2
11867,2
11868,2
11869,2
11870,2
11871,2
11872,2
11873,2
11874,2
11875,2
11876,2
11877,2
11878,2
11879,2
11880,2
11881,2
11882,2
11883,2
11884,2
11885,2
11886,2
11887,2
11888,2
11889,2
11890,2
11891,2
11892,2
11893,2
11894,2
11895,2
11896,2
11897,2
11898,2
11899,2
11900,2
11901,2
11902,2
11903,2
11904,2
11905,2
11906,2
11907,2
11908,2
11909,2
11910,2
11911,2
11912,2
11913,2
11914,2
11915,2
11916,2
11917,2
11918,2
11919,2
11920,2
11921,2
11922,2
11923,2
11924,2
11925,2
11926,2
11927,2
11928,2
11929,2
11930,2
11931,2
11932,2
11933,2
11934,2
11935,2
11936,2
11937,2
11938,2
11939,2
11940,2
11941,2
11942,2
11943,2
11944,2
11945,2
11946,2
11947,2
11948,2
11949,2
11950,2
11951,2
11952,2
11953,2
11954,2
11955,2
11956,2
11957,2
11958,2
11959,2
11960,2
11961,2
11962,2
11963,2
11964,2
11965,2
11966,2
11967,2
11968,2
11969,2
11970,2
11971,2
11972,2
11973,2
11974,2
11975,2
11976,2
11977,2
11978,2
11979,2
11980,2
11981,2
11982,2
11983,2
11984,2
11985,2
11986,2
11987,2
11988,2
11989,2
11990,2
11991,2
11992,2
11993,2
11994,2
11995,2
11996,2
11997,2
11998,2
11999,2
12000,2
12001,2
12002,2
12003,2
12004,2
12005,2
12006,2
12007,2
12008,2
12009,2
12010,2
12011,2
12012,2
12013,2
12014,2
12015,2
12016,2
12017,2
12018,2
12019,2
12020,2
12021,2
12022,2
12023,2
12024,2
12025,2
12026,2
12027,2
12028,2
12029,2
12030,2
12031,2
12032,2
12033,2
12034,2
12035,2
12036,2
12037,2
12038,2
12039,2
12040,2
12041,2
12042,2
12043,2
12044,2
12045,2
12046,2
12047,2
12048,2
12049,2
12050,2
12051,2
12052,2
12053,2
12054,2
12055,2
12056,2
12057,2
12058,2
12059,2
12060,2
12061,2
12062,2
12063,2
12064,2
12065,2
12066,2
12067,2
12068,2
12069,2
12070,2
12071,2
12072,2
12073,2
12074,2
12075,2
12076,2
12077,2
12078,2
12079,2
12080,2
12081,2
12082,2
12083,2
12084,2
12085,2
12086,2
12087,2
12088,2
12089,2
12090,2
12091,2
12092,2
12093,2
12094,2
12095,2
12096,2
12097,2
12098,2
12099,2
12100,2
12101,2
12102,2
12103,2
12104,2
12105,2
12106,2
12107,2
12108,2
12109,2
12110,2
12111,2
12112,2
12113,2
12114,2
12115,2
12116,2
12117,2
12118,2
12119,2
12120,2
12121,2
12122,2
12123,2
12124,2
12125,2
12126,2
12127,2
12128,2
12129,2
12130,2
12131,2
12132,2
12133,2
12134,2
12135,2
12136,2
12137,2
12138,2
12139,2
12140,2
12141,2
12142,2
12143,2
12144,2
12145,2
12146,2
12147,2
12148,2
12149,2
12150,2
12151,2
12152,2
12153,2
12154,2
12155,2
12156,2
12157,2
12158,2
12159,2
12160,2
12161,2
12162,2
12163,2
12164,2
12165,2
12166,2
12167,2
12168,2
12169,2
12170,2
12171,2
12172,2
12173,2
12174,2
12175,2
12176,2
12177,2
12178,2
12179,2
12180,2
12181,2
12182,2
12183,2
12184,2
12185,2
12186,2
12187,2
12188,2
12189,2
12190,2
12191,2
12192,2
12193,2
12194,2
12195,2
12196,2
12197,2
12198,2
12199,2
12200,2
12201,2
12202,2
12203,2
12204,2
12205,2
12206,2
12207,2
12208,2
12209,2
12210,2
12211,2
12212,2
12213,2
12214,2
12215,2
12216,2
12217,2
12218,2
12219,2
12220,2
12221,2
12222,2
12223,2
12224,2
12225,2
12226,2
12227,2
12228,2
12229,2
12230,2
12231,2
12232,2
12233,2
12234,2
12235,2
12236,2
12237,2
12238,2
12239,2
12240,2
12241,2
12242,2
12243,2
12244,2
12245,2
12246,2
12247,2
12248,2
12249,2
12250,2
12251,2
12252,2
12253,2
12254,2
12255,2
12256,2
12257,2
12258,2
12259,2
12260,2
12261,2
12262,2
12263,2
12264,2
12265,2
12266,2
12267,2
12268,2
12269,2
12270,2
12271,2
12272,2
12273,2
12274,2
12275,2
12276,2
12277,2
12278,2
12279,2
12280,2
12281,2
12282,2
12283,2
12284,2
12285,2
12286,2
12287,2
12288,2
12289,2
12290,2
12291,2
12292,2
12293,2
12294,2
12295,2
12296,2
12297,2
12298,2
12299,2
12300,2
12301,2
12302,2
12303,2
12304,2
12305,2
12306,2
12307,2
12308,2
12309,2
12310,2
12311,2
12312,2
12313,2
12314,2
12315,2
12316,2
12317,2
12318,2
12319,2
12320,2
12321,2
12322,2
12323,2
12324,2
12325,2
12326,2
12327,2
12328,2
12329,2
12330,2
12331,2
12332,2
12333,2
12334,2
12335,2
12336,2
12337,2
12338,2
12339,2
12340,2
12341,2
12342,2
12343,2
12344,2
12345,2
12346,2
12347,2
12348,2
12349,2
12350,2
12351,2
12352,2
12353,2
12354,2
12355,2
12356,2
12357,2
12358,2
12359,2
12360,2
12361,2
12362,2
12363,2
12364,2
12365,2
12366,2
12367,2
12368,2
12369,2
12370,2
12371,2
12372,2
12373,2
12374,2
12375,2
12376,2
12377,2
12378,2
12379,2
12380,2
12381,2
12382,2
12383,2
12384,2
12385,2
12386,2
12387,2
12388,2
12389,2
12390,2
12391,2
12392,2
12393,2
12394,2
12395,2
12396,2
12397,2
12398,2
12399,2
12400,2
12401,2
12402,2
12403,2
12404,2
12405,2
12406,2
12407,2
12408,2
12409,2
12410,2
12411,2
12412,2
12413,2
12414,2
12415,2
12416,2
12417,2
12418,2
12419,2
12420,2
12421,2
12422,2
12423,2
12424,2
12425,2
12426,2
12427,2
12428,2
12429,2
12430,2
12431,2
12432,2
12433,2
12434,2
12435,2
12436,2
12437,2
12438,2
12439,2
12440,2
12441,2
12442,2
12443,2
12444,2
12445,2
12446,2
12447,2
12448,2
12449,2
12450,2
12451,2
12452,2
12453,2
12454,2
12455,2
12456,2
12457,2
12458,2
12459,2
12460,2
12461,2
12462,2
12463,2
12464,2
12465,2
12466,2
12467,2
12468,2
12469,2
12470,2
12471,2
12472,2
12473,2
12474,2
12475,2
12476,2
12477,2
12478,2
12479,2
12480,2
12481,2
12482,2
12483,2
12484,2
12485,2
12486,2
12487,2
12488,2
12489,2
12490,2
12491,2
12492,2
12493,2
12494,2
12495,2
12496,2
12497,2
12498,2
12499,2
12500,2
12501,2
12502,2
12503,2
12504,2
12505,2
12506,2
12507,2
12508,2
12509,2
12510,2
12511,2
12512,2
12513,2
12514,2
12515,2
12516,2
12517,2
12518,2
12519,2
12520,2
12521,2
12522,2
12523,2
12524,2
12525,2
12526,2
12527,2
12528,2
12529,2
12530,2
12531,2
12532,2
12533,2
12534,2
12535,2
12536,2
12537,2
12538,2
12539,2
12540,2
12541,2
12542,2
12543,2
12544,2
12545,2
12546,2
12547,2
12548,2
12549,2
12550,2
12551,2
12552,2
12553,2
12554,2
12555,2
12556,2
12557,2
12558,2
12559,2
12560,2
12561,2
12562,2
12563,2
12564,2
12565,2
12566,2
12567,2
12568,2
12569,2
12570,2
12571,2
12572,2
12573,2
12574,2
12575,2
12576,2
12577,2
12578,2
12579,2
12580,2
12581,2
12582,2
12583,2
12584,2
12585,2
12586,2
12587,2
12588,2
12589,2
12590,2
12591,2
12592,2
12593,2
12594,2
12595,2
12596,2
12597,2
12598,2
12599,2
12600,2
12601,2
12602,2
12603,2
12604,2
12605,2
12606,2
12607,2
12608,2
12609,2
12610,2
12611,2
12612,2
12613,2
12614,2
12615,2
12616,2
12617,2
12618,2
12619,2
12620,2
12621,2
12622,2
12623,2
12624,2
12625,2
12626,2
12627,2
12628,2
12629,2
12630,2
12631,2
12632,2
12633,2
12634,2
12635,2
12636,2
12637,2
12638,2
12639,2
12640,2
12641,2
12642,2
12643,2
12644,2
12645,2
12646,2
12647,2
12648,2
12649,2
12650,2
12651,0
12652,0
12653,0
12654,0
12655,0
12656,0
12657,0
12658,0
12659,0
12660,0
12661,0
12662,0
12663,0
12664,0
12665,0
12666,0
12667,0
12668,0
12669,0
12670,0
12671,0
12672,0
12673,0
12674,0
12675,0
12676,0
12677,0
12678,0
12679,0
12680,0
12681,0
12682,0
12683,0
12684,0
12685,0
12686,0
12687,0
12688,0
12689,0
12690,0
12691,0
12692,0
12693,0
12694,0
12695,0
12696,0
12697,0
12698,0
12699,0
12700,0
12701,0
12702,0
12703,0
12704,0
12705,0
12706,0
12707,0
12708,0
12709,0
12710,0
12711,0
12712,0
12713,0
12714,0
12715,0
12716,0
12717,0
12718,0
12719,0
12720,0
12721,0
12722,0
12723,0
12724,0
12725,0
12726,0
12727,0
12728,0
12729,0
12730,0
12731,0
12732,0
12733,0
12734,0
12735,0
12736,0
12737,0
12738,0
12739,0
12740,0
12741,0
12742,0
12743,0
12744,0
12745,0
12746,0
12747,0
12748,0
12749,0
12750,0
12751,0
12752,0
12753,0
12754,0
12755,0
12756,0
12757,0
12758,0
12759,0
12760,0
12761,0
12762,0
12763,0
12764,0
12765,0
12766,0
12767,0
12768,0
12769,0
12770,0
12771,0
12772,0
12773,0
12774,0
12775,0
12776,0
12777,0
12778,0
12779,0
12780,0
12781,0
12782,0
12783,0
12784,0
12785,0
12786,0
12787,0
12788,0
12789,0
12790,0
12791,0
12792,0
12793,0
12794,0
12795,0
12796,0
12797,0
12798,0
12799,0
12800,0
12801,0
12802,0
12803,0
12804,0
12805,0
12806,0
12807,0
12808,0
12809,0
12810,0
12811,0
12812,0
12813,0
12814,0
12815,0
12816,0
12817,0
12818,0
12819,0
12820,0
12821,0
12822,0
12823,0
12824,0
12825,0
12826,0
12827,0
12828,0
12829,0
12830,0
12831,0
12832,0
12833,0
12834,0
12835,0
12836,0
12837,0
12838,0
12839,0
12840,0
12841,0
12842,0
12843,0
12844,0
12845,0
12846,0
12847,0
12848,0
12849,0
12850,0
12851,0
12852,0
12853,0
12854,3
12855,3
12856,3
12857,3
12858,3
12859,3
12860,3
12861,3
12862,3
12863,3
12864,3
12865,3
12866,3
12867,3
12868,3
12869,3
12870,3
12871,3
12872,3
12873,3
12874,3
12875,3
12876,3
12877,3
12878,3
12879,3
12880,3
12881,3
12882,3
12883,3
12884,3
12885,3
12886,3
12887,3
12888,3
12889,3
12890,3
12891,3
12892,3
12893,3
12894,3
12895,3
12896,3
12897,3
12898,3
12899,3
12900,3
12901,3
12902,3
12903,3
12904,3
12905,3
12906,3
12907,3
12908,3
12909,3
12910,3
12911,3
12912,3
12913,3
12914,3
12915,3
12916,3
12917,3
12918,3
12919,3
12920,3
12921,3
12922,3
12923,3
12924,3
12925,3
12926,3
12927,3
12928,3
12929,3
12930,3
12931,3
12932,3
12933,3
12934,3
12935,3
12936,3
12937,3
12938,3
12939,3
12940,3
12941,3
12942,3
12943,3
12944,3
12945,3
12946,3
12947,3
12948,3
12949,3
12950,3
12951,3
12952,3
12953,3
12954,3
12955,3
12956,3
12957,3
12958,3
12959,3
12960,3
12961,3
12962,3
12963,3
12964,3
12965,3
12966,3
12967,3
12968,3
12969,3
12970,3
12971,3
12972,3
12973,3
12974,3
12975,3
12976,3
12977,3
12978,3
12979,3
12980,3
12981,3
12982,3
12983,3
12984,3
12985,3
12986,3
12987,3
12988,3
12989,3
12990,3
12991,3
12992,3
12993,3
12994,3
12995,3
12996,3
12997,3
12998,3
12999,3
13000,3
13001,3
13002,3
13003,3
13004,3
13005,3
13006,3
13007,3
13008,3
13009,3
13010,3
13011,3
13012,3
13013,3
13014,3
13015,3
13016,3
13017,3
13018,3
13019,3
13020,3
13021,3
13022,3
13023,3
13024,3
13025,3
13026,3
13027,3
13028,3
13029,3
13030,3
13031,3
13032,3
13033,3
13034,3
13035,3
13036,3
13037,3
13038,3
13039,3
13040,3
13041,3
13042,3
13043,3
13044,3
13045,3
13046,3
13047,3
13048,3
13049,3
13050,3
13051,3
13052,3
13053,3
13054,3
13055,3
13056,3
13057,3
13058,3
13059,3
13060,3
13061,3
13062,3
13063,3
13064,3
13065,3
13066,3
13067,3
13068,3
13069,3
13070,3
13071,3
13072,3
13073,3
13074,3
13075,3
13076,3
13077,3
13078,3
13079,3
13080,3
13081,3
13082,3
13083,3
13084,3
13085,3
13086,3
13087,3
13088,3
13089,3
13090,3
13091,3
13092,3
13093,3
13094,3
13095,3
13096,3
13097,3
13098,3
13099,3
13100,3
13101,3
13102,3
13103,3
13104,3
13105,3
13106,3
13107,3
13108,3
13109,3
13110,3
13111,3
13112,3
13113,3
13114,3
13115,3
13116,3
13117,3
13118,3
13119,3
13120,3
13121,3
13122,3
13123,3
13124,3
13125,3
13126,3
13127,3
13128,3
13129,3
13130,3
13131,3
13132,3
13133,3
13134,3
13135,3
13136,3
13137,3
13138,3
13139,3
13140,3
13141,3
13142,3
13143,3
13144,3
13145,3
13146,3
13147,3
13148,3
13149,3
13150,3
13151,3
13152,3
13153,3
13154,3
13155,3
13156,3
13157,3
13158,3
13159,3
13160,3
13161,3
13162,3
13163,3
13164,3
13165,3
13166,3
13167,3
13168,3
13169,3
13170,3
13171,3
13172,3
13173,3
13174,0
13175,0
13176,0
13177,0
13178,0
13179,0
13180,0
13181,0
13182,0
13183,0
13184,0
13185,0
13186,0
13187,0
13188,0
13189,0
13190,0
13191,0
13192,0
13193,0
13194,0
13195,0
13196,0
13197,0
13198,0
13199,0
13200,0
13201,0
13202,0
13203,0
13204,0
13205,0
13206,0
13207,0
13208,0
13209,0
13210,0
13211,0
13212,0
13213,0
13214,0
13215,0
13216,0
13217,0
13218,0
13219,0
13220,0
13221,0
13222,0
13223,0
13224,0
13225,0
13226,0
13227,0
13228,0
13229,0
13230,0
13231,0
13232,0
13233,0
13234,0
13235,0
13236,0
13237,0
13238,0
13239,0
13240,0
13241,0
13242,0
13243,0
13244,0
13245,0
13246,0
13247,0
13248,0
13249,0
13250,0
13251,0
13252,0
13253,0
13254,0
13255,0
13256,0
13257,0
13258,0
13259,0
13260,0
13261,0
13262,0
13263,0
13264,0
13265,0
13266,0
13267,0
13268,0
13269,0
13270,0
13271,0
13272,0
13273,0
13274,0
13275,0
13276,0
13277,0
13278,0
13279,0
13280,0
13281,0
13282,0
13283,0
13284,0
13285,0
13286,0
13287,0
13288,0
13289,0
13290,0
13291,0
13292,0
13293,0
13294,0
13295,0
13296,0
13297,0
13298,0
13299,0
13300,0
13301,0
13302,0
13303,0
13304,0
13305,0
13306,0
13307,0
13308,0
13309,0
13310,0
13311,0
13312,0
13313,0
13314,0
13315,0
13316,0
13317,0
13318,0
13319,0
13320,0
13321,0
13322,0
13323,0
13324,0
13325,0
13326,0
13327,0
13328,0
13329,0
13330,0
13331,0
13332,0
13333,0
13334,0
13335,0
13336,0
13337,0
13338,0
13339,0
13340,0
13341,0
13342,0
13343,0
13344,0
13345,0
13346,0
13347,0
13348,0
13349,0
13350,0
13351,0
13352,0
13353,0
13354,0
13355,0
13356,0
13357,0
13358,0
13359,0
13360,0
13361,0
13362,0
13363,0
13364,0
13365,0
13366,0
13367,0
13368,0
13369,0
13370,0
13371,0
13372,0
13373,0
13374,0
13375,0
13376,0
13377,0
13378,0
13379,0
13380,0
13381,0
13382,0
13383,0
13384,0
13385,0
13386,0
13387,0
13388,0
13389,0
13390,0
13391,0
13392,0
13393,0
13394,0
13395,0
13396,0
13397,0
13398,0
13399,0
13400,0
13401,0
13402,0
13403,0
13404,0
13405,0
13406,0
13407,0
13408,0
13409,0
13410,0
13411,0
13412,0
13413,0
13414,0
13415,0
13416,0
13417,0
13418,0
13419,0
13420,0
13421,3
13422,3
13423,3
13424,3
13425,3
13426,3
13427,3
13428,3
13429,3
13430,3
13431,3
13432,3
13433,3
13434,3
13435,3
13436,3
13437,3
13438,3
13439,3
13440,3
13441,3
13442,3
13443,3
13444,3
13445,3
13446,3
13447,3
13448,3
13449,3
13450,3
13451,3
13452,3
13453,3
13454,3
13455,3
13456,3
13457,3
13458,3
13459,3
13460,3
13461,3
13462,3
13463,3
13464,3
13465,3
13466,3
13467,3
13468,3
13469,3
13470,3
13471,3
13472,3
13473,3
13474,3
13475,3
13476,3
13477,3
13478,3
13479,3
13480,3
13481,3
13482,3
13483,3
13484,3
13485,3
13486,3
13487,3
13488,3
13489,3
13490,3
13491,3
13492,3
13493,3
13494,3
13495,3
13496,3
13497,3
13498,3
13499,3
13500,3
13501,3
13502,3
13503,3
13504,3
13505,3
13506,3
13507,3
13508,3
13509,3
13510,3
13511,3
13512,3
13513,3
13514,3
13515,3
13516,3
13517,3
13518,3
13519,3
13520,3
13521,3
13522,3
13523,3
13524,3
13525,3
13526,3
13527,3
13528,3
13529,3
13530,3
13531,3
13532,3
13533,3
13534,3
13535,3
13536,3
13537,3
13538,3
13539,3
13540,3
13541,3
13542,3
13543,3
13544,3
13545,3
13546,3
13547,3
13548,3
13549,3
13550,3
13551,3
13552,3
13553,3
13554,3
13555,3
13556,3
13557,3
13558,3
13559,3
13560,3
13561,3
13562,3
13563,3
13564,3
13565,3
13566,3
13567,3
13568,3
13569,3
13570,3
13571,3
13572,3
13573,3
13574,3
13575,3
13576,3
13577,3
13578,3
13579,3
13580,3
13581,3
13582,3
13583,3
13584,3
13585,3
13586,3
13587,3
13588,3
13589,3
13590,3
13591,3
13592,3
13593,3
13594,3
13595,3
13596,3
13597,3
13598,3
13599,3
13600,3
13601,3
13602,3
13603,3
13604,3
13605,3
13606,3
13607,3
13608,3
13609,3
13610,3
13611,3
13612,3
13613,3
13614,3
13615,3
13616,3
13617,3
13618,3
13619,3
13620,3
13621,3
13622,3
13623,3
13624,3
13625,3
13626,3
13627,3
13628,3
13629,3
13630,3
13631,3
13632,3
13633,3
13634,3
13635,3
13636,3
13637,3
13638,3
13639,3
13640,3
13641,3
13642,3
13643,3
13644,3
13645,3
13646,3
13647,3
13648,3
13649,3
13650,3
13651,3
13652,3
13653,3
13654,3
13655,3
13656,3
13657,3
13658,3
13659,3
13660,3
13661,3
13662,3
13663,3
13664,3
13665,3
13666,3
13667,3
13668,3
13669,3
13670,3
13671,3
13672,3
13673,3
13674,3
13675,3
13676,3
13677,3
13678,3
13679,3
13680,3
13681,3
13682,3
13683,3
13684,3
13685,3
13686,3
13687,3
13688,3
13689,3
13690,3
13691,3
13692,3
13693,3
13694,3
13695,3
13696,3
13697,3
13698,3
13699,3
13700,3
13701,3
13702,3
13703,3
13704,3
13705,3
13706,3
13707,3
13708,3
13709,3
13710,3
13711,3
13712,3
13713,3
13714,3
13715,3
13716,3
13717,3
13718,3
13719,3
13720,3
13721,3
13722,3
13723,3
13724,3
13725,3
13726,3
13727,3
13728,3
13729,3
13730,3
13731,3
13732,3
13733,3
13734,3
13735,3
13736,3
13737,3
13738,3
13739,3
13740,3
13741,3
13742,0
13743,0
13744,0
13745,0
13746,0
13747,0
13748,0
13749,0
13750,0
13751,0
13752,0
13753,0
13754,0
13755,0
13756,0
13757,0
13758,0
13759,0
13760,0
13761,0
13762,0
13763,0
13764,0
13765,0
13766,0
13767,0
13768,0
13769,0
13770,0
13771,0
13772,0
13773,0
13774,0
13775,0
13776,0
13777,0
13778,0
13779,0
13780,0
13781,0
13782,0
13783,0
13784,0
13785,0
13786,0
13787,0
13788,0
13789,0
13790,0
13791,0
13792,0
13793,0
13794,0
13795,0
13796,0
13797,0
13798,0
13799,0
13800,0
13801,0
13802,0
13803,0
13804,0
13805,0
13806,0
13807,0
13808,0
13809,0
13810,0
13811,0
13812,0
13813,0
13814,0
13815,0
13816,0
13817,0
13818,0
13819,0
13820,0
13821,0
13822,0
13823,0
13824,0
13825,0
13826,0
13827,0
13828,0
13829,0
13830,0
13831,0
13832,0
13833,0
13834,0
13835,0
13836,0
13837,0
13838,0
13839,0
13840,0
13841,0
13842,0
13843,0
13844,0
13845,0
13846,0
13847,0
13848,0
13849,0
13850,0
13851,0
13852,0
13853,0
13854,0
13855,0
13856,0
13857,0
13858,0
13859,0
13860,0
13861,0
13862,0
13863,0
13864,0
13865,0
13866,0
13867,0
13868,0
13869,0
13870,0
13871,0
13872,0
13873,0
13874,0
13875,0
13876,0
13877,0
13878,0
13879,0
13880,0
13881,0
13882,0
13883,0
13884,0
13885,0
13886,0
13887,0
13888,0
13889,0
13890,0
13891,0
13892,0
13893,0
13894,0
13895,0
13896,0
13897,0
13898,0
13899,0
13900,0
13901,0
13902,0
13903,0
13904,0
13905,0
13906,0
13907,0
13908,0
13909,0
13910,0
13911,0
13912,0
13913,0
13914,0
13915,0
13916,0
13917,0
13918,0
13919,0
13920,0
13921,0
13922,0
13923,0
13924,0
13925,0
13926,0
13927,0
13928,0
13929,0
13930,0
13931,0
13932,0
13933,0
13934,0
13935,0
13936,0
13937,0
13938,0
13939,0
13940,0
13941,0
13942,0
13943,0
13944,0
13945,0
13946,0
13947,0
13948,0
13949,0
13950,0
13951,0
13952,0
13953,0
13954,0
13955,0
13956,0
13957,0
13958,0
13959,0
13960,0
13961,0
13962,0
13963,0
13964,0
13965,0
13966,0
13967,0
13968,0
13969,0
13970,0
13971,0
13972,0
13973,0
13974,0
13975,0
13976,0
13977,0
13978,0
13979,0
13980,0
13981,0
13982,0
13983,0
13984,0
13985,0
13986,0
13987,0
13988,0
13989,0
13990,0
13991,0
13992,0
13993,0
13994,0
13995,0
13996,0
13997,0
13998,0
13999,0
14000,0
14001,0
14002,0
14003,0
14004,0
14005,0
14006,0
14007,0
14008,0
14009,0
14010,0
14011,0
14012,0
14013,0
14014,0
14015,0
14016,0
14017,0
14018,0
14019,0
14020,0
14021,0
14022,0
14023,3
14024,3
14025,3
14026,3
14027,3
14028,3
14029,3
14030,3
14031,3
14032,3
14033,3
14034,3
14035,3
14036,3
14037,3
14038,3
14039,3
14040,3
14041,3
14042,3
14043,3
14044,3
14045,3
14046,3
14047,3
14048,3
14049,3
14050,3
14051,3
14052,3
14053,3
14054,3
14055,3
14056,3
14057,3
14058,3
14059,3
14060,3
14061,3
14062,3
14063,3
14064,3
14065,3
14066,3
14067,3
14068,3
14069,3
14070,3
14071,3
14072,3
14073,3
14074,3
14075,3
14076,3
14077,3
14078,3
14079,3
14080,3
14081,3
14082,3
14083,3
14084,3
14085,3
14086,3
14087,3
14088,3
14089,3
14090,3
14091,3
14092,3
14093,3
14094,3
14095,3
14096,3
14097,3
14098,3
14099,3
14100,3
14101,3
14102,3
14103,3
14104,3
14105,3
14106,3
14107,3
14108,3
14109,3
14110,3
14111,3
14112,3
14113,3
14114,3
14115,3
14116,3
14117,3
14118,3
14119,3
14120,3
14121,3
14122,3
14123,3
14124,3
14125,3
14126,3
14127,3
14128,3
14129,3
14130,3
14131,3
14132,3
14133,3
14134,3
14135,3
14136,3
14137,3
14138,3
14139,3
14140,3
14141,3
14142,3
14143,3
14144,3
14145,3
14146,3
14147,3
14148,3
14149,3
14150,3
14151,3
14152,3
14153,3
14154,3
14155,3
14156,3
14157,3
14158,3
14159,3
14160,3
14161,3
14162,3
14163,3
14164,3
14165,3
14166,3
14167,3
14168,3
14169,3
14170,3
14171,3
14172,3
14173,3
14174,3
14175,3
14176,3
14177,3
14178,3
14179,3
14180,3
14181,3
14182,3
14183,3
14184,3
14185,3
14186,3
14187,3
14188,3
14189,3
14190,3
14191,3
14192,3
14193,3
14194,3
14195,3
14196,3
14197,3
14198,3
14199,3
14200,3
14201,3
14202,3
14203,3
14204,3
14205,3
14206,3
14207,3
14208,3
14209,3
14210,3
14211,3
14212,3
14213,3
14214,3
14215,3
14216,3
14217,3
14218,3
14219,3
14220,3
14221,3
14222,3
14223,3
14224,3
14225,3
14226,3
14227,3
14228,3
14229,3
14230,3
14231,3
14232,3
14233,3
14234,3
14235,3
14236,3
14237,3
14238,3
14239,3
14240,3
14241,3
14242,3
14243,3
14244,3
14245,3
14246,3
14247,3
14248,3
14249,3
14250,3
14251,3
14252,3
14253,3
14254,3
14255,3
14256,3
14257,3
14258,3
14259,3
14260,3
14261,3
14262,3
14263,3
14264,3
14265,3
14266,3
14267,3
14268,3
14269,3
14270,3
14271,3
14272,3
14273,3
14274,3
14275,3
14276,3
14277,3
14278,3
14279,3
14280,3
14281,3
14282,3
14283,3
14284,3
14285,3
14286,3
14287,3
14288,3
14289,3
14290,3
14291,3
14292,3
14293,3
14294,3
14295,3
14296,3
14297,3
14298,3
14299,3
14300,3
14301,3
14302,3
14303,3
14304,0
14305,0
14306,0
14307,0
14308,0
14309,0
14310,0
14311,0
14312,0
14313,0
14314,0
14315,0
14316,0
14317,0
14318,0
14319,0
14320,0
14321,0
14322,0
14323,0
14324,0
14325,0
14326,0
14327,0
14328,0
14329,0
14330,0
14331,0
14332,0
14333,0
14334,0
14335,0
14336,0
14337,0
14338,0
14339,0
14340,0
14341,0
14342,0
14343,0
14344,0
14345,0
14346,0
14347,0
14348,0
14349,0
14350,0
14351,0
14352,0
14353,0
14354,0
14355,0
14356,0
14357,0
14358,0
14359,0
14360,0
14361,0
14362,0
14363,0
14364,0
14365,0
14366,0
14367,0
14368,0
14369,0
14370,0
14371,0
14372,0
14373,0
14374,0
14375,0
14376,0
14377,0
14378,0
14379,0
14380,0
14381,0
14382,0
14383,0
14384,0
14385,0
14386,0
14387,0
14388,0
14389,0
14390,0
14391,0
14392,0
14393,0
14394,0
14395,1
14396,1
14397,1
14398,1
14399,1
14400,1
14401,1
14402,1
14403,1
14404,1
14405,1
14406,1
14407,1
14408,1
14409,1
14410,1
14411,1
14412,1
14413,1
14414,1
14415,1
14416,1
14417,1
14418,1
14419,1
14420,1
14421,1
14422,1
14423,1
14424,1
14425,1
14426,1
14427,1
14428,1
14429,1
14430,1
14431,1
14432,1
14433,1
14434,1
14435,1
14436,1
14437,1
14438,1
14439,1
14440,1
14441,1
14442,1
14443,1
14444,1
14445,1
14446,1
14447,1
14448,1
14449,1
14450,1
14451,1
14452,1
14453,1
14454,1
14455,1
14456,1
14457,1
14458,1
14459,1
14460,1
14461,1
14462,1
14463,1
14464,1
14465,1
14466,1
14467,1
14468,1
14469,1
14470,1
14471,1
14472,1
14473,1
14474,1
14475,1
14476,1
14477,1
14478,1
14479,1
14480,1
14481,1
14482,1
14483,1
14484,1
14485,1
14486,1
14487,1
14488,1
14489,1
14490,1
14491,1
14492,1
14493,1
14494,1
14495,1
14496,1
14497,1
14498,1
14499,1
14500,1
14501,1
14502,1
14503,1
14504,1
14505,1
14506,1
14507,1
14508,1
14509,1
14510,1
14511,1
14512,1
14513,1
14514,1
14515,1
14516,1
14517,1
14518,1
14519,1
14520,1
14521,1
14522,1
14523,1
14524,1
14525,1
14526,1
14527,1
14528,1
14529,1
14530,1
14531,1
14532,1
14533,1
14534,1
14535,1
14536,1
14537,1
14538,1
14539,1
14540,1
14541,1
14542,1
14543,1
14544,1
14545,1
14546,1
14547,1
14548,1
14549,1
14550,1
14551,1
14552,1
14553,1
14554,1
14555,1
14556,1
14557,1
14558,1
14559,1
14560,1
14561,1
14562,1
14563,1
14564,1
14565,1
14566,1
14567,1
14568,1
14569,1
14570,1
14571,1
14572,1
14573,1
14574,1
14575,1
14576,1
14577,1
14578,1
14579,1
14580,1
14581,1
14582,1
14583,1
14584,1
14585,1
14586,1
14587,1
14588,1
14589,1
14590,1
14591,1
14592,1
14593,1
14594,1
14595,1
14596,1
14597,1
14598,1
14599,1
14600,1
14601,1
14602,1
14603,1
14604,1
14605,1
14606,1
14607,1
14608,1
14609,1
14610,1
14611,1
14612,1
14613,1
14614,1
14615,1
14616,1
14617,1
14618,1
14619,1
14620,1
14621,1
14622,1
14623,1
14624,1
14625,1
14626,1
14627,1
14628,1
14629,1
14630,1
14631,1
14632,1
14633,1
14634,1
14635,1
14636,1
14637,1
14638,1
14639,1
14640,1
14641,1
14642,1
14643,1
14644,1
14645,1
14646,1
14647,1
14648,1
14649,1
14650,1
14651,1
14652,1
14653,1
14654,1
14655,1
14656,1
14657,1
14658,1
14659,1
14660,1
14661,1
14662,1
14663,1
14664,1
14665,1
14666,1
14667,1
14668,1
14669,1
14670,1
14671,1
14672,1
14673,1
14674,1
14675,1
14676,1
14677,1
14678,1
14679,1
14680,1
14681,1
14682,1
14683,1
14684,1
14685,1
14686,1
14687,1
14688,1
14689,1
14690,1
14691,1
14692,1
14693,1
14694,1
14695,1
14696,1
14697,1
14698,1
14699,1
14700,1
14701,1
14702,1
14703,1
14704,1
14705,1
14706,1
14707,1
14708,1
14709,1
14710,1
14711,1
14712,1
14713,1
14714,1
14715,1
14716,1
14717,1
14718,1
14719,1
14720,1
14721,1
14722,1
14723,1
14724,1
14725,1
14726,1
14727,1
14728,1
14729,1
14730,1
14731,1
14732,1
14733,1
14734,1
14735,1
14736,1
14737,1
14738,1
14739,1
14740,1
14741,1
14742,1
14743,1
14744,1
14745,1
14746,1
14747,1
14748,1
14749,1
14750,1
14751,1
14752,1
14753,1
14754,1
14755,1
14756,1
14757,1
14758,1
14759,1
14760,1
14761,1
14762,1
14763,1
14764,1
14765,1
14766,1
14767,1
14768,1
14769,1
14770,1
14771,1
14772,1
14773,1
14774,1
14775,1
14776,1
14777,1
14778,1
14779,1
14780,1
14781,1
14782,1
14783,1
14784,1
14785,1
14786,1
14787,1
14788,1
14789,1
14790,1
14791,1
14792,1
14793,1
14794,1
14795,1
14796,1
14797,1
14798,1
14799,1
14800,1
14801,1
14802,1
14803,1
14804,1
14805,1
14806,1
14807,1
14808,1
14809,1
14810,1
14811,1
14812,1
14813,1
14814,1
14815,1
14816,1
14817,1
14818,1
14819,1
14820,1
14821,1
14822,1
14823,1
14824,1
14825,1
14826,1
14827,1
14828,1
14829,1
14830,1
14831,1
14832,1
14833,1
14834,1
14835,1
14836,1
14837,1
14838,1
14839,1
14840,1
14841,1
14842,1
14843,1
14844,1
14845,1
14846,1
14847,1
14848,1
14849,1
14850,1
14851,1
14852,1
14853,1
14854,1
14855,1
14856,1
14857,1
14858,1
14859,1
14860,1
14861,1
14862,1
14863,1
14864,1
14865,1
14866,1
14867,1
14868,1
14869,1
14870,1
14871,1
14872,1
14873,1
14874,1
14875,1
14876,1
14877,1
14878,1
14879,1
14880,1
14881,1
14882,1
14883,1
14884,1
14885,1
14886,1
14887,1
14888,1
14889,1
14890,1
14891,1
14892,1
14893,1
14894,1
14895,1
14896,1
14897,1
14898,1
14899,1
14900,1
14901,1
14902,1
14903,1
14904,1
14905,1
14906,1
14907,1
14908,1
14909,1
14910,1
14911,1
14912,1
14913,1
14914,1
14915,1
14916,1
14917,1
14918,1
14919,1
14920,1
14921,1
14922,1
14923,1
14924,1
14925,1
14926,1
14927,1
14928,1
14929,1
14930,1
14931,1
14932,1
14933,1
14934,1
14935,1
14936,1
14937,1
14938,1
14939,1
14940,1
14941,1
14942,1
14943,1
14944,1
14945,1
14946,1
14947,1
14948,1
14949,1
14950,1
14951,1
14952,1
14953,1
14954,1
14955,1
14956,1
14957,1
14958,1
14959,1
14960,1
14961,1
14962,1
14963,1
14964,1
14965,1
14966,1
14967,1
14968,1
14969,1
14970,1
14971,1
14972,1
14973,1
14974,1
14975,1
14976,1
14977,1
14978,1
14979,1
14980,1
14981,1
14982,1
14983,1
14984,1
14985,1
14986,1
14987,1
14988,1
14989,1
14990,1
14991,1
14992,1
14993,1
14994,1
14995,1
14996,1
14997,1
14998,1
14999,1
15000,1
15001,1
15002,1
15003,1
15004,1
15005,1
15006,1
15007,1
15008,1
15009,1
15010,1
15011,1
15012,1
15013,1
15014,1
15015,1
15016,1
15017,1
15018,1
15019,1
15020,1
15021,1
15022,1
15023,1
15024,1
15025,1
15026,1
15027,1
15028,1
15029,1
15030,1
15031,1
15032,1
15033,1
15034,1
15035,1
15036,1
15037,1
15038,1
15039,1
15040,1
15041,1
15042,1
15043,1
15044,1
15045,1
15046,1
15047,1
15048,1
15049,1
15050,1
15051,1
15052,1
15053,1
15054,1
15055,1
15056,1
15057,1
15058,1
15059,1
15060,1
15061,1
15062,1
15063,1
15064,1
15065,1
15066,1
15067,1
15068,1
15069,1
15070,1
15071,1
15072,1
15073,1
15074,1
15075,1
15076,1
15077,1
15078,1
15079,1
15080,1
15081,1
15082,1
15083,1
15084,1
15085,1
15086,1
15087,1
15088,1
15089,1
15090,1
15091,1
15092,1
15093,1
15094,1
15095,1
15096,1
15097,1
15098,1
15099,1
15100,1
15101,1
15102,1
15103,1
15104,1
15105,1
15106,1
15107,1
15108,1
15109,1
15110,1
15111,1
15112,1
15113,1
15114,1
15115,1
15116,1
15117,1
15118,1
15119,1
15120,1
15121,1
15122,1
15123,1
15124,1
15125,1
15126,1
15127,1
15128,1
15129,1
15130,1
15131,1
15132,1
15133,1
15134,1
15135,1
15136,1
15137,1
15138,1
15139,1
15140,1
15141,1
15142,1
15143,1
15144,1
15145,1
15146,1
15147,1
15148,1
15149,1
15150,1
15151,1
15152,1
15153,1
15154,1
15155,1
15156,1
15157,1
15158,1
15159,1
15160,1
15161,1
15162,1
15163,1
15164,1
15165,1
15166,1
15167,1
15168,1
15169,1
15170,1
15171,1
15172,1
15173,1
15174,1
15175,1
15176,1
15177,1
15178,1
15179,1
15180,1
15181,1
15182,1
15183,1
15184,1
15185,1
15186,1
15187,1
15188,1
15189,1
15190,1
15191,1
15192,1
15193,1
15194,1
15195,1
15196,1
15197,1
15198,1
15199,1
15200,1
15201,1
15202,1
15203,1
15204,1
15205,1
15206,1
15207,1
15208,1
15209,1
15210,1
15211,1
15212,1
15213,1
15214,1
15215,1
15216,1
15217,1
15218,1
15219,1
15220,1
15221,1
15222,1
15223,1
15224,1
15225,1
15226,1
15227,1
15228,1
15229,1
15230,1
15231,1
15232,1
15233,1
15234,1
15235,1
15236,1
15237,1
15238,1
15239,1
15240,1
15241,1
15242,1
15243,1
15244,1
15245,1
15246,1
15247,1
15248,1
15249,1
15250,1
15251,1
15252,1
15253,1
15254,1
15255,1
15256,1
15257,1
15258,1
15259,1
15260,1
15261,1
15262,1
15263,1
15264,1
15265,1
15266,1
15267,1
15268,1
15269,1
15270,1
15271,1
15272,1
15273,1
15274,1
15275,1
15276,1
15277,1
15278,1
15279,1
15280,1
15281,1
15282,1
15283,1
15284,1
15285,1
15286,1
15287,1
15288,1
15289,1
15290,1
15291,1
15292,1
15293,1
15294,1
15295,1
15296,1
15297,1
15298,1
15299,1
15300,1
15301,1
15302,1
15303,1
15304,1
15305,1
15306,1
15307,1
15308,1
15309,1
15310,1
15311,1
15312,1
15313,1
15314,1
15315,1
15316,1
15317,1
15318,1
15319,1
15320,1
15321,1
15322,1
15323,1
15324,1
15325,1
15326,1
15327,1
15328,1
15329,1
15330,1
15331,1
15332,1
15333,1
15334,1
15335,1
15336,1
15337,1
15338,1
15339,1
15340,1
15341,1
15342,1
15343,1
15344,1
15345,1
15346,1
15347,1
15348,1
15349,1
15350,1
15351,1
15352,1
15353,1
15354,1
15355,1
15356,1
15357,1
15358,1
15359,1
15360,1
15361,1
15362,1
15363,1
15364,1
15365,1
15366,1
15367,1
15368,1
15369,1
15370,1
15371,1
15372,1
15373,1
15374,1
15375,1
15376,1
15377,1
15378,1
15379,1
15380,1
15381,1
15382,1
15383,1
15384,1
15385,1
15386,1
15387,1
15388,1
15389,1
15390,1
15391,1
15392,1
15393,1
15394,1
15395,1
15396,1
15397,1
15398,1
15399,1
15400,1
15401,1
15402,1
15403,1
15404,1
15405,1
15406,1
15407,1
15408,1
15409,1
15410,1
15411,1
15412,1
15413,1
15414,1
15415,1
15416,1
15417,1
15418,1
15419,1
15420,1
15421,1
15422,1
15423,1
15424,1
15425,1
15426,1
15427,1
15428,1
15429,1
15430,1
15431,1
15432,1
15433,1
15434,1
15435,1
15436,1
15437,1
15438,1
15439,1
15440,1
15441,1
15442,1
15443,1
15444,1
15445,1
15446,1
15447,1
15448,1
15449,1
15450,1
15451,1
15452,1
15453,1
15454,1
15455,1
15456,1
15457,1
15458,1
15459,1
15460,1
15461,1
15462,1
15463,1
15464,1
15465,1
15466,1
15467,1
15468,1
15469,1
15470,1
15471,1
15472,1
15473,1
15474,1
15475,1
15476,1
15477,1
15478,1
15479,1
15480,1
15481,1
15482,1
15483,1
15484,1
15485,1
15486,1
15487,1
15488,1
15489,1
15490,1
15491,1
15492,1
15493,1
15494,1
15495,1
15496,1
15497,1
15498,1
15499,1
15500,1
15501,1
15502,1
15503,1
15504,1
15505,1
15506,1
15507,1
15508,1
15509,1
15510,1
15511,1
15512,1
15513,1
15514,1
15515,1
15516,1
15517,1
15518,1
15519,1
15520,1
15521,1
15522,1
15523,1
15524,1
15525,1
15526,1
15527,1
15528,1
15529,1
15530,1
15531,1
15532,1
15533,1
15534,1
15535,1
15536,1
15537,1
15538,1
15539,1
15540,1
15541,1
15542,1
15543,1
15544,1
15545,1
15546,1
15547,1
15548,1
15549,1
15550,1
15551,1
15552,1
15553,1
15554,1
15555,1
15556,1
15557,1
15558,1
15559,1
15560,1
15561,1
15562,1
15563,1
15564,1
15565,1
15566,1
15567,1
15568,1
15569,1
15570,1
15571,1
15572,1
15573,1
15574,1
15575,1
15576,2
15577,2
15578,2
15579,2
15580,2
15581,2
15582,2
15583,2
15584,2
15585,2
15586,2
15587,2
15588,2
15589,2
15590,2
15591,2
15592,2
15593,2
15594,2
15595,2
15596,2
15597,2
15598,2
15599,2
15600,2
15601,2
15602,2
15603,2
15604,2
15605,2
15606,2
15607,2
15608,2
15609,2
15610,2
15611,2
15612,2
15613,2
15614,2
15615,2
15616,2
15617,2
15618,2
15619,2
15620,2
15621,2
15622,2
15623,2
15624,2
15625,2
15626,2
15627,2
15628,2
15629,2
15630,2
15631,2
15632,2
15633,2
15634,2
15635,2
15636,2
15637,2
15638,2
15639,2
15640,2
15641,2
15642,2
15643,2
15644,2
15645,2
15646,2
15647,2
15648,2
15649,2
15650,2
15651,2
15652,2
15653,2
15654,2
15655,2
15656,2
15657,2
15658,2
15659,2
15660,2
15661,2
15662,2
15663,2
15664,2
15665,2
15666,2
15667,2
15668,2
15669,2
15670,2
15671,2
15672,2
15673,2
15674,2
15675,2
15676,2
15677,2
15678,2
15679,2
15680,2
15681,2
15682,2
15683,2
15684,2
15685,2
15686,2
15687,2
15688,2
15689,2
15690,2
15691,2
15692,2
15693,2
15694,2
15695,2
15696,2
15697,2
15698,2
15699,2
15700,2
15701,2
15702,2
15703,2
15704,2
15705,2
15706,2
15707,2
15708,2
15709,2
15710,2
15711,2
15712,2
15713,2
15714,2
15715,2
15716,2
15717,2
15718,2
15719,2
15720,2
15721,2
15722,2
15723,2
15724,2
15725,2
15726,2
15727,2
15728,2
15729,2
15730,2
15731,2
15732,2
15733,2
15734,2
15735,2
15736,2
15737,2
15738,2
15739,2
15740,2
15741,2
15742,2
15743,2
15744,2
15745,2
15746,2
15747,2
15748,2
15749,2
15750,2
15751,2
15752,2
15753,2
15754,2
15755,2
15756,2
15757,2
15758,2
15759,2
15760,2
15761,2
15762,2
15763,2
15764,2
15765,2
15766,2
15767,2
15768,2
15769,2
15770,2
15771,2
15772,2
15773,2
15774,2
15775,2
15776,2
15777,2
15778,2
15779,2
15780,2
15781,2
15782,2
15783,2
15784,2
15785,2
15786,2
15787,2
15788,2
15789,2
15790,2
15791,2
15792,2
15793,2
15794,2
15795,2
15796,2
15797,2
15798,2
15799,2
15800,2
15801,2
15802,2
15803,2
15804,2
15805,2
15806,2
15807,2
15808,2
15809,2
15810,2
15811,2
15812,2
15813,2
15814,2
15815,2
15816,2
15817,2
15818,2
15819,2
15820,2
15821,2
15822,2
15823,2
15824,2
15825,2
15826,2
15827,2
15828,2
15829,2
15830,2
15831,2
15832,2
15833,2
15834,2
15835,2
15836,2
15837,2
15838,2
15839,2
15840,2
15841,2
15842,2
15843,2
15844,2
15845,2
15846,2
15847,2
15848,2
15849,2
15850,2
15851,2
15852,2
15853,2
15854,2
15855,2
15856,2
15857,2
15858,2
15859,2
15860,2
15861,2
15862,2
15863,2
15864,2
15865,2
15866,2
15867,2
15868,2
15869,2
15870,2
15871,2
15872,2
15873,2
15874,2
15875,2
15876,2
15877,2
15878,2
15879,2
15880,2
15881,2
15882,2
15883,2
15884,2
15885,2
15886,2
15887,2
15888,2
15889,2
15890,2
15891,2
15892,2
15893,2
15894,2
15895,2
15896,2
15897,2
15898,2
15899,2
15900,2
15901,2
15902,2
15903,2
15904,2
15905,2
15906,2
15907,2
15908,2
15909,2
15910,2
15911,2
15912,2
15913,2
15914,2
15915,2
15916,2
15917,2
15918,2
15919,2
15920,2
15921,2
15922,2
15923,2
15924,2
15925,2
15926,2
15927,2
15928,2
15929,2
15930,2
15931,2
15932,2
15933,2
15934,2
15935,2
15936,2
15937,2
15938,2
15939,2
15940,2
15941,2
15942,2
15943,2
15944,2
15945,2
15946,2
15947,2
15948,2
15949,2
15950,2
15951,2
15952,2
15953,2
15954,2
15955,2
15956,2
15957,2
15958,2
15959,2
15960,2
15961,2
15962,2
15963,2
15964,2
15965,2
15966,2
15967,2
15968,2
15969,2
15970,2
15971,2
15972,2
15973,2
15974,2
15975,2
15976,2
15977,2
15978,2
15979,2
15980,2
15981,2
15982,2
15983,2
15984,2
15985,2
15986,2
15987,2
15988,2
15989,2
15990,2
15991,2
15992,2
15993,2
15994,2
15995,2
15996,2
15997,2
15998,2
15999,2
16000,2
16001,2
16002,2
16003,2
16004,2
16005,2
16006,2
16007,2
16008,2
16009,2
16010,2
16011,2
16012,2
16013,2
16014,2
16015,2
16016,2
16017,2
16018,2
16019,2
16020,2
16021,2
16022,2
16023,2
16024,2
16025,2
16026,2
16027,2
16028,2
16029,2
16030,2
16031,2
16032,2
16033,2
16034,2
16035,2
16036,2
16037,2
16038,2
16039,2
16040,2
16041,2
16042,2
16043,2
16044,2
16045,2
16046,2
16047,2
16048,2
16049,2
16050,2
16051,2
16052,2
16053,2
16054,2
16055,2
16056,2
16057,2
16058,2
16059,2
16060,2
16061,2
16062,2
16063,2
16064,2
16065,2
16066,2
16067,2
16068,2
16069,2
16070,2
16071,2
16072,2
16073,2
16074,2
16075,2
16076,2
16077,2
16078,2
16079,2
16080,2
16081,2
16082,2
16083,2
16084,2
16085,2
16086,2
16087,2
16088,2
16089,2
16090,2
16091,2
16092,2
16093,2
16094,2
16095,2
16096,2
16097,2
16098,2
16099,2
16100,2
16101,2
16102,2
16103,2
16104,2
16105,2
16106,2
16107,2
16108,2
16109,2
16110,2
16111,2
16112,2
16113,2
16114,2
16115,2
16116,2
16117,2
16118,2
16119,2
16120,2
16121,2
16122,2
16123,2
16124,2
16125,2
16126,2
16127,2
16128,2
16129,2
16130,2
16131,2
16132,2
16133,2
16134,2
16135,2
16136,2
16137,2
16138,2
16139,2
16140,2
16141,2
16142,2
16143,2
16144,2
16145,2
16146,2
16147,2
16148,2
16149,2
16150,2
16151,2
16152,2
16153,2
16154,2
16155,2
16156,2
16157,2
16158,2
16159,2
16160,2
16161,2
16162,2
16163,2
16164,2
16165,2
16166,2
16167,2
16168,2
16169,2
16170,2
16171,2
16172,2
16173,2
16174,2
16175,2
16176,2
16177,2
16178,2
16179,2
16180,2
16181,2
16182,2
16183,2
16184,2
16185,2
16186,2
16187,2
16188,2
16189,2
16190,2
16191,2
16192,2
16193,2
16194,2
16195,2
16196,2
16197,2
16198,2
16199,2
16200,2
16201,2
16202,2
16203,2
16204,2
16205,2
16206,2
16207,2
16208,2
16209,2
16210,2
16211,2
16212,2
16213,2
16214,2
16215,2
16216,2
16217,2
16218,2
16219,2
16220,2
16221,2
16222,2
16223,2
16224,2
16225,2
16226,2
16227,2
16228,2
16229,2
16230,2
16231,2
16232,2
16233,2
16234,2
16235,2
16236,2
16237,2
16238,2
16239,2
16240,2
16241,2
16242,2
16243,2
16244,2
16245,2
16246,2
16247,2
16248,2
16249,2
16250,2
16251,2
16252,2
16253,2
16254,2
16255,2
16256,2
16257,2
16258,2
16259,2
16260,2
16261,2
16262,2
16263,2
16264,2
16265,2
16266,2
16267,2
16268,2
16269,2
16270,2
16271,2
16272,2
16273,2
16274,2
16275,2
16276,2
16277,2
16278,2
16279,2
16280,2
16281,2
16282,2
16283,2
16284,2
16285,2
16286,2
16287,2
16288,2
16289,2
16290,2
16291,2
16292,2
16293,2
16294,2
16295,2
16296,2
16297,2
16298,2
16299,2
16300,2
16301,2
16302,2
16303,2
16304,2
16305,2
16306,2
16307,2
16308,2
16309,2
16310,2
16311,2
16312,2
16313,2
16314,2
16315,2
16316,2
16317,2
16318,2
16319,2
16320,2
16321,2
16322,2
16323,2
16324,2
16325,2
16326,2
16327,2
16328,2
16329,2
16330,2
16331,2
16332,2
16333,2
16334,2
16335,2
16336,2
16337,2
16338,2
16339,2
16340,2
16341,2
16342,2
16343,2
16344,2
16345,2
16346,2
16347,2
16348,2
16349,2
16350,2
16351,2
16352,2
16353,2
16354,2
16355,2
16356,2
16357,2
16358,2
16359,2
16360,2
16361,2
16362,2
16363,2
16364,2
16365,2
16366,2
16367,2
16368,2
16369,2
16370,2
16371,2
16372,2
16373,2
16374,2
16375,2
16376,2
16377,2
16378,2
16379,2
16380,2
16381,2
16382,2
16383,2
16384,2
16385,2
16386,2
16387,2
16388,2
16389,2
16390,2
16391,2
16392,2
16393,2
16394,2
16395,2
16396,2
16397,2
16398,2
16399,2
16400,2
16401,2
16402,2
16403,2
16404,2
16405,2
16406,2
16407,2
16408,2
16409,2
16410,2
16411,2
16412,2
16413,2
16414,2
16415,2
16416,2
16417,2
16418,2
16419,2
16420,2
16421,2
16422,2
16423,2
16424,2
16425,2
16426,2
16427,2
16428,2
16429,2
16430,2
16431,2
16432,2
16433,2
16434,2
16435,2
16436,2
16437,2
16438,2
16439,2
16440,2
16441,2
16442,2
16443,2
16444,2
16445,2
16446,2
16447,2
16448,2
16449,2
16450,2
16451,2
16452,2
16453,2
16454,2
16455,2
16456,2
16457,2
16458,2
16459,2
16460,2
16461,2
16462,2
16463,2
16464,2
16465,2
16466,2
16467,2
16468,2
16469,2
16470,2
16471,2
16472,2
16473,2
16474,2
16475,2
16476,2
16477,2
16478,2
16479,2
16480,2
16481,2
16482,2
16483,2
16484,2
16485,2
16486,2
16487,2
16488,2
16489,2
16490,2
16491,2
16492,2
16493,2
16494,2
16495,2
16496,2
16497,2
16498,2
16499,2
16500,2
16501,2
16502,2
16503,2
16504,2
16505,2
16506,2
16507,2
16508,2
16509,2
16510,2
16511,2
16512,2
16513,2
16514,2
16515,2
16516,2
16517,2
16518,2
16519,2
16520,2
16521,2
16522,2
16523,2
16524,2
16525,2
16526,2
16527,2
16528,2
16529,2
16530,2
16531,2
16532,2
16533,2
16534,2
16535,2
16536,2
16537,2
16538,2
16539,2
16540,2
16541,2
16542,2
16543,2
16544,2
16545,2
16546,2
16547,2
16548,2
16549,2
16550,2
16551,2
16552,2
16553,2
16554,2
16555,2
16556,2
16557,2
16558,2
16559,2
16560,2
16561,2
16562,2
16563,2
16564,2
16565,2
16566,2
16567,2
16568,2
16569,2
16570,2
16571,2
16572,2
16573,2
16574,2
16575,2
16576,2
16577,2
16578,2
16579,2
16580,2
16581,2
16582,2
16583,2
16584,2
16585,2
16586,2
16587,2
16588,2
16589,2
16590,2
16591,2
16592,2
16593,2
16594,2
16595,2
16596,2
16597,2
16598,2
16599,2
16600,2
16601,2
16602,2
16603,2
16604,2
16605,2
16606,2
16607,2
16608,2
16609,2
16610,2
16611,2
16612,2
16613,2
16614,2
16615,2
16616,2
16617,2
16618,2
16619,2
16620,2
16621,2
16622,2
16623,2
16624,2
16625,2
16626,2
16627,2
16628,2
16629,2
16630,2
16631,2
16632,2
16633,2
16634,2
16635,2
16636,2
16637,2
16638,2
16639,2
16640,2
16641,2
16642,2
16643,2
16644,2
16645,2
16646,2
16647,2
16648,2
16649,2
16650,2
16651,2
16652,2
16653,2
16654,2
16655,2
16656,2
16657,2
16658,2
16659,2
16660,2
16661,2
16662,2
16663,2
16664,2
16665,2
16666,2
16667,2
16668,2
16669,2
16670,2
16671,2
16672,2
16673,2
16674,2
16675,2
16676,2
16677,2
16678,2
16679,2
16680,2
16681,2
16682,2
16683,2
16684,2
16685,2
16686,2
16687,2
16688,2
16689,2
16690,2
16691,2
16692,2
16693,2
16694,2
16695,2
16696,2
16697,2
16698,2
16699,2
16700,2
16701,2
16702,2
16703,2
16704,2
16705,2
16706,2
16707,2
16708,2
16709,2
16710,2
16711,2
16712,2
16713,2
16714,2
16715,2
16716,2
16717,2
16718,2
16719,2
16720,2
16721,2
16722,2
16723,2
16724,2
16725,2
16726,2
16727,2
16728,2
16729,2
16730,2
16731,2
16732,2
16733,2
16734,2
16735,2
16736,2
16737,2
16738,2
16739,2
16740,2
16741,2
16742,2
16743,2
16744,2
16745,2
16746,2
16747,2
16748,2
16749,2
16750,2
16751,2
16752,2
16753,2
16754,2
16755,2
16756,2
16757,2
16758,2
16759,2
16760,2
16761,2
16762,2
16763,2
16764,2
16765,2
16766,2
16767,2
16768,2
16769,2
16770,2
16771,2
16772,2
16773,2
16774,2
16775,2
16776,2
16777,2
16778,2
16779,2
16780,2
16781,2
16782,2
16783,2
16784,2
16785,2
16786,2
16787,2
16788,2
16789,2
16790,2
16791,2
16792,2
16793,2
16794,2
16795,2
16796,2
16797,2
16798,2
16799,2
16800,2
16801,2
16802,2
16803,2
16804,2
16805,2
16806,2
16807,2
16808,2
16809,2
16810,2
16811,2
16812,2
16813,2
16814,2
16815,2
16816,2
16817,2
16818,2
16819,2
16820,2
16821,2
16822,2
16823,2
16824,2
16825,2
16826,2
16827,2
16828,2
16829,2
16830,2
16831,2
16832,2
16833,2
16834,2
16835,2
16836,2
16837,2
16838,2
16839,2
16840,2
16841,2
16842,2
16843,0
16844,0
16845,0
16846,0
16847,0
16848,0
16849,0
16850,0
16851,0
16852,0
16853,0
16854,0
16855,0
16856,0
16857,0
16858,0
16859,0
16860,0
16861,0
16862,0
16863,0
16864,0
16865,0
16866,0
16867,0
16868,0
16869,0
16870,0
16871,0
16872,0
16873,0
16874,0
16875,0
16876,0
16877,0
16878,0
16879,0
16880,0
16881,0
16882,0
16883,0
16884,0
16885,0
16886,0
16887,0
16888,0
16889,0
16890,0
16891,0
16892,0
16893,0
16894,0
16895,0
16896,0
16897,0
16898,0
16899,0
16900,0
16901,0
16902,0
16903,0
16904,0
16905,0
16906,0
16907,0
16908,0
16909,0
16910,0
16911,0
16912,0
16913,0
16914,0
16915,0
16916,0
16917,0
16918,0
16919,0
16920,0
16921,0
16922,0
16923,0
16924,0
16925,0
16926,0
16927,0
16928,0
16929,0
16930,0
16931,0
16932,0
16933,0
16934,0
16935,0
16936,0
16937,0
16938,0
16939,0
16940,0
16941,0
16942,0
16943,0
16944,0
16945,0
16946,0
16947,0
16948,0
16949,0
16950,0
16951,0
16952,0
16953,0
16954,0
16955,0
16956,0
16957,0
16958,0
16959,0
16960,0
16961,0
16962,0
16963,0
16964,0
16965,0
16966,0
16967,0
16968,0
16969,0
16970,0
16971,0
16972,0
16973,0
16974,0
16975,0
16976,0
16977,0
16978,0
16979,0
16980,0
16981,0
16982,0
16983,0
16984,0
16985,0
16986,0
16987,0
16988,0
16989,0
16990,0
16991,0
16992,0
16993,0
16994,0
16995,0
16996,0
16997,0
16998,0
16999,0
17000,0
17001,0
17002,0
17003,0
17004,0
17005,0
17006,0
17007,0
17008,0
17009,0
17010,0
17011,0
17012,0
17013,0
17014,0
17015,0
17016,0
17017,0
17018,0
17019,0
17020,0
17021,0
17022,0
17023,0
17024,0
17025,0
17026,0
17027,0
17028,0
17029,0
17030,0
17031,0
17032,0
17033,0
17034,0
17035,0
17036,0
17037,0
17038,0
17039,0
17040,0
17041,0
17042,0
17043,0
17044,0
17045,0
17046,0
17047,0
17048,0
17049,0
17050,0
17051,0
17052,0
17053,0
17054,0
17055,3
17056,3
17057,3
17058,3
17059,3
17060,3
17061,3
17062,3
17063,3
17064,3
17065,3
17066,3
17067,3
17068,3
17069,3
17070,3
17071,3
17072,3
17073,3
17074,3
17075,3
17076,3
17077,3
17078,3
17079,3
17080,3
17081,3
17082,3
17083,3
17084,3
17085,3
17086,3
17087,3
17088,3
17089,3
17090,3
17091,3
17092,3
17093,3
17094,3
17095,3
17096,3
17097,3
17098,3
17099,3
17100,3
17101,3
17102,3
17103,3
17104,3
17105,3
17106,3
17107,3
17108,3
17109,3
17110,3
17111,3
17112,3
17113,3
17114,3
17115,3
17116,3
17117,3
17118,3
17119,3
17120,3
17121,3
17122,3
17123,3
17124,3
17125,3
17126,3
17127,3
17128,3
17129,3
17130,3
17131,3
17132,3
17133,3
17134,3
17135,3
17136,3
17137,3
17138,3
17139,3
17140,3
17141,3
17142,3
17143,3
17144,3
17145,3
17146,3
17147,3
17148,3
17149,3
17150,3
17151,3
17152,3
17153,3
17154,3
17155,3
17156,3
17157,3
17158,3
17159,3
17160,3
17161,3
17162,3
17163,3
17164,3
17165,3
17166,3
17167,3
17168,3
17169,3
17170,3
17171,3
17172,3
17173,3
17174,3
17175,3
17176,3
17177,3
17178,3
17179,3
17180,3
17181,3
17182,3
17183,3
17184,3
17185,3
17186,3
17187,3
17188,3
17189,3
17190,3
17191,3
17192,3
17193,3
17194,3
17195,3
17196,3
17197,3
17198,3
17199,3
17200,3
17201,3
17202,3
17203,3
17204,3
17205,3
17206,3
17207,3
17208,3
17209,3
17210,3
17211,3
17212,3
17213,3
17214,3
17215,3
17216,3
17217,3
17218,3
17219,3
17220,3
17221,3
17222,3
17223,3
17224,3
17225,3
17226,3
17227,3
17228,3
17229,3
17230,3
17231,3
17232,3
17233,3
17234,3
17235,3
17236,3
17237,3
17238,3
17239,3
17240,3
17241,3
17242,3
17243,3
17244,3
17245,3
17246,3
17247,3
17248,3
17249,3
17250,3
17251,3
17252,3
17253,3
17254,3
17255,3
17256,3
17257,3
17258,3
17259,3
17260,3
17261,3
17262,3
17263,3
17264,3
17265,3
17266,3
17267,3
17268,3
17269,3
17270,3
17271,3
17272,3
17273,3
17274,3
17275,3
17276,3
17277,3
17278,3
17279,3
17280,3
17281,3
17282,3
17283,3
17284,3
17285,3
17286,3
17287,3
17288,3
17289,3
17290,3
17291,3
17292,3
17293,3
17294,3
17295,3
17296,3
17297,3
17298,3
17299,3
17300,3
17301,3
17302,3
17303,3
17304,3
17305,3
17306,3
17307,3
17308,3
17309,3
17310,3
17311,3
17312,3
17313,3
17314,3
17315,3
17316,3
17317,3
17318,3
17319,3
17320,3
17321,3
17322,3
17323,3
17324,3
17325,3
17326,3
17327,3
17328,3
17329,3
17330,3
17331,3
17332,3
17333,3
17334,3
17335,3
17336,3
17337,3
17338,3
17339,3
17340,3
17341,3
17342,3
17343,3
17344,3
17345,3
17346,3
17347,3
17348,3
17349,3
17350,3
17351,3
17352,3
17353,3
17354,3
17355,3
17356,3
17357,3
17358,3
17359,3
17360,3
17361,3
17362,3
17363,3
17364,3
17365,3
17366,3
17367,3
17368,3
17369,3
17370,3
17371,3
17372,3
17373,3
17374,3
17375,3
17376,0
17377,0
17378,0
17379,0
17380,0
17381,0
17382,0
17383,0
17384,0
17385,0
17386,0
17387,0
17388,0
17389,0
17390,0
17391,0
17392,0
17393,0
17394,0
17395,0
17396,0
17397,0
17398,0
17399,0
17400,0
17401,0
17402,0
17403,0
17404,0
17405,0
17406,0
17407,0
17408,0
17409,0
17410,0
17411,0
17412,0
17413,0
17414,0
17415,0
17416,0
17417,0
17418,0
17419,0
17420,0
17421,0
17422,0
17423,0
17424,0
17425,0
17426,0
17427,0
17428,0
17429,0
17430,0
17431,0
17432,0
17433,0
17434,0
17435,0
17436,0
17437,0
17438,0
17439,0
17440,0
17441,0
17442,0
17443,0
17444,0
17445,0
17446,0
17447,0
17448,0
17449,0
17450,0
17451,0
17452,0
17453,0
17454,0
17455,0
17456,0
17457,0
17458,0
17459,0
17460,0
17461,0
17462,0
17463,0
17464,0
17465,0
17466,0
17467,0
17468,0
17469,0
17470,0
17471,0
17472,0
17473,0
17474,0
17475,0
17476,0
17477,0
17478,0
17479,0
17480,0
17481,0
17482,0
17483,0
17484,0
17485,0
17486,0
17487,0
17488,0
17489,0
17490,0
17491,0
17492,0
17493,0
17494,0
17495,0
17496,0
17497,0
17498,0
17499,0
17500,0
17501,0
17502,0
17503,0
17504,0
17505,0
17506,0
17507,0
17508,0
17509,0
17510,0
17511,0
17512,0
17513,0
17514,0
17515,0
17516,0
17517,0
17518,0
17519,0
17520,0
17521,0
17522,0
17523,0
17524,0
17525,0
17526,0
17527,0
17528,0
17529,0
17530,0
17531,0
17532,0
17533,0
17534,0
17535,0
17536,0
17537,0
17538,0
17539,0
17540,0
17541,0
17542,0
17543,0
17544,0
17545,0
17546,0
17547,0
17548,0
17549,0
17550,0
17551,0
17552,0
17553,0
17554,0
17555,0
17556,0
17557,0
17558,0
17559,0
17560,0
17561,0
17562,0
17563,0
17564,0
17565,0
17566,0
17567,0
17568,0
17569,0
17570,0
17571,0
17572,0
17573,0
17574,0
17575,0
17576,0
17577,0
17578,0
17579,0
17580,0
17581,0
17582,0
17583,0
17584,0
17585,0
17586,0
17587,0
17588,0
17589,0
17590,0
17591,0
17592,0
17593,0
17594,0
17595,0
17596,0
17597,0
17598,0
17599,0
17600,0
17601,0
17602,0
17603,0
17604,0
17605,0
17606,0
17607,0
17608,0
17609,0
17610,0
17611,0
17612,0
17613,0
17614,0
17615,0
17616,0
17617,0
17618,0
17619,0
17620,0
17621,0
17622,0
17623,0
17624,0
17625,0
17626,0
17627,0
17628,0
17629,0
17630,0
17631,0
17632,0
17633,0
17634,0
17635,0
17636,0
17637,0
17638,0
17639,0
17640,0
17641,0
17642,0
17643,0
17644,0
17645,0
17646,0
17647,0
17648,0
17649,0
17650,0
17651,0
17652,0
17653,0
17654,0
17655,0
17656,0
17657,0
17658,0
17659,0
17660,0
17661,0
17662,0
17663,0
17664,0
17665,0
17666,0
17667,0
17668,0
17669,0
17670,0
17671,0
17672,0
17673,0
17674,0
17675,0
17676,0
17677,0
17678,0
17679,0
17680,0
17681,0
17682,0
17683,0
17684,0
17685,0
17686,0
17687,0
17688,0
17689,0
17690,0
17691,0
17692,0
17693,0
17694,0
17695,0
17696,0
17697,0
17698,0
17699,0
17700,0
17701,0
17702,0
17703,0
17704,0
17705,0
17706,0
17707,0
17708,0
17709,0
17710,0
17711,0
17712,0
17713,0
17714,0
17715,0
17716,0
17717,0
17718,0
17719,0
17720,0
17721,0
17722,0
17723,0
17724,0
17725,0
17726,0
17727,0
17728,0
17729,0
17730,0
17731,0
17732,0
17733,0
17734,3
17735,3
17736,3
17737,3
17738,3
17739,3
17740,3
17741,3
17742,3
17743,3
17744,3
17745,3
17746,3
17747,3
17748,3
17749,3
17750,3
17751,3
17752,3
17753,3
17754,3
17755,3
17756,3
17757,3
17758,3
17759,3
17760,3
17761,3
17762,3
17763,3
17764,3
17765,3
17766,3
17767,3
17768,3
17769,3
17770,3
17771,3
17772,3
17773,3
17774,3
17775,3
17776,3
17777,3
17778,3
17779,3
17780,3
17781,3
17782,3
17783,3
17784,3
17785,3
17786,3
17787,3
17788,3
17789,3
17790,3
17791,3
17792,3
17793,3
17794,3
17795,3
17796,3
17797,3
17798,3
17799,3
17800,3
17801,3
17802,3
17803,3
17804,3
17805,3
17806,3
17807,3
17808,3
17809,3
17810,3
17811,3
17812,3
17813,3
17814,3
17815,3
17816,3
17817,3
17818,3
17819,3
17820,3
17821,3
17822,3
17823,3
17824,3
17825,3
17826,3
17827,3
17828,3
17829,3
17830,3
17831,3
17832,3
17833,3
17834,3
17835,3
17836,3
17837,3
17838,3
17839,3
17840,3
17841,3
17842,3
17843,3
17844,3
17845,3
17846,3
17847,3
17848,3
17849,3
17850,3
17851,3
17852,3
17853,3
17854,3
17855,3
17856,3
17857,3
17858,3
17859,3
17860,3
17861,3
17862,3
17863,3
17864,3
17865,3
17866,3
17867,3
17868,3
17869,3
17870,3
17871,3
17872,3
17873,3
17874,3
17875,3
17876,3
17877,3
17878,3
17879,3
17880,3
17881,3
17882,3
17883,3
17884,3
17885,3
17886,3
17887,3
17888,3
17889,3
17890,3
17891,3
17892,3
17893,3
17894,3
17895,3
17896,3
17897,3
17898,3
17899,3
17900,3
17901,3
17902,3
17903,3
17904,3
17905,3
17906,3
17907,3
17908,3
17909,3
17910,3
17911,3
17912,3
17913,3
17914,3
17915,3
17916,3
17917,3
17918,3
17919,3
17920,3
17921,3
17922,3
17923,3
17924,3
17925,3
17926,3
17927,3
17928,3
17929,3
17930,3
17931,3
17932,3
17933,3
17934,3
17935,3
17936,3
17937,3
17938,3
17939,3
17940,3
17941,3
17942,3
17943,3
17944,3
17945,3
17946,3
17947,3
17948,3
17949,3
17950,3
17951,3
17952,3
17953,3
17954,3
17955,3
17956,3
17957,3
17958,3
17959,3
17960,3
17961,3
17962,3
17963,3
17964,3
17965,3
17966,3
17967,3
17968,3
17969,3
17970,3
17971,3
17972,3
17973,3
17974,3
17975,3
17976,3
17977,3
17978,3
17979,3
17980,3
17981,3
17982,3
17983,3
17984,3
17985,3
17986,3
17987,3
17988,3
17989,3
17990,3
17991,3
17992,3
17993,3
17994,3
17995,3
17996,3
17997,3
17998,3
17999,3
18000,3
18001,3
18002,3
18003,3
18004,3
18005,3
18006,3
18007,3
18008,3
18009,3
18010,3
18011,3
18012,3
18013,3
18014,3
18015,3
18016,3
18017,3
18018,3
18019,3
18020,3
18021,3
18022,3
18023,3
18024,3
18025,3
18026,3
18027,3
18028,3
18029,3
18030,3
18031,3
18032,3
18033,3
18034,3
18035,3
18036,3
18037,3
18038,3
18039,3
18040,3
18041,3
18042,3
18043,3
18044,3
18045,3
18046,3
18047,3
18048,3
18049,0
18050,0
18051,0
18052,0
18053,0
18054,0
18055,0
18056,0
18057,0
18058,0
18059,0
18060,0
18061,0
18062,0
18063,0
18064,0
18065,0
18066,0
18067,0
18068,0
18069,0
18070,0
18071,0
18072,0
18073,0
18074,0
18075,0
18076,0
18077,0
18078,0
18079,0
18080,0
18081,0
18082,0
18083,0
18084,0
18085,0
18086,0
18087,0
18088,0
18089,0
18090,0
18091,0
18092,0
18093,0
18094,0
18095,0
18096,0
18097,0
18098,0
18099,0
18100,0
18101,0
18102,0
18103,0
18104,0
18105,0
18106,0
18107,0
18108,0
18109,0
18110,0
18111,0
18112,0
18113,0
18114,0
18115,0
18116,0
18117,0
18118,0
18119,0
18120,0
18121,0
18122,0
18123,0
18124,0
18125,0
18126,0
18127,0
18128,0
18129,0
18130,0
18131,0
18132,0
18133,0
18134,0
18135,0
18136,0
18137,0
18138,0
18139,0
18140,0
18141,0
18142,0
18143,0
18144,0
18145,0
18146,0
18147,0
18148,0
18149,0
18150,0
18151,0
18152,0
18153,0
18154,0
18155,0
18156,0
18157,0
18158,0
18159,0
18160,0
18161,0
18162,0
18163,0
18164,0
18165,0
18166,0
18167,0
18168,0
18169,0
18170,0
18171,0
18172,0
18173,0
18174,0
18175,0
18176,0
18177,0
18178,0
18179,0
18180,0
18181,0
18182,0
18183,0
18184,0
18185,0
18186,0
18187,0
18188,0
18189,0
18190,0
18191,0
18192,0
18193,0
18194,0
18195,0
18196,0
18197,0
18198,0
18199,0
18200,0
18201,0
18202,0
18203,0
18204,0
18205,0
18206,0
18207,0
18208,0
18209,0
18210,0
18211,0
18212,0
18213,0
18214,0
18215,0
18216,0
18217,0
18218,0
18219,0
18220,0
18221,0
18222,0
18223,0
18224,0
18225,0
18226,0
18227,0
18228,0
18229,0
18230,0
18231,0
18232,0
18233,0
18234,0
18235,0
18236,0
18237,0
18238,0
18239,0
18240,0
18241,0
18242,0
18243,0
18244,0
18245,0
18246,0
18247,0
18248,0
18249,0
18250,0
18251,0
18252,0
18253,0
18254,0
18255,0
18256,0
18257,0
18258,0
18259,0
18260,0
18261,0
18262,0
18263,0
18264,0
18265,0
18266,0
18267,0
18268,0
18269,0
18270,0
18271,0
18272,0
18273,0
18274,0
18275,0
18276,0
18277,0
18278,0
18279,0
18280,0
18281,0
18282,0
18283,0
18284,0
18285,0
18286,0
18287,0
18288,0
18289,0
18290,0
18291,0
18292,0
18293,0
18294,0
18295,0
18296,0
18297,0
18298,0
18299,0
18300,0
18301,0
18302,0
18303,0
18304,0
18305,0
18306,0
18307,0
18308,0
18309,0
18310,0
18311,0
18312,0
18313,0
18314,0
18315,0
18316,0
18317,0
18318,0
18319,0
18320,0
18321,0
18322,0
18323,0
18324,0
18325,0
18326,0
18327,0
18328,0
18329,0
18330,0
18331,0
18332,0
18333,0
18334,0
18335,0
18336,0
18337,0
18338,0
18339,0
18340,0
18341,0
18342,0
18343,0
18344,0
18345,3
18346,3
18347,3
18348,3
18349,3
18350,3
18351,3
18352,3
18353,3
18354,3
18355,3
18356,3
18357,3
18358,3
18359,3
18360,3
18361,3
18362,3
18363,3
18364,3
18365,3
18366,3
18367,3
18368,3
18369,3
18370,3
18371,3
18372,3
18373,3
18374,3
18375,3
18376,3
18377,3
18378,3
18379,3
18380,3
18381,3
18382,3
18383,3
18384,3
18385,3
18386,3
18387,3
18388,3
18389,3
18390,3
18391,3
18392,3
18393,3
18394,3
18395,3
18396,3
18397,3
18398,3
18399,3
18400,3
18401,3
18402,3
18403,3
18404,3
18405,3
18406,3
18407,3
18408,3
18409,3
18410,3
18411,3
18412,3
18413,3
18414,3
18415,3
18416,3
18417,3
18418,3
18419,3
18420,3
18421,3
18422,3
18423,3
18424,3
18425,3
18426,3
18427,3
18428,3
18429,3
18430,3
18431,3
18432,3
18433,3
18434,3
18435,3
18436,3
18437,3
18438,3
18439,3
18440,3
18441,3
18442,3
18443,3
18444,3
18445,3
18446,3
18447,3
18448,3
18449,3
18450,3
18451,3
18452,3
18453,3
18454,3
18455,3
18456,3
18457,3
18458,3
18459,3
18460,3
18461,3
18462,3
18463,3
18464,3
18465,3
18466,3
18467,3
18468,3
18469,3
18470,3
18471,3
18472,3
18473,3
18474,3
18475,3
18476,3
18477,3
18478,3
18479,3
18480,3
18481,3
18482,3
18483,3
18484,3
18485,3
18486,3
18487,3
18488,3
18489,3
18490,3
18491,3
18492,3
18493,3
18494,3
18495,3
18496,3
18497,3
18498,3
18499,3
18500,3
18501,3
18502,3
18503,3
18504,3
18505,3
18506,3
18507,3
18508,3
18509,3
18510,3
18511,3
18512,3
18513,3
18514,3
18515,3
18516,3
18517,3
18518,3
18519,3
18520,3
18521,3
18522,3
18523,3
18524,3
18525,3
18526,3
18527,3
18528,3
18529,3
18530,3
18531,3
18532,3
18533,3
18534,3
18535,3
18536,3
18537,3
18538,3
18539,3
18540,3
18541,3
18542,3
18543,3
18544,3
18545,3
18546,3
18547,3
18548,3
18549,3
18550,3
18551,3
18552,3
18553,3
18554,3
18555,3
18556,3
18557,3
18558,3
18559,3
18560,3
18561,3
18562,3
18563,3
18564,3
18565,3
18566,3
18567,3
18568,3
18569,3
18570,3
18571,3
18572,3
18573,3
18574,3
18575,3
18576,3
18577,3
18578,3
18579,3
18580,3
18581,3
18582,3
18583,3
18584,3
18585,3
18586,3
18587,3
18588,3
18589,3
18590,3
18591,3
18592,3
18593,3
18594,3
18595,3
18596,3
18597,3
18598,3
18599,3
18600,3
18601,3
18602,3
18603,3
18604,3
18605,3
18606,3
18607,3
18608,3
18609,3
18610,3
18611,3
18612,3
18613,3
18614,3
18615,3
18616,3
18617,3
18618,3
18619,3
18620,3
18621,3
18622,3
18623,3
18624,3
18625,3
18626,3
18627,3
18628,3
18629,3
18630,3
18631,3
18632,3
18633,3
18634,3
18635,3
18636,3
18637,3
18638,3
18639,3
18640,3
18641,3
18642,3
18643,3
18644,3
18645,3
18646,3
18647,3
18648,3
18649,3
18650,3
18651,3
18652,3
18653,3
18654,3
18655,3
18656,3
18657,3
18658,3
18659,3
18660,3
18661,3
18662,3
18663,3
18664,3
18665,3
18666,3
18667,3
18668,3
18669,3
18670,3
18671,3
18672,3
18673,3
18674,3
18675,3
18676,3
18677,3
18678,3
18679,3
18680,3
18681,3
18682,3
18683,3
18684,3
18685,3
18686,3
18687,3
18688,3
18689,3
18690,0
18691,0
18692,0
18693,0
18694,0
18695,0
18696,0
18697,0
18698,0
18699,0
18700,0
18701,0
18702,0
18703,0
18704,0
18705,0
18706,0
18707,0
18708,0
18709,0
18710,0
18711,0
18712,0
18713,0
18714,0
18715,0
18716,0
18717,0
18718,0
18719,0
18720,0
18721,0
18722,0
18723,0
18724,0
18725,0
18726,0
18727,0
18728,0
18729,0
18730,0
18731,0
18732,0
18733,0
18734,0
18735,0
18736,0
18737,0
18738,0
18739,0
18740,0
18741,0
18742,0
18743,0
18744,0
18745,0
18746,0
18747,0
18748,0
18749,0
18750,0
18751,0
18752,0
18753,0
18754,0
18755,0
18756,0
18757,0
18758,0
18759,0
18760,0
18761,0
18762,0
18763,0
18764,0
18765,0
18766,0
18767,0
18768,0
18769,0
18770,0
18771,0
18772,0
18773,0
18774,0
18775,0
18776,0
18777,0
18778,0
18779,0
18780,0
18781,0
18782,0
18783,0
18784,0
18785,0
18786,0
18787,0
18788,0
18789,0
18790,0
18791,0
18792,0
18793,0
18794,0
18795,0
18796,0
18797,0
18798,0
18799,0
18800,0
18801,1
18802,1
18803,1
18804,1
18805,1
18806,1
18807,1
18808,1
18809,1
18810,1
18811,1
18812,1
18813,1
18814,1
18815,1
18816,1
18817,1
18818,1
18819,1
18820,1
18821,1
18822,1
18823,1
18824,1
18825,1
18826,1
18827,1
18828,1
18829,1
18830,1
18831,1
18832,1
18833,1
18834,1
18835,1
18836,1
18837,1
18838,1
18839,1
18840,1
18841,1
18842,1
18843,1
18844,1
18845,1
18846,1
18847,1
18848,1
18849,1
18850,1
18851,1
18852,1
18853,1
18854,1
18855,1
18856,1
18857,1
18858,1
18859,1
18860,1
18861,1
18862,1
18863,1
18864,1
18865,1
18866,1
18867,1
18868,1
18869,1
18870,1
18871,1
18872,1
18873,1
18874,1
18875,1
18876,1
18877,1
18878,1
18879,1
18880,1
18881,1
18882,1
18883,1
18884,1
18885,1
18886,1
18887,1
18888,1
18889,1
18890,1
18891,1
18892,1
18893,1
18894,1
18895,1
18896,1
18897,1
18898,1
18899,1
18900,1
18901,1
18902,1
18903,1
18904,1
18905,1
18906,1
18907,1
18908,1
18909,1
18910,1
18911,1
18912,1
18913,1
18914,1
18915,1
18916,1
18917,1
18918,1
18919,1
18920,1
18921,1
18922,1
18923,1
18924,1
18925,1
18926,1
18927,1
18928,1
18929,1
18930,1
18931,1
18932,1
18933,1
18934,1
18935,1
18936,1
18937,1
18938,1
18939,1
18940,1
18941,1
18942,1
18943,1
18944,1
18945,1
18946,1
18947,1
18948,1
18949,1
18950,1
18951,1
18952,1
18953,1
18954,1
18955,1
18956,1
18957,1
18958,1
18959,1
18960,1
18961,1
18962,1
18963,1
18964,1
18965,1
18966,1
18967,1
18968,1
18969,1
18970,1
18971,1
18972,1
18973,1
18974,1
18975,1
18976,1
18977,1
18978,1
18979,1
18980,1
18981,1
18982,1
18983,1
18984,1
18985,1
18986,1
18987,1
18988,1
18989,1
18990,1
18991,1
18992,1
18993,1
18994,1
18995,1
18996,1
18997,1
18998,1
18999,1
19000,1
19001,1
19002,1
19003,1
19004,1
19005,1
19006,1
19007,1
19008,1
19009,1
19010,1
19011,1
19012,1
19013,1
19014,1
19015,1
19016,1
19017,1
19018,1
19019,1
19020,1
19021,1
19022,1
19023,1
19024,1
19025,1
19026,1
19027,1
19028,1
19029,1
19030,1
19031,1
19032,1
19033,1
19034,1
19035,1
19036,1
19037,1
19038,1
19039,1
19040,1
19041,1
19042,1
19043,1
19044,1
19045,1
19046,1
19047,1
19048,1
19049,1
19050,1
19051,1
19052,1
19053,1
19054,1
19055,1
19056,1
19057,1
19058,1
19059,1
19060,1
19061,1
19062,1
19063,1
19064,1
19065,1
19066,1
19067,1
19068,1
19069,1
19070,1
19071,1
19072,1
19073,1
19074,1
19075,1
19076,1
19077,1
19078,1
19079,1
19080,1
19081,1
19082,1
19083,1
19084,1
19085,1
19086,1
19087,1
19088,1
19089,1
19090,1
19091,1
19092,1
19093,1
19094,1
19095,1
19096,1
19097,1
19098,1
19099,1
19100,1
19101,1
19102,1
19103,1
19104,1
19105,1
19106,1
19107,1
19108,1
19109,1
19110,1
19111,1
19112,1
19113,1
19114,1
19115,1
19116,1
19117,1
19118,1
19119,1
19120,1
19121,1
19122,1
19123,1
19124,1
19125,1
19126,1
19127,1
19128,1
19129,1
19130,1
19131,1
19132,1
19133,1
19134,1
19135,1
19136,1
19137,1
19138,1
19139,1
19140,1
19141,1
19142,1
19143,1
19144,1
19145,1
19146,1
19147,1
19148,1
19149,1
19150,1
19151,1
19152,1
19153,1
19154,1
19155,1
19156,1
19157,1
19158,1
19159,1
19160,1
19161,1
19162,1
19163,1
19164,1
19165,1
19166,1
19167,1
19168,1
19169,1
19170,1
19171,1
19172,1
19173,1
19174,1
19175,1
19176,1
19177,1
19178,1
19179,1
19180,1
19181,1
19182,1
19183,1
19184,1
19185,1
19186,1
19187,1
19188,1
19189,1
19190,1
19191,1
19192,1
19193,1
19194,1
19195,1
19196,1
19197,1
19198,1
19199,1
19200,1
19201,1
19202,1
19203,1
19204,1
19205,1
19206,1
19207,1
19208,1
19209,1
19210,1
19211,1
19212,1
19213,1
19214,1
19215,1
19216,1
19217,1
19218,1
19219,1
19220,1
19221,1
19222,1
19223,1
19224,1
19225,1
19226,1
19227,1
19228,1
19229,1
19230,1
19231,1
19232,1
19233,1
19234,1
19235,1
19236,1
19237,1
19238,1
19239,1
19240,1
19241,1
19242,1
19243,1
19244,1
19245,1
19246,1
19247,1
19248,1
19249,1
19250,1
19251,1
19252,1
19253,1
19254,1
19255,1
19256,1
19257,1
19258,1
19259,1
19260,1
19261,1
19262,1
19263,1
19264,1
19265,1
19266,1
19267,1
19268,1
19269,1
19270,1
19271,1
19272,1
19273,1
19274,1
19275,1
19276,1
19277,1
19278,1
19279,1
19280,1
19281,1
19282,1
19283,1
19284,1
19285,1
19286,1
19287,1
19288,1
19289,1
19290,1
19291,1
19292,1
19293,1
19294,1
19295,1
19296,1
19297,1
19298,1
19299,1
19300,1
19301,1
19302,1
19303,1
19304,1
19305,1
19306,1
19307,1
19308,1
19309,1
19310,1
19311,1
19312,1
19313,1
19314,1
19315,1
19316,1
19317,1
19318,1
19319,1
19320,1
19321,1
19322,1
19323,1
19324,1
19325,1
19326,1
19327,1
19328,1
19329,1
19330,1
19331,1
19332,1
19333,1
19334,1
19335,1
19336,1
19337,1
19338,1
19339,1
19340,1
19341,1
19342,1
19343,1
19344,1
19345,1
19346,1
19347,1
19348,1
19349,1
19350,1
19351,1
19352,1
19353,1
19354,1
19355,1
19356,1
19357,1
19358,1
19359,1
19360,1
19361,1
19362,1
19363,1
19364,1
19365,1
19366,1
19367,1
19368,1
19369,1
19370,1
19371,1
19372,1
19373,1
19374,1
19375,1
19376,1
19377,1
19378,1
19379,1
19380,1
19381,1
19382,1
19383,1
19384,1
19385,1
19386,1
19387,1
19388,1
19389,1
19390,1
19391,1
19392,1
19393,1
19394,1
19395,1
19396,1
19397,1
19398,1
19399,1
19400,1
19401,1
19402,1
19403,1
19404,1
19405,1
19406,1
19407,1
19408,1
19409,1
19410,1
19411,1
19412,1
19413,1
19414,1
19415,1
19416,1
19417,1
19418,1
19419,1
19420,1
19421,1
19422,1
19423,1
19424,1
19425,1
19426,1
19427,1
19428,1
19429,1
19430,1
19431,1
19432,1
19433,1
19434,1
19435,1
19436,1
19437,1
19438,1
19439,1
19440,1
19441,1
19442,1
19443,1
19444,1
19445,1
19446,1
19447,1
19448,1
19449,1
19450,1
19451,1
19452,1
19453,1
19454,1
19455,1
19456,1
19457,1
19458,1
19459,1
19460,1
19461,1
19462,1
19463,1
19464,1
19465,1
19466,1
19467,1
19468,1
19469,1
19470,1
19471,1
19472,1
19473,1
19474,1
19475,1
19476,1
19477,1
19478,1
19479,1
19480,1
19481,1
19482,1
19483,1
19484,1
19485,1
19486,1
19487,1
19488,1
19489,1
19490,1
19491,1
19492,1
19493,1
19494,1
19495,1
19496,1
19497,1
19498,1
19499,1
19500,1
19501,1
19502,1
19503,1
19504,1
19505,1
19506,1
19507,1
19508,1
19509,1
19510,1
19511,1
19512,1
19513,1
19514,1
19515,1
19516,1
19517,1
19518,1
19519,1
19520,1
19521,1
19522,1
19523,1
19524,1
19525,1
19526,1
19527,1
19528,1
19529,1
19530,1
19531,1
19532,1
19533,1
19534,1
19535,1
19536,1
19537,1
19538,1
19539,1
19540,1
19541,1
19542,1
19543,1
19544,1
19545,1
19546,1
19547,1
19548,1
19549,1
19550,1
19551,1
19552,1
19553,1
19554,1
19555,1
19556,1
19557,1
19558,1
19559,1
19560,1
19561,1
19562,1
19563,1
19564,1
19565,1
19566,1
19567,1
19568,1
19569,1
19570,1
19571,1
19572,1
19573,1
19574,1
19575,1
19576,1
19577,1
19578,1
19579,1
19580,1
19581,1
19582,1
19583,1
19584,1
19585,1
19586,1
19587,1
19588,1
19589,1
19590,1
19591,1
19592,1
19593,1
19594,1
19595,1
19596,1
19597,1
19598,1
19599,1
19600,1
19601,1
19602,1
19603,1
19604,1
19605,1
19606,1
19607,1
19608,1
19609,1
19610,1
19611,1
19612,1
19613,1
19614,1
19615,1
19616,1
19617,1
19618,1
19619,1
19620,1
19621,1
19622,1
19623,1
19624,1
19625,1
19626,1
19627,1
19628,1
19629,1
19630,1
19631,1
19632,1
19633,1
19634,1
19635,1
19636,1
19637,1
19638,1
19639,1
19640,1
19641,1
19642,1
19643,1
19644,1
19645,1
19646,1
19647,1
19648,1
19649,1
19650,1
19651,1
19652,1
19653,1
19654,1
19655,1
19656,1
19657,1
19658,1
19659,1
19660,1
19661,1
19662,1
19663,1
19664,1
19665,1
19666,1
19667,1
19668,1
19669,1
19670,1
19671,1
19672,1
19673,1
19674,1
19675,1
19676,1
19677,1
19678,1
19679,1
19680,1
19681,1
19682,1
19683,1
19684,1
19685,1
19686,1
19687,1
19688,1
19689,1
19690,1
19691,1
19692,1
19693,1
19694,1
19695,1
19696,1
19697,1
19698,1
19699,1
19700,1
19701,1
19702,1
19703,1
19704,1
19705,1
19706,1
19707,1
19708,1
19709,1
19710,1
19711,1
19712,1
19713,1
19714,1
19715,1
19716,1
19717,1
19718,1
19719,1
19720,1
19721,1
19722,1
19723,1
19724,1
19725,1
19726,1
19727,1
19728,1
19729,1
19730,1
19731,1
19732,1
19733,1
19734,1
19735,1
19736,1
19737,1
19738,1
19739,1
19740,1
19741,1
19742,1
19743,1
19744,1
19745,1
19746,1
19747,1
19748,1
19749,1
19750,1
19751,1
19752,1
19753,1
19754,1
19755,1
19756,1
19757,1
19758,1
19759,1
19760,1
19761,1
19762,1
19763,1
19764,1
19765,1
19766,1
19767,1
19768,1
19769,1
19770,1
19771,1
19772,1
19773,1
19774,1
19775,1
19776,1
19777,1
19778,1
19779,1
19780,1
19781,1
19782,1
19783,1
19784,1
19785,1
19786,1
19787,1
19788,1
19789,1
19790,1
19791,1
19792,1
19793,1
19794,1
19795,1
19796,1
19797,1
19798,1
19799,1
19800,1
19801,1
19802,1
19803,1
19804,1
19805,1
19806,1
19807,1
19808,1
19809,1
19810,1
19811,1
19812,1
19813,1
19814,1
19815,1
19816,1
19817,1
19818,1
19819,1
19820,1
19821,1
19822,1
19823,1
19824,1
19825,1
19826,1
19827,1
19828,1
19829,1
19830,1
19831,1
19832,1
19833,1
19834,1
19835,1
19836,1
19837,1
19838,1
19839,1
19840,1
19841,1
19842,1
19843,1
19844,1
19845,1
19846,1
19847,1
19848,1
19849,1
19850,1
19851,1
19852,1
19853,1
19854,1
19855,1
19856,1
19857,1
19858,1
19859,1
19860,1
19861,1
19862,1
19863,1
19864,1
19865,1
19866,1
19867,1
19868,1
19869,1
19870,1
19871,1
19872,1
19873,1
19874,1
19875,1
19876,1
19877,1
19878,1
19879,1
19880,1
19881,1
19882,1
19883,1
19884,1
19885,1
19886,1
19887,1
19888,1
19889,1
19890,1
19891,1
19892,1
19893,1
19894,1
19895,1
19896,1
19897,1
19898,1
19899,1
19900,1
19901,1
19902,1
19903,1
19904,1
19905,1
19906,1
19907,1
19908,1
19909,1
19910,1
19911,1
19912,1
19913,1
19914,1
19915,1
19916,1
19917,1
19918,1
19919,1
19920,1
19921,1
19922,1
19923,1
19924,1
19925,1
19926,1
19927,1
19928,1
19929,1
19930,1
19931,1
19932,1
19933,1
19934,1
19935,1
19936,1
19937,1
19938,1
19939,1
19940,1
19941,1
19942,1
19943,1
19944,1
19945,1
19946,1
19947,1
19948,1
19949,1
19950,1
19951,1
19952,1
19953,1
19954,1
19955,1
19956,1
19957,1
19958,1
19959,1
19960,1
19961,1
19962,1
19963,1
19964,1
19965,1
19966,1
19967,1
19968,1
19969,1
19970,1
19971,1
19972,1
19973,1
19974,1
19975,1
19976,1
19977,1
19978,1
19979,1
19980,1
19981,1
19982,1
19983,1
19984,1
19985,1
19986,1
19987,1
19988,1
19989,1
19990,1
19991,1
19992,2
19993,2
19994,2
19995,2
19996,2
19997,2
19998,2
19999,2
20000,2
20001,2
20002,2
20003,2
20004,2
20005,2
20006,2
20007,2
20008,2
20009,2
20010,2
20011,2
20012,2
20013,2
20014,2
20015,2
20016,2
20017,2
20018,2
20019,2
20020,2
20021,2
20022,2
20023,2
20024,2
20025,2
20026,2
20027,2
20028,2
20029,2
20030,2
20031,2
20032,2
20033,2
20034,2
20035,2
20036,2
20037,2
20038,2
20039,2
20040,2
20041,2
20042,2
20043,2
20044,2
20045,2
20046,2
20047,2
20048,2
20049,2
20050,2
20051,2
20052,2
20053,2
20054,2
20055,2
20056,2
20057,2
20058,2
20059,2
20060,2
20061,2
20062,2
20063,2
20064,2
20065,2
20066,2
20067,2
20068,2
20069,2
20070,2
20071,2
20072,2
20073,2
20074,2
20075,2
20076,2
20077,2
20078,2
20079,2
20080,2
20081,2
20082,2
20083,2
20084,2
20085,2
20086,2
20087,2
20088,2
20089,2
20090,2
20091,2
20092,2
20093,2
20094,2
20095,2
20096,2
20097,2
20098,2
20099,2
20100,2
20101,2
20102,2
20103,2
20104,2
20105,2
20106,2
20107,2
20108,2
20109,2
20110,2
20111,2
20112,2
20113,2
20114,2
20115,2
20116,2
20117,2
20118,2
20119,2
20120,2
20121,2
20122,2
20123,2
20124,2
20125,2
20126,2
20127,2
20128,2
20129,2
20130,2
20131,2
20132,2
20133,2
20134,2
20135,2
20136,2
20137,2
20138,2
20139,2
20140,2
20141,2
20142,2
20143,2
20144,2
20145,2
20146,2
20147,2
20148,2
20149,2
20150,2
20151,2
20152,2
20153,2
20154,2
20155,2
20156,2
20157,2
20158,2
20159,2
20160,2
20161,2
20162,2
20163,2
20164,2
20165,2
20166,2
20167,2
20168,2
20169,2
20170,2
20171,2
20172,2
20173,2
20174,2
20175,2
20176,2
20177,2
20178,2
20179,2
20180,2
20181,2
20182,2
20183,2
20184,2
20185,2
20186,2
20187,2
20188,2
20189,2
20190,2
20191,2
20192,2
20193,2
20194,2
20195,2
20196,2
20197,2
20198,2
20199,2
20200,2
20201,2
20202,2
20203,2
20204,2
20205,2
20206,2
20207,2
20208,2
20209,2
20210,2
20211,2
20212,2
20213,2
20214,2
20215,2
20216,2
20217,2
20218,2
20219,2
20220,2
20221,2
20222,2
20223,2
20224,2
20225,2
20226,2
20227,2
20228,2
20229,2
20230,2
20231,2
20232,2
20233,2
20234,2
20235,2
20236,2
20237,2
20238,2
20239,2
20240,2
20241,2
20242,2
20243,2
20244,2
20245,2
20246,2
20247,2
20248,2
20249,2
20250,2
20251,2
20252,2
20253,2
20254,2
20255,2
20256,2
20257,2
20258,2
20259,2
20260,2
20261,2
20262,2
20263,2
20264,2
20265,2
20266,2
20267,2
20268,2
20269,2
20270,2
20271,2
20272,2
20273,2
20274,2
20275,2
20276,2
20277,2
20278,2
20279,2
20280,2
20281,2
20282,2
20283,2
20284,2
20285,2
20286,2
20287,2
20288,2
20289,2
20290,2
20291,2
20292,2
20293,2
20294,2
20295,2
20296,2
20297,2
20298,2
20299,2
20300,2
20301,2
20302,2
20303,2
20304,2
20305,2
20306,2
20307,2
20308,2
20309,2
20310,2
20311,2
20312,2
20313,2
20314,2
20315,2
20316,2
20317,2
20318,2
20319,2
20320,2
20321,2
20322,2
20323,2
20324,2
20325,2
20326,2
20327,2
20328,2
20329,2
20330,2
20331,2
20332,2
20333,2
20334,2
20335,2
20336,2
20337,2
20338,2
20339,2
20340,2
20341,2
20342,2
20343,2
20344,2
20345,2
20346,2
20347,2
20348,2
20349,2
20350,2
20351,2
20352,2
20353,2
20354,2
20355,2
20356,2
20357,2
20358,2
20359,2
20360,2
20361,2
20362,2
20363,2
20364,2
20365,2
20366,2
20367,2
20368,2
20369,2
20370,2
20371,2
20372,2
20373,2
20374,2
20375,2
20376,2
20377,2
20378,2
20379,2
20380,2
20381,2
20382,2
20383,2
20384,2
20385,2
20386,2
20387,2
20388,2
20389,2
20390,2
20391,2
20392,2
20393,2
20394,2
20395,2
20396,2
20397,2
20398,2
20399,2
20400,2
20401,2
20402,2
20403,2
20404,2
20405,2
20406,2
20407,2
20408,2
20409,2
20410,2
20411,2
20412,2
20413,2
20414,2
20415,2
20416,2
20417,2
20418,2
20419,2
20420,2
20421,2
20422,2
20423,2
20424,2
20425,2
20426,2
20427,2
20428,2
20429,2
20430,2
20431,2
20432,2
20433,2
20434,2
20435,2
20436,2
20437,2
20438,2
20439,2
20440,2
20441,2
20442,2
20443,2
20444,2
20445,2
20446,2
20447,2
20448,2
20449,2
20450,2
20451,2
20452,2
20453,2
20454,2
20455,2
20456,2
20457,2
20458,2
20459,2
20460,2
20461,2
20462,2
20463,2
20464,2
20465,2
20466,2
20467,2
20468,2
20469,2
20470,2
20471,2
20472,2
20473,2
20474,2
20475,2
20476,2
20477,2
20478,2
20479,2
20480,2
20481,2
20482,2
20483,2
20484,2
20485,2
20486,2
20487,2
20488,2
20489,2
20490,2
20491,2
20492,2
20493,2
20494,2
20495,2
20496,2
20497,2
20498,2
20499,2
20500,2
20501,2
20502,2
20503,2
20504,2
20505,2
20506,2
20507,2
20508,2
20509,2
20510,2
20511,2
20512,2
20513,2
20514,2
20515,2
20516,2
20517,2
20518,2
20519,2
20520,2
20521,2
20522,2
20523,2
20524,2
20525,2
20526,2
20527,2
20528,2
20529,2
20530,2
20531,2
20532,2
20533,2
20534,2
20535,2
20536,2
20537,2
20538,2
20539,2
20540,2
20541,2
20542,2
20543,2
20544,2
20545,2
20546,2
20547,2
20548,2
20549,2
20550,2
20551,2
20552,2
20553,2
20554,2
20555,2
20556,2
20557,2
20558,2
20559,2
20560,2
20561,2
20562,2
20563,2
20564,2
20565,2
20566,2
20567,2
20568,2
20569,2
20570,2
20571,2
20572,2
20573,2
20574,2
20575,2
20576,2
20577,2
20578,2
20579,2
20580,2
20581,2
20582,2
20583,2
20584,2
20585,2
20586,2
20587,2
20588,2
20589,2
20590,2
20591,2
20592,2
20593,2
20594,2
20595,2
20596,2
20597,2
20598,2
20599,2
20600,2
20601,2
20602,2
20603,2
20604,2
20605,2
20606,2
20607,2
20608,2
20609,2
20610,2
20611,2
20612,2
20613,2
20614,2
20615,2
20616,2
20617,2
20618,2
20619,2
20620,2
20621,2
20622,2
20623,2
20624,2
20625,2
20626,2
20627,2
20628,2
20629,2
20630,2
20631,2
20632,2
20633,2
20634,2
20635,2
20636,2
20637,2
20638,2
20639,2
20640,2
20641,2
20642,2
20643,2
20644,2
20645,2
20646,2
20647,2
20648,2
20649,2
20650,2
20651,2
20652,2
20653,2
20654,2
20655,2
20656,2
20657,2
20658,2
20659,2
20660,2
20661,2
20662,2
20663,2
20664,2
20665,2
20666,2
20667,2
20668,2
20669,2
20670,2
20671,2
20672,2
20673,2
20674,2
20675,2
20676,2
20677,2
20678,2
20679,2
20680,2
20681,2
20682,2
20683,2
20684,2
20685,2
20686,2
20687,2
20688,2
20689,2
20690,2
20691,2
20692,2
20693,2
20694,2
20695,2
20696,2
20697,2
20698,2
20699,2
20700,2
20701,2
20702,2
20703,2
20704,2
20705,2
20706,2
20707,2
20708,2
20709,2
20710,2
20711,2
20712,2
20713,2
20714,2
20715,2
20716,2
20717,2
20718,2
20719,2
20720,2
20721,2
20722,2
20723,2
20724,2
20725,2
20726,2
20727,2
20728,2
20729,2
20730,2
20731,2
20732,2
20733,2
20734,2
20735,2
20736,2
20737,2
20738,2
20739,2
20740,2
20741,2
20742,2
20743,2
20744,2
20745,2
20746,2
20747,2
20748,2
20749,2
20750,2
20751,2
20752,2
20753,2
20754,2
20755,2
20756,2
20757,2
20758,2
20759,2
20760,2
20761,2
20762,2
20763,2
20764,2
20765,2
20766,2
20767,2
20768,2
20769,2
20770,2
20771,2
20772,2
20773,2
20774,2
20775,2
20776,2
20777,2
20778,2
20779,2
20780,2
20781,2
20782,2
20783,2
20784,2
20785,2
20786,2
20787,2
20788,2
20789,2
20790,2
20791,2
20792,2
20793,2
20794,2
20795,2
20796,2
20797,2
20798,2
20799,2
20800,2
20801,2
20802,2
20803,2
20804,2
20805,2
20806,2
20807,2
20808,2
20809,2
20810,2
20811,2
20812,2
20813,2
20814,2
20815,2
20816,2
20817,2
20818,2
20819,2
20820,2
20821,2
20822,2
20823,2
20824,2
20825,2
20826,2
20827,2
20828,2
20829,2
20830,2
20831,2
20832,2
20833,2
20834,2
20835,2
20836,2
20837,2
20838,2
20839,2
20840,2
20841,2
20842,2
20843,2
20844,2
20845,2
20846,2
20847,2
20848,2
20849,2
20850,2
20851,2
20852,2
20853,2
20854,2
20855,2
20856,2
20857,2
20858,2
20859,2
20860,2
20861,2
20862,2
20863,2
20864,2
20865,2
20866,2
20867,2
20868,2
20869,2
20870,2
20871,2
20872,2
20873,2
20874,2
20875,2
20876,2
20877,2
20878,2
20879,2
20880,2
20881,2
20882,2
20883,2
20884,2
20885,2
20886,2
20887,2
20888,2
20889,2
20890,2
20891,2
20892,2
20893,2
20894,2
20895,2
20896,2
20897,2
20898,2
20899,2
20900,2
20901,2
20902,2
20903,2
20904,2
20905,2
20906,2
20907,2
20908,2
20909,2
20910,2
20911,2
20912,2
20913,2
20914,2
20915,2
20916,2
20917,2
20918,2
20919,2
20920,2
20921,2
20922,2
20923,2
20924,2
20925,2
20926,2
20927,2
20928,2
20929,2
20930,2
20931,2
20932,2
20933,2
20934,2
20935,2
20936,2
20937,2
20938,2
20939,2
20940,2
20941,2
20942,2
20943,2
20944,2
20945,2
20946,2
20947,2
20948,2
20949,2
20950,2
20951,2
20952,2
20953,2
20954,2
20955,2
20956,2
20957,2
20958,2
20959,2
20960,2
20961,2
20962,2
20963,2
20964,2
20965,2
20966,2
20967,2
20968,2
20969,2
20970,2
20971,2
20972,2
20973,2
20974,2
20975,2
20976,2
20977,2
20978,2
20979,2
20980,2
20981,2
20982,2
20983,2
20984,2
20985,2
20986,2
20987,2
20988,2
20989,2
20990,2
20991,2
20992,2
20993,2
20994,2
20995,2
20996,2
20997,2
20998,2
20999,2
21000,2
21001,2
21002,2
21003,2
21004,2
21005,2
21006,2
21007,2
21008,2
21009,2
21010,2
21011,2
21012,2
21013,2
21014,2
21015,2
21016,2
21017,2
21018,2
21019,2
21020,2
21021,2
21022,2
21023,2
21024,2
21025,2
21026,2
21027,2
21028,2
21029,2
21030,2
21031,2
21032,2
21033,2
21034,2
21035,2
21036,2
21037,2
21038,2
21039,2
21040,2
21041,2
21042,2
21043,2
21044,2
21045,2
21046,2
21047,2
21048,2
21049,2
21050,2
21051,2
21052,2
21053,2
21054,2
21055,2
21056,2
21057,2
21058,2
21059,2
21060,2
21061,2
21062,2
21063,2
21064,2
21065,2
21066,2
21067,2
21068,2
21069,2
21070,2
21071,2
21072,2
21073,2
21074,2
21075,2
21076,2
21077,2
21078,2
21079,2
21080,2
21081,2
21082,2
21083,2
21084,2
21085,2
21086,2
21087,2
21088,2
21089,2
21090,2
21091,2
21092,2
21093,2
21094,2
21095,2
21096,2
21097,2
21098,2
21099,2
21100,2
21101,2
21102,2
21103,2
21104,2
21105,2
21106,2
21107,2
21108,2
21109,2
21110,2
21111,2
21112,2
21113,2
21114,2
21115,2
21116,2
21117,2
21118,2
21119,2
21120,2
21121,2
21122,2
21123,2
21124,2
21125,2
21126,2
21127,2
21128,2
21129,2
21130,2
21131,2
21132,2
21133,2
21134,2
21135,2
21136,2
21137,2
21138,2
21139,2
21140,2
21141,2
21142,2
21143,2
21144,2
21145,2
21146,2
21147,2
21148,2
21149,2
21150,2
21151,2
21152,2
21153,2
21154,2
21155,2
21156,2
21157,2
21158,2
21159,2
21160,2
21161,2
21162,2
21163,2
21164,2
21165,2
21166,2
21167,2
21168,2
21169,2
21170,2
21171,2
21172,2
21173,2
21174,2
21175,2
21176,2
21177,2
21178,2
21179,2
21180,2
21181,2
21182,2
21183,2
21184,2
21185,2
21186,2
21187,2
21188,2
21189,0
21190,0
21191,0
21192,0
21193,0
21194,0
21195,0
21196,0
21197,0
21198,0
21199,0
21200,0
21201,0
21202,0
21203,0
21204,0
21205,0
21206,0
21207,0
21208,0
21209,0
21210,0
21211,0
21212,0
21213,0
21214,0
21215,0
21216,0
21217,0
21218,0
21219,0
21220,0
21221,0
21222,0
21223,0
21224,0
21225,0
21226,0
21227,0
21228,0
21229,0
21230,0
21231,0
21232,0
21233,0
21234,0
21235,0
21236,0
21237,0
21238,0
21239,0
21240,0
21241,0
21242,0
21243,0
21244,0
21245,0
21246,0
21247,0
21248,0
21249,0
21250,0
21251,0
21252,0
21253,0
21254,0
21255,0
21256,0
21257,0
21258,0
21259,0
21260,0
21261,0
21262,0
21263,0
21264,0
21265,0
21266,0
21267,0
21268,0
21269,0
21270,0
21271,0
21272,0
21273,0
21274,0
21275,0
21276,0
21277,0
21278,0
21279,0
21280,0
21281,0
21282,0
21283,0
21284,0
21285,0
21286,0
21287,0
21288,0
21289,0
21290,0
21291,0
21292,0
21293,0
21294,0
21295,0
21296,0
21297,0
21298,0
21299,0
21300,0
21301,0
21302,0
21303,0
21304,0
21305,0
21306,0
21307,0
21308,0
21309,0
21310,0
21311,0
21312,0
21313,0
21314,0
21315,0
21316,0
21317,0
21318,0
21319,0
21320,0
21321,0
21322,0
21323,0
21324,0
21325,0
21326,0
21327,0
21328,0
21329,0
21330,0
21331,0
21332,0
21333,0
21334,0
21335,0
21336,0
21337,0
21338,0
21339,0
21340,0
21341,0
21342,0
21343,0
21344,0
21345,0
21346,0
21347,0
21348,0
21349,0
21350,0
21351,0
21352,0
21353,0
21354,0
21355,0
21356,0
21357,0
21358,0
21359,0
21360,0
21361,0
21362,0
21363,0
21364,0
21365,0
21366,0
21367,0
21368,0
21369,0
21370,0
21371,0
21372,0
21373,0
21374,0
21375,0
21376,0
21377,0
21378,0
21379,0
21380,0
21381,0
21382,0
21383,0
21384,0
21385,0
21386,0
21387,0
21388,0
21389,0
21390,0
21391,0
21392,0
21393,0
21394,0
21395,0
21396,0
21397,0
21398,0
21399,0
21400,0
21401,0
21402,0
21403,0
21404,0
21405,0
21406,0
21407,3
21408,3
21409,3
21410,3
21411,3
21412,3
21413,3
21414,3
21415,3
21416,3
21417,3
21418,3
21419,3
21420,3
21421,3
21422,3
21423,3
21424,3
21425,3
21426,3
21427,3
21428,3
21429,3
21430,3
21431,3
21432,3
21433,3
21434,3
21435,3
21436,3
21437,3
21438,3
21439,3
21440,3
21441,3
21442,3
21443,3
21444,3
21445,3
21446,3
21447,3
21448,3
21449,3
21450,3
21451,3
21452,3
21453,3
21454,3
21455,3
21456,3
21457,3
21458,3
21459,3
21460,3
21461,3
21462,3
21463,3
21464,3
21465,3
21466,3
21467,3
21468,3
21469,3
21470,3
21471,3
21472,3
21473,3
21474,3
21475,3
21476,3
21477,3
21478,3
21479,3
21480,3
21481,3
21482,3
21483,3
21484,3
21485,3
21486,3
21487,3
21488,3
21489,3
21490,3
21491,3
21492,3
21493,3
21494,3
21495,3
21496,3
21497,3
21498,3
21499,3
21500,3
21501,3
21502,3
21503,3
21504,3
21505,3
21506,3
21507,3
21508,3
21509,3
21510,3
21511,3
21512,3
21513,3
21514,3
21515,3
21516,3
21517,3
21518,3
21519,3
21520,3
21521,3
21522,3
21523,3
21524,3
21525,3
21526,3
21527,3
21528,3
21529,3
21530,3
21531,3
21532,3
21533,3
21534,3
21535,3
21536,3
21537,3
21538,3
21539,3
21540,3
21541,3
21542,3
21543,3
21544,3
21545,3
21546,3
21547,3
21548,3
21549,3
21550,3
21551,3
21552,3
21553,3
21554,3
21555,3
21556,3
21557,3
21558,3
21559,3
21560,3
21561,3
21562,3
21563,3
21564,3
21565,3
21566,3
21567,3
21568,3
21569,3
21570,3
21571,3
21572,3
21573,3
21574,3
21575,3
21576,3
21577,3
21578,3
21579,3
21580,3
21581,3
21582,3
21583,3
21584,3
21585,3
21586,3
21587,3
21588,3
21589,3
21590,3
21591,3
21592,3
21593,3
21594,3
21595,3
21596,3
21597,3
21598,3
21599,3
21600,3
21601,3
21602,3
21603,3
21604,3
21605,3
21606,3
21607,3
21608,3
21609,3
21610,3
21611,3
21612,3
21613,3
21614,3
21615,3
21616,3
21617,3
21618,3
21619,3
21620,3
21621,3
21622,3
21623,3
21624,3
21625,3
21626,3
21627,3
21628,3
21629,3
21630,3
21631,3
21632,3
21633,3
21634,3
21635,3
21636,3
21637,3
21638,3
21639,3
21640,3
21641,3
21642,3
21643,3
21644,3
21645,3
21646,3
21647,3
21648,3
21649,3
21650,3
21651,3
21652,3
21653,3
21654,3
21655,3
21656,3
21657,3
21658,3
21659,3
21660,3
21661,3
21662,3
21663,3
21664,3
21665,3
21666,3
21667,3
21668,3
21669,3
21670,3
21671,3
21672,3
21673,3
21674,3
21675,3
21676,3
21677,3
21678,3
21679,3
21680,3
21681,3
21682,3
21683,3
21684,3
21685,3
21686,3
21687,3
21688,3
21689,3
21690,3
21691,3
21692,3
21693,3
21694,3
21695,3
21696,3
21697,3
21698,3
21699,3
21700,3
21701,3
21702,3
21703,0
21704,0
21705,0
21706,0
21707,0
21708,0
21709,0
21710,0
21711,0
21712,0
21713,0
21714,0
21715,0
21716,0
21717,0
21718,0
21719,0
21720,0
21721,0
21722,0
21723,0
21724,0
21725,0
21726,0
21727,0
21728,0
21729,0
21730,0
21731,0
21732,0
21733,0
21734,0
21735,0
21736,0
21737,0
21738,0
21739,0
21740,0
21741,0
21742,0
21743,0
21744,0
21745,0
21746,0
21747,0
21748,0
21749,0
21750,0
21751,0
21752,0
21753,0
21754,0
21755,0
21756,0
21757,0
21758,0
21759,0
21760,0
21761,0
21762,0
21763,0
21764,0
21765,0
21766,0
21767,0
21768,0
21769,0
21770,0
21771,0
21772,0
21773,0
21774,0
21775,0
21776,0
21777,0
21778,0
21779,0
21780,0
21781,0
21782,0
21783,0
21784,0
21785,0
21786,0
21787,0
21788,0
21789,0
21790,0
21791,0
21792,0
21793,0
21794,0
21795,0
21796,0
21797,0
21798,0
21799,0
21800,0
21801,0
21802,0
21803,0
21804,0
21805,0
21806,0
21807,0
21808,0
21809,0
21810,0
21811,0
21812,0
21813,0
21814,0
21815,0
21816,0
21817,0
21818,0
21819,0
21820,0
21821,0
21822,0
21823,0
21824,0
21825,0
21826,0
21827,0
21828,0
21829,0
21830,0
21831,0
21832,0
21833,0
21834,0
21835,0
21836,0
21837,0
21838,0
21839,0
21840,0
21841,0
21842,0
21843,0
21844,0
21845,0
21846,0
21847,0
21848,0
21849,0
21850,0
21851,0
21852,0
21853,0
21854,0
21855,0
21856,0
21857,0
21858,0
21859,0
21860,0
21861,0
21862,0
21863,0
21864,0
21865,0
21866,0
21867,0
21868,0
21869,0
21870,0
21871,0
21872,0
21873,0
21874,0
21875,0
21876,0
21877,0
21878,0
21879,0
21880,0
21881,0
21882,0
21883,0
21884,0
21885,0
21886,0
21887,0
21888,0
21889,0
21890,0
21891,0
21892,0
21893,0
21894,0
21895,0
21896,0
21897,0
21898,0
21899,0
21900,0
21901,0
21902,0
21903,0
21904,0
21905,0
21906,0
21907,0
21908,0
21909,0
21910,0
21911,0
21912,0
21913,0
21914,0
21915,0
21916,0
21917,0
21918,0
21919,0
21920,0
21921,0
21922,0
21923,0
21924,0
21925,0
21926,0
21927,0
21928,0
21929,0
21930,0
21931,0
21932,0
21933,0
21934,0
21935,0
21936,0
21937,0
21938,0
21939,0
21940,0
21941,0
21942,0
21943,0
21944,0
21945,0
21946,0
21947,0
21948,0
21949,0
21950,0
21951,0
21952,0
21953,0
21954,0
21955,0
21956,0
21957,0
21958,0
21959,0
21960,0
21961,0
21962,0
21963,0
21964,0
21965,0
21966,0
21967,0
21968,0
21969,0
21970,0
21971,0
21972,0
21973,0
21974,0
21975,0
21976,0
21977,0
21978,0
21979,0
21980,0
21981,0
21982,0
21983,0
21984,0
21985,0
21986,0
21987,0
21988,0
21989,0
21990,0
21991,0
21992,0
21993,0
21994,0
21995,0
21996,0
21997,0
21998,0
21999,0
22000,0
22001,0
22002,0
22003,0
22004,0
22005,0
22006,0
22007,0
22008,0
22009,0
22010,0
22011,0
22012,0
22013,0
22014,0
22015,0
22016,0
22017,0
22018,0
22019,0
22020,0
22021,0
22022,0
22023,0
22024,0
22025,0
22026,0
22027,0
22028,0
22029,0
22030,0
22031,0
22032,0
22033,0
22034,0
22035,0
22036,0
22037,0
22038,0
22039,0
22040,0
22041,0
22042,0
22043,0
22044,0
22045,0
22046,0
22047,0
22048,0
22049,0
22050,0
22051,0
22052,0
22053,0
22054,0
22055,0
22056,0
22057,0
22058,0
22059,0
22060,0
22061,0
22062,0
22063,0
22064,0
22065,3
22066,3
22067,3
22068,3
22069,3
22070,3
22071,3
22072,3
22073,3
22074,3
22075,3
22076,3
22077,3
22078,3
22079,3
22080,3
22081,3
22082,3
22083,3
22084,3
22085,3
22086,3
22087,3
22088,3
22089,3
22090,3
22091,3
22092,3
22093,3
22094,3
22095,3
22096,3
22097,3
22098,3
22099,3
22100,3
22101,3
22102,3
22103,3
22104,3
22105,3
22106,3
22107,3
22108,3
22109,3
22110,3
22111,3
22112,3
22113,3
22114,3
22115,3
22116,3
22117,3
22118,3
22119,3
22120,3
22121,3
22122,3
22123,3
22124,3
22125,3
22126,3
22127,3
22128,3
22129,3
22130,3
22131,3
22132,3
22133,3
22134,3
22135,3
22136,3
22137,3
22138,3
22139,3
22140,3
22141,3
22142,3
22143,3
22144,3
22145,3
22146,3
22147,3
22148,3
22149,3
22150,3
22151,3
22152,3
22153,3
22154,3
22155,3
22156,3
22157,3
22158,3
22159,3
22160,3
22161,3
22162,3
22163,3
22164,3
22165,3
22166,3
22167,3
22168,3
22169,3
22170,3
22171,3
22172,3
22173,3
22174,3
22175,3
22176,3
22177,3
22178,3
22179,3
22180,3
22181,3
22182,3
22183,3
22184,3
22185,3
22186,3
22187,3
22188,3
22189,3
22190,3
22191,3
22192,3
22193,3
22194,3
22195,3
22196,3
22197,3
22198,3
22199,3
22200,3
22201,3
22202,3
22203,3
22204,3
22205,3
22206,3
22207,3
22208,3
22209,3
22210,3
22211,3
22212,3
22213,3
22214,3
22215,3
22216,3
22217,3
22218,3
22219,3
22220,3
22221,3
22222,3
22223,3
22224,3
22225,3
22226,3
22227,3
22228,3
22229,3
22230,3
22231,3
22232,3
22233,3
22234,3
22235,3
22236,3
22237,3
22238,3
22239,3
22240,3
22241,3
22242,3
22243,3
22244,3
22245,3
22246,3
22247,3
22248,3
22249,3
22250,3
22251,3
22252,3
22253,3
22254,3
22255,3
22256,3
22257,3
22258,3
22259,3
22260,3
22261,3
22262,3
22263,3
22264,3
22265,3
22266,3
22267,3
22268,3
22269,3
22270,3
22271,3
22272,3
22273,3
22274,3
22275,3
22276,3
22277,3
22278,3
22279,3
22280,3
22281,3
22282,3
22283,3
22284,3
22285,3
22286,3
22287,3
22288,3
22289,3
22290,3
22291,3
22292,3
22293,3
22294,3
22295,3
22296,3
22297,3
22298,3
22299,3
22300,3
22301,3
22302,3
22303,3
22304,3
22305,3
22306,3
22307,3
22308,3
22309,3
22310,3
22311,3
22312,3
22313,3
22314,3
22315,3
22316,3
22317,3
22318,3
22319,3
22320,3
22321,3
22322,3
22323,3
22324,3
22325,3
22326,3
22327,3
22328,3
22329,3
22330,3
22331,3
22332,3
22333,3
22334,3
22335,3
22336,3
22337,3
22338,3
22339,3
22340,3
22341,3
22342,3
22343,3
22344,3
22345,3
22346,3
22347,3
22348,3
22349,3
22350,3
22351,3
22352,3
22353,3
22354,3
22355,3
22356,3
22357,3
22358,3
22359,3
22360,0
22361,0
22362,0
22363,0
22364,0
22365,0
22366,0
22367,0
22368,0
22369,0
22370,0
22371,0
22372,0
22373,0
22374,0
22375,0
22376,0
22377,0
22378,0
22379,0
22380,0
22381,0
22382,0
22383,0
22384,0
22385,0
22386,0
22387,0
22388,0
22389,0
22390,0
22391,0
22392,0
22393,0
22394,0
22395,0
22396,0
22397,0
22398,0
22399,0
22400,0
22401,0
22402,0
22403,0
22404,0
22405,0
22406,0
22407,0
22408,0
22409,0
22410,0
22411,0
22412,0
22413,0
22414,0
22415,0
22416,0
22417,0
22418,0
22419,0
22420,0
22421,0
22422,0
22423,0
22424,0
22425,0
22426,0
22427,0
22428,0
22429,0
22430,0
22431,0
22432,0
22433,0
22434,0
22435,0
22436,0
22437,0
22438,0
22439,0
22440,0
22441,0
22442,0
22443,0
22444,0
22445,0
22446,0
22447,0
22448,0
22449,0
22450,0
22451,0
22452,0
22453,0
22454,0
22455,0
22456,0
22457,0
22458,0
22459,0
22460,0
22461,0
22462,0
22463,0
22464,0
22465,0
22466,0
22467,0
22468,0
22469,0
22470,0
22471,0
22472,0
22473,0
22474,0
22475,0
22476,0
22477,0
22478,0
22479,0
22480,0
22481,0
22482,0
22483,0
22484,0
22485,0
22486,0
22487,0
22488,0
22489,0
22490,0
22491,0
22492,0
22493,0
22494,0
22495,0
22496,0
22497,0
22498,0
22499,0
22500,0
22501,0
22502,0
22503,0
22504,0
22505,0
22506,0
22507,0
22508,0
22509,0
22510,0
22511,0
22512,0
22513,0
22514,0
22515,0
22516,0
22517,0
22518,0
22519,0
22520,0
22521,0
22522,0
22523,0
22524,0
22525,0
22526,0
22527,0
22528,0
22529,0
22530,0
22531,0
22532,0
22533,0
22534,0
22535,0
22536,0
22537,0
22538,0
22539,0
22540,0
22541,0
22542,0
22543,0
22544,0
22545,0
22546,0
22547,0
22548,0
22549,0
22550,0
22551,0
22552,0
22553,0
22554,0
22555,0
22556,0
22557,0
22558,0
22559,0
22560,0
22561,0
22562,0
22563,0
22564,0
22565,0
22566,0
22567,0
22568,0
22569,0
22570,0
22571,0
22572,0
22573,0
22574,0
22575,0
22576,0
22577,0
22578,0
22579,0
22580,0
22581,0
22582,0
22583,0
22584,0
22585,0
22586,0
22587,0
22588,0
22589,0
22590,0
22591,0
22592,0
22593,0
22594,0
22595,0
22596,0
22597,0
22598,0
22599,0
22600,0
22601,0
22602,0
22603,0
22604,0
22605,0
22606,0
22607,0
22608,0
22609,0
22610,0
22611,0
22612,0
22613,0
22614,0
22615,0
22616,0
22617,0
22618,0
22619,0
22620,0
22621,0
22622,0
22623,0
22624,0
22625,0
22626,0
22627,0
22628,0
22629,0
22630,0
22631,0
22632,0
22633,0
22634,0
22635,0
22636,0
22637,0
22638,0
22639,0
22640,0
22641,0
22642,0
22643,0
22644,0
22645,0
22646,0
22647,0
22648,0
22649,0
22650,0
22651,0
22652,0
22653,0
22654,0
22655,0
22656,0
22657,0
22658,0
22659,3
22660,3
22661,3
22662,3
22663,3
22664,3
22665,3
22666,3
22667,3
22668,3
22669,3
22670,3
22671,3
22672,3
22673,3
22674,3
22675,3
22676,3
22677,3
22678,3
22679,3
22680,3
22681,3
22682,3
22683,3
22684,3
22685,3
22686,3
22687,3
22688,3
22689,3
22690,3
22691,3
22692,3
22693,3
22694,3
22695,3
22696,3
22697,3
22698,3
22699,3
22700,3
22701,3
22702,3
22703,3
22704,3
22705,3
22706,3
22707,3
22708,3
22709,3
22710,3
22711,3
22712,3
22713,3
22714,3
22715,3
22716,3
22717,3
22718,3
22719,3
22720,3
22721,3
22722,3
22723,3
22724,3
22725,3
22726,3
22727,3
22728,3
22729,3
22730,3
22731,3
22732,3
22733,3
22734,3
22735,3
22736,3
22737,3
22738,3
22739,3
22740,3
22741,3
22742,3
22743,3
22744,3
22745,3
22746,3
22747,3
22748,3
22749,3
22750,3
22751,3
22752,3
22753,3
22754,3
22755,3
22756,3
22757,3
22758,3
22759,3
22760,3
22761,3
22762,3
22763,3
22764,3
22765,3
22766,3
22767,3
22768,3
22769,3
22770,3
22771,3
22772,3
22773,3
22774,3
22775,3
22776,3
22777,3
22778,3
22779,3
22780,3
22781,3
22782,3
22783,3
22784,3
22785,3
22786,3
22787,3
22788,3
22789,3
22790,3
22791,3
22792,3
22793,3
22794,3
22795,3
22796,3
22797,3
22798,3
22799,3
22800,3
22801,3
22802,3
22803,3
22804,3
22805,3
22806,3
22807,3
22808,3
22809,3
22810,3
22811,3
22812,3
22813,3
22814,3
22815,3
22816,3
22817,3
22818,3
22819,3
22820,3
22821,3
22822,3
22823,3
22824,3
22825,3
22826,3
22827,3
22828,3
22829,3
22830,3
22831,3
22832,3
22833,3
22834,3
22835,3
22836,3
22837,3
22838,3
22839,3
22840,3
22841,3
22842,3
22843,3
22844,3
22845,3
22846,3
22847,3
22848,3
22849,3
22850,3
22851,3
22852,3
22853,3
22854,3
22855,3
22856,3
22857,3
22858,3
22859,3
22860,3
22861,3
22862,3
22863,3
22864,3
22865,3
22866,3
22867,3
22868,3
22869,3
22870,3
22871,3
22872,3
22873,3
22874,3
22875,3
22876,3
22877,3
22878,3
22879,3
22880,3
22881,3
22882,3
22883,3
22884,3
22885,3
22886,3
22887,3
22888,3
22889,3
22890,3
22891,3
22892,3
22893,3
22894,3
22895,3
22896,3
22897,3
22898,3
22899,3
22900,3
22901,3
22902,3
22903,3
22904,3
22905,3
22906,3
22907,3
22908,3
22909,3
22910,3
22911,0
22912,0
22913,0
22914,0
22915,0
22916,0
22917,0
22918,0
22919,0
22920,0
22921,0
22922,0
22923,0
22924,0
22925,0
22926,0
22927,0
22928,0
22929,0
22930,0
22931,0
22932,0
22933,0
22934,0
22935,0
22936,0
22937,0
22938,0
22939,0
22940,0
22941,0
22942,0
22943,0
22944,0
22945,0
22946,0
22947,0
22948,0
22949,0
22950,0
22951,0
22952,0
22953,0
22954,0
22955,0
22956,0
22957,0
22958,0
22959,0
22960,0
22961,0
22962,0
22963,0
22964,0
22965,0
22966,0
22967,0
22968,0
22969,0
22970,0
22971,0
22972,0
22973,0
22974,0
22975,0
22976,0
22977,0
22978,0
22979,0
22980,0
22981,0
22982,0
22983,0
22984,0
22985,0
22986,0
22987,0
22988,0
22989,0
22990,0
22991,0
22992,0
22993,0
22994,0
22995,0
22996,0
22997,1
22998,1
22999,1
23000,1
23001,1
23002,1
23003,1
23004,1
23005,1
23006,1
23007,1
23008,1
23009,1
23010,1
23011,1
23012,1
23013,1
23014,1
23015,1
23016,1
23017,1
23018,1
23019,1
23020,1
23021,1
23022,1
23023,1
23024,1
23025,1
23026,1
23027,1
23028,1
23029,1
23030,1
23031,1
23032,1
23033,1
23034,1
23035,1
23036,1
23037,1
23038,1
23039,1
23040,1
23041,1
23042,1
23043,1
23044,1
23045,1
23046,1
23047,1
23048,1
23049,1
23050,1
23051,1
23052,1
23053,1
23054,1
23055,1
23056,1
23057,1
23058,1
23059,1
23060,1
23061,1
23062,1
23063,1
23064,1
23065,1
23066,1
23067,1
23068,1
23069,1
23070,1
23071,1
23072,1
23073,1
23074,1
23075,1
23076,1
23077,1
23078,1
23079,1
23080,1
23081,1
23082,1
23083,1
23084,1
23085,1
23086,1
23087,1
23088,1
23089,1
23090,1
23091,1
23092,1
23093,1
23094,1
23095,1
23096,1
23097,1
23098,1
23099,1
23100,1
23101,1
23102,1
23103,1
23104,1
23105,1
23106,1
23107,1
23108,1
23109,1
23110,1
23111,1
23112,1
23113,1
23114,1
23115,1
23116,1
23117,1
23118,1
23119,1
23120,1
23121,1
23122,1
23123,1
23124,1
23125,1
23126,1
23127,1
23128,1
23129,1
23130,1
23131,1
23132,1
23133,1
23134,1
23135,1
23136,1
23137,1
23138,1
23139,1
23140,1
23141,1
23142,1
23143,1
23144,1
23145,1
23146,1
23147,1
23148,1
23149,1
23150,1
23151,1
23152,1
23153,1
23154,1
23155,1
23156,1
23157,1
23158,1
23159,1
23160,1
23161,1
23162,1
23163,1
23164,1
23165,1
23166,1
23167,1
23168,1
23169,1
23170,1
23171,1
23172,1
23173,1
23174,1
23175,1
23176,1
23177,1
23178,1
23179,1
23180,1
23181,1
23182,1
23183,1
23184,1
23185,1
23186,1
23187,1
23188,1
23189,1
23190,1
23191,1
23192,1
23193,1
23194,1
23195,1
23196,1
23197,1
23198,1
23199,1
23200,1
23201,1
23202,1
23203,1
23204,1
23205,1
23206,1
23207,1
23208,1
23209,1
23210,1
23211,1
23212,1
23213,1
23214,1
23215,1
23216,1
23217,1
23218,1
23219,1
23220,1
23221,1
23222,1
23223,1
23224,1
23225,1
23226,1
23227,1
23228,1
23229,1
23230,1
23231,1
23232,1
23233,1
23234,1
23235,1
23236,1
23237,1
23238,1
23239,1
23240,1
23241,1
23242,1
23243,1
23244,1
23245,1
23246,1
23247,1
23248,1
23249,1
23250,1
23251,1
23252,1
23253,1
23254,1
23255,1
23256,1
23257,1
23258,1
23259,1
23260,1
23261,1
23262,1
23263,1
23264,1
23265,1
23266,1
23267,1
23268,1
23269,1
23270,1
23271,1
23272,1
23273,1
23274,1
23275,1
23276,1
23277,1
23278,1
23279,1
23280,1
23281,1
23282,1
23283,1
23284,1
23285,1
23286,1
23287,1
23288,1
23289,1
23290,1
23291,1
23292,1
23293,1
23294,1
23295,1
23296,1
23297,1
23298,1
23299,1
23300,1
23301,1
23302,1
23303,1
23304,1
23305,1
23306,1
23307,1
23308,1
23309,1
23310,1
23311,1
23312,1
23313,1
23314,1
23315,1
23316,1
23317,1
23318,1
23319,1
23320,1
23321,1
23322,1
23323,1
23324,1
23325,1
23326,1
23327,1
23328,1
23329,1
23330,1
23331,1
23332,1
23333,1
23334,1
23335,1
23336,1
23337,1
23338,1
23339,1
23340,1
23341,1
23342,1
23343,1
23344,1
23345,1
23346,1
23347,1
23348,1
23349,1
23350,1
23351,1
23352,1
23353,1
23354,1
23355,1
23356,1
23357,1
23358,1
23359,1
23360,1
23361,1
23362,1
23363,1
23364,1
23365,1
23366,1
23367,1
23368,1
23369,1
23370,1
23371,1
23372,1
23373,1
23374,1
23375,1
23376,1
23377,1
23378,1
23379,1
23380,1
23381,1
23382,1
23383,1
23384,1
23385,1
23386,1
23387,1
23388,1
23389,1
23390,1
23391,1
23392,1
23393,1
23394,1
23395,1
23396,1
23397,1
23398,1
23399,1
23400,1
23401,1
23402,1
23403,1
23404,1
23405,1
23406,1
23407,1
23408,1
23409,1
23410,1
23411,1
23412,1
23413,1
23414,1
23415,1
23416,1
23417,1
23418,1
23419,1
23420,1
23421,1
23422,1
23423,1
23424,1
23425,1
23426,1
23427,1
23428,1
23429,1
23430,1
23431,1
23432,1
23433,1
23434,1
23435,1
23436,1
23437,1
23438,1
23439,1
23440,1
23441,1
23442,1
23443,1
23444,1
23445,1
23446,1
23447,1
23448,1
23449,1
23450,1
23451,1
23452,1
23453,1
23454,1
23455,1
23456,1
23457,1
23458,1
23459,1
23460,1
23461,1
23462,1
23463,1
23464,1
23465,1
23466,1
23467,1
23468,1
23469,1
23470,1
23471,1
23472,1
23473,1
23474,1
23475,1
23476,1
23477,1
23478,1
23479,1
23480,1
23481,1
23482,1
23483,1
23484,1
23485,1
23486,1
23487,1
23488,1
23489,1
23490,1
23491,1
23492,1
23493,1
23494,1
23495,1
23496,1
23497,1
23498,1
23499,1
23500,1
23501,1
23502,1
23503,1
23504,1
23505,1
23506,1
23507,1
23508,1
23509,1
23510,1
23511,1
23512,1
23513,1
23514,1
23515,1
23516,1
23517,1
23518,1
23519,1
23520,1
23521,1
23522,1
23523,1
23524,1
23525,1
23526,1
23527,1
23528,1
23529,1
23530,1
23531,1
23532,1
23533,1
23534,1
23535,1
23536,1
23537,1
23538,1
23539,1
23540,1
23541,1
23542,1
23543,1
23544,1
23545,1
23546,1
23547,1
23548,1
23549,1
23550,1
23551,1
23552,1
23553,1
23554,1
23555,1
23556,1
23557,1
23558,1
23559,1
23560,1
23561,1
23562,1
23563,1
23564,1
23565,1
23566,1
23567,1
23568,1
23569,1
23570,1
23571,1
23572,1
23573,1
23574,1
23575,1
23576,1
23577,1
23578,1
23579,1
23580,1
23581,1
23582,1
23583,1
23584,1
23585,1
23586,1
23587,1
23588,1
23589,1
23590,1
23591,1
23592,1
23593,1
23594,1
23595,1
23596,1
23597,1
23598,1
23599,1
23600,1
23601,1
23602,1
23603,1
23604,1
23605,1
23606,1
23607,1
23608,1
23609,1
23610,1
23611,1
23612,1
23613,1
23614,1
23615,1
23616,1
23617,1
23618,1
23619,1
23620,1
23621,1
23622,1
23623,1
23624,1
23625,1
23626,1
23627,1
23628,1
23629,1
23630,1
23631,1
23632,1
23633,1
23634,1
23635,1
23636,1
23637,1
23638,1
23639,1
23640,1
23641,1
23642,1
23643,1
23644,1
23645,1
23646,1
23647,1
23648,1
23649,1
23650,1
23651,1
23652,1
23653,1
23654,1
23655,1
23656,1
23657,1
23658,1
23659,1
23660,1
23661,1
23662,1
23663,1
23664,1
23665,1
23666,1
23667,1
23668,1
23669,1
23670,1
23671,1
23672,1
23673,1
23674,1
23675,1
23676,1
23677,1
23678,1
23679,1
23680,1
23681,1
23682,1
23683,1
23684,1
23685,1
23686,1
23687,1
23688,1
23689,1
23690,1
23691,1
23692,1
23693,1
23694,1
23695,1
23696,1
23697,1
23698,1
23699,1
23700,1
23701,1
23702,1
23703,1
23704,1
23705,1
23706,1
23707,1
23708,1
23709,1
23710,1
23711,1
23712,1
23713,1
23714,1
23715,1
23716,1
23717,1
23718,1
23719,1
23720,1
23721,1
23722,1
23723,1
23724,1
23725,1
23726,1
23727,1
23728,1
23729,1
23730,1
23731,1
23732,1
23733,1
23734,1
23735,1
23736,1
23737,1
23738,1
23739,1
23740,1
23741,1
23742,1
23743,1
23744,1
23745,1
23746,1
23747,1
23748,1
23749,1
23750,1
23751,1
23752,1
23753,1
23754,1
23755,1
23756,1
23757,1
23758,1
23759,1
23760,1
23761,1
23762,1
23763,1
23764,1
23765,1
23766,1
23767,1
23768,1
23769,1
23770,1
23771,1
23772,1
23773,1
23774,1
23775,1
23776,1
23777,1
23778,1
23779,1
23780,1
23781,1
23782,1
23783,1
23784,1
23785,1
23786,1
23787,1
23788,1
23789,1
23790,1
23791,1
23792,1
23793,1
23794,1
23795,1
23796,1
23797,1
23798,1
23799,1
23800,1
23801,1
23802,1
23803,1
23804,1
23805,1
23806,1
23807,1
23808,1
23809,1
23810,1
23811,1
23812,1
23813,1
23814,1
23815,1
23816,1
23817,1
23818,1
23819,1
23820,1
23821,1
23822,1
23823,1
23824,1
23825,1
23826,1
23827,1
23828,1
23829,1
23830,1
23831,1
23832,1
23833,1
23834,1
23835,1
23836,1
23837,1
23838,1
23839,1
23840,1
23841,1
23842,1
23843,1
23844,1
23845,1
23846,1
23847,1
23848,1
23849,1
23850,1
23851,1
23852,1
23853,1
23854,1
23855,1
23856,1
23857,1
23858,1
23859,1
23860,1
23861,1
23862,1
23863,1
23864,1
23865,1
23866,1
23867,1
23868,1
23869,1
23870,1
23871,1
23872,1
23873,1
23874,1
23875,1
23876,1
23877,1
23878,1
23879,1
23880,1
23881,1
23882,1
23883,1
23884,1
23885,1
23886,1
23887,1
23888,1
23889,1
23890,1
23891,1
23892,1
23893,1
23894,1
23895,1
23896,1
23897,1
23898,1
23899,1
23900,1
23901,1
23902,1
23903,1
23904,1
23905,1
23906,1
23907,1
23908,1
23909,1
23910,1
23911,1
23912,1
23913,1
23914,1
23915,1
23916,1
23917,1
23918,1
23919,1
23920,1
23921,1
23922,1
23923,1
23924,1
23925,1
23926,1
23927,1
23928,1
23929,1
23930,1
23931,1
23932,1
23933,1
23934,1
23935,1
23936,1
23937,1
23938,1
23939,1
23940,1
23941,1
23942,1
23943,1
23944,1
23945,1
23946,1
23947,1
23948,1
23949,1
23950,1
23951,1
23952,1
23953,1
23954,1
23955,1
23956,1
23957,1
23958,1
23959,1
23960,1
23961,1
23962,1
23963,1
23964,1
23965,1
23966,1
23967,1
23968,1
23969,1
23970,1
23971,1
23972,1
23973,1
23974,1
23975,1
23976,1
23977,1
23978,1
23979,1
23980,1
23981,1
23982,1
23983,1
23984,1
23985,1
23986,1
23987,1
23988,1
23989,1
23990,1
23991,1
23992,1
23993,1
23994,1
23995,1
23996,1
23997,1
23998,1
23999,1
24000,1
24001,1
24002,1
24003,1
24004,1
24005,1
24006,1
24007,1
24008,1
24009,1
24010,1
24011,1
24012,1
24013,1
24014,1
24015,1
24016,1
24017,1
24018,1
24019,1
24020,1
24021,1
24022,1
24023,1
24024,1
24025,1
24026,1
24027,1
24028,1
24029,1
24030,1
24031,1
24032,1
24033,1
24034,1
24035,1
24036,1
24037,1
24038,1
24039,1
24040,1
24041,1
24042,1
24043,1
24044,1
24045,1
24046,1
24047,1
24048,1
24049,1
24050,1
24051,1
24052,1
24053,1
24054,1
24055,1
24056,1
24057,1
24058,1
24059,1
24060,1
24061,1
24062,1
24063,1
24064,1
24065,1
24066,1
24067,1
24068,1
24069,1
24070,1
24071,1
24072,1
24073,1
24074,1
24075,1
24076,1
24077,1
24078,1
24079,1
24080,1
24081,1
24082,1
24083,1
24084,1
24085,1
24086,1
24087,1
24088,1
24089,1
24090,1
24091,1
24092,1
24093,1
24094,1
24095,1
24096,1
24097,1
24098,1
24099,1
24100,1
24101,1
24102,1
24103,1
24104,1
24105,1
24106,1
24107,1
24108,1
24109,1
24110,1
24111,1
24112,1
24113,1
24114,1
24115,1
24116,1
24117,1
24118,1
24119,1
24120,1
24121,1
24122,1
24123,1
24124,1
24125,1
24126,1
24127,1
24128,1
24129,1
24130,1
24131,1
24132,1
24133,1
24134,1
24135,1
24136,1
24137,1
24138,1
24139,1
24140,1
24141,1
24142,1
24143,1
24144,1
24145,1
24146,1
24147,1
24148,1
24149,1
24150,1
24151,1
24152,1
24153,1
24154,1
24155,1
24156,1
24157,1
24158,1
24159,1
24160,1
24161,1
24162,1
24163,1
24164,1
24165,1
24166,1
24167,1
24168,1
24169,1
24170,1
24171,1
24172,1
24173,1
24174,1
24175,1
24176,1
24177,1
24178,1
24179,1
24180,1
24181,1
24182,1
24183,1
24184,1
24185,1
24186,1
24187,1
24188,1
24189,1
24190,1
24191,1
24192,1
24193,1
24194,1
24195,1
24196,1
24197,1
24198,1
24199,1
24200,1
24201,1
24202,1
24203,1
24204,1
24205,1
24206,1
24207,1
24208,1
24209,1
24210,1
24211,1
24212,1
24213,1
24214,1
24215,1
24216,1
24217,1
24218,1
24219,1
24220,1
24221,1
24222,1
24223,1
24224,1
24225,1
24226,1
24227,1
24228,1
24229,1
24230,1
24231,1
24232,1
24233,1
24234,1
24235,1
24236,1
24237,1
24238,1
24239,1
24240,2
24241,2
24242,2
24243,2
24244,2
24245,2
24246,2
24247,2
24248,2
24249,2
24250,2
24251,2
24252,2
24253,2
24254,2
24255,2
24256,2
24257,2
24258,2
24259,2
24260,2
24261,2
24262,2
24263,2
24264,2
24265,2
24266,2
24267,2
24268,2
24269,2
24270,2
24271,2
24272,2
24273,2
24274,2
24275,2
24276,2
24277,2
24278,2
24279,2
24280,2
24281,2
24282,2
24283,2
24284,2
24285,2
24286,2
24287,2
24288,2
24289,2
24290,2
24291,2
24292,2
24293,2
24294,2
24295,2
24296,2
24297,2
24298,2
24299,2
24300,2
24301,2
24302,2
24303,2
24304,2
24305,2
24306,2
24307,2
24308,2
24309,2
24310,2
24311,2
24312,2
24313,2
24314,2
24315,2
24316,2
24317,2
24318,2
24319,2
24320,2
24321,2
24322,2
24323,2
24324,2
24325,2
24326,2
24327,2
24328,2
24329,2
24330,2
24331,2
24332,2
24333,2
24334,2
24335,2
24336,2
24337,2
24338,2
24339,2
24340,2
24341,2
24342,2
24343,2
24344,2
24345,2
24346,2
24347,2
24348,2
24349,2
24350,2
24351,2
24352,2
24353,2
24354,2
24355,2
24356,2
24357,2
24358,2
24359,2
24360,2
24361,2
24362,2
24363,2
24364,2
24365,2
24366,2
24367,2
24368,2
24369,2
24370,2
24371,2
24372,2
24373,2
24374,2
24375,2
24376,2
24377,2
24378,2
24379,2
24380,2
24381,2
24382,2
24383,2
24384,2
24385,2
24386,2
24387,2
24388,2
24389,2
24390,2
24391,2
24392,2
24393,2
24394,2
24395,2
24396,2
24397,2
24398,2
24399,2
24400,2
24401,2
24402,2
24403,2
24404,2
24405,2
24406,2
24407,2
24408,2
24409,2
24410,2
24411,2
24412,2
24413,2
24414,2
24415,2
24416,2
24417,2
24418,2
24419,2
24420,2
24421,2
24422,2
24423,2
24424,2
24425,2
24426,2
24427,2
24428,2
24429,2
24430,2
24431,2
24432,2
24433,2
24434,2
24435,2
24436,2
24437,2
24438,2
24439,2
24440,2
24441,2
24442,2
24443,2
24444,2
24445,2
24446,2
24447,2
24448,2
24449,2
24450,2
24451,2
24452,2
24453,2
24454,2
24455,2
24456,2
24457,2
24458,2
24459,2
24460,2
24461,2
24462,2
24463,2
24464,2
24465,2
24466,2
24467,2
24468,2
24469,2
24470,2
24471,2
24472,2
24473,2
24474,2
24475,2
24476,2
24477,2
24478,2
24479,2
24480,2
24481,2
24482,2
24483,2
24484,2
24485,2
24486,2
24487,2
24488,2
24489,2
24490,2
24491,2
24492,2
24493,2
24494,2
24495,2
24496,2
24497,2
24498,2
24499,2
24500,2
24501,2
24502,2
24503,2
24504,2
24505,2
24506,2
24507,2
24508,2
24509,2
24510,2
24511,2
24512,2
24513,2
24514,2
24515,2
24516,2
24517,2
24518,2
24519,2
24520,2
24521,2
24522,2
24523,2
24524,2
24525,2
24526,2
24527,2
24528,2
24529,2
24530,2
24531,2
24532,2
24533,2
24534,2
24535,2
24536,2
24537,2
24538,2
24539,2
24540,2
24541,2
24542,2
24543,2
24544,2
24545,2
24546,2
24547,2
24548,2
24549,2
24550,2
24551,2
24552,2
24553,2
24554,2
24555,2
24556,2
24557,2
24558,2
24559,2
24560,2
24561,2
24562,2
24563,2
24564,2
24565,2
24566,2
24567,2
24568,2
24569,2
24570,2
24571,2
24572,2
24573,2
24574,2
24575,2
24576,2
24577,2
24578,2
24579,2
24580,2
24581,2
24582,2
24583,2
24584,2
24585,2
24586,2
24587,2
24588,2
24589,2
24590,2
24591,2
24592,2
24593,2
24594,2
24595,2
24596,2
24597,2
24598,2
24599,2
24600,2
24601,2
24602,2
24603,2
24604,2
24605,2
24606,2
24607,2
24608,2
24609,2
24610,2
24611,2
24612,2
24613,2
24614,2
24615,2
24616,2
24617,2
24618,2
24619,2
24620,2
24621,2
24622,2
24623,2
24624,2
24625,2
24626,2
24627,2
24628,2
24629,2
24630,2
24631,2
24632,2
24633,2
24634,2
24635,2
24636,2
24637,2
24638,2
24639,2
24640,2
24641,2
24642,2
24643,2
24644,2
24645,2
24646,2
24647,2
24648,2
24649,2
24650,2
24651,2
24652,2
24653,2
24654,2
24655,2
24656,2
24657,2
24658,2
24659,2
24660,2
24661,2
24662,2
24663,2
24664,2
24665,2
24666,2
24667,2
24668,2
24669,2
24670,2
24671,2
24672,2
24673,2
24674,2
24675,2
24676,2
24677,2
24678,2
24679,2
24680,2
24681,2
24682,2
24683,2
24684,2
24685,2
24686,2
24687,2
24688,2
24689,2
24690,2
24691,2
24692,2
24693,2
24694,2
24695,2
24696,2
24697,2
24698,2
24699,2
24700,2
24701,2
24702,2
24703,2
24704,2
24705,2
24706,2
24707,2
24708,2
24709,2
24710,2
24711,2
24712,2
24713,2
24714,2
24715,2
24716,2
24717,2
24718,2
24719,2
24720,2
24721,2
24722,2
24723,2
24724,2
24725,2
24726,2
24727,2
24728,2
24729,2
24730,2
24731,2
24732,2
24733,2
24734,2
24735,2
24736,2
24737,2
24738,2
24739,2
24740,2
24741,2
24742,2
24743,2
24744,2
24745,2
24746,2
24747,2
24748,2
24749,2
24750,2
24751,2
24752,2
24753,2
24754,2
24755,2
24756,2
24757,2
24758,2
24759,2
24760,2
24761,2
24762,2
24763,2
24764,2
24765,2
24766,2
24767,2
24768,2
24769,2
24770,2
24771,2
24772,2
24773,2
24774,2
24775,2
24776,2
24777,2
24778,2
24779,2
24780,2
24781,2
24782,2
24783,2
24784,2
24785,2
24786,2
24787,2
24788,2
24789,2
24790,2
24791,2
24792,2
24793,2
24794,2
24795,2
24796,2
24797,2
24798,2
24799,2
24800,2
24801,2
24802,2
24803,2
24804,2
24805,2
24806,2
24807,2
24808,2
24809,2
24810,2
24811,2
24812,2
24813,2
24814,2
24815,2
24816,2
24817,2
24818,2
24819,2
24820,2
24821,2
24822,2
24823,2
24824,2
24825,2
24826,2
24827,2
24828,2
24829,2
24830,2
24831,2
24832,2
24833,2
24834,2
24835,2
24836,2
24837,2
24838,2
24839,2
24840,2
24841,2
24842,2
24843,2
24844,2
24845,2
24846,2
24847,2
24848,2
24849,2
24850,2
24851,2
24852,2
24853,2
24854,2
24855,2
24856,2
24857,2
24858,2
24859,2
24860,2
24861,2
24862,2
24863,2
24864,2
24865,2
24866,2
24867,2
24868,2
24869,2
24870,2
24871,2
24872,2
24873,2
24874,2
24875,2
24876,2
24877,2
24878,2
24879,2
24880,2
24881,2
24882,2
24883,2
24884,2
24885,2
24886,2
24887,2
24888,2
24889,2
24890,2
24891,2
24892,2
24893,2
24894,2
24895,2
24896,2
24897,2
24898,2
24899,2
24900,2
24901,2
24902,2
24903,2
24904,2
24905,2
24906,2
24907,2
24908,2
24909,2
24910,2
24911,2
24912,2
24913,2
24914,2
24915,2
24916,2
24917,2
24918,2
24919,2
24920,2
24921,2
24922,2
24923,2
24924,2
24925,2
24926,2
24927,2
24928,2
24929,2
24930,2
24931,2
24932,2
24933,2
24934,2
24935,2
24936,2
24937,2
24938,2
24939,2
24940,2
24941,2
24942,2
24943,2
24944,2
24945,2
24946,2
24947,2
24948,2
24949,2
24950,2
24951,2
24952,2
24953,2
24954,2
24955,2
24956,2
24957,2
24958,2
24959,2
24960,2
24961,2
24962,2
24963,2
24964,2
24965,2
24966,2
24967,2
24968,2
24969,2
24970,2
24971,2
24972,2
24973,2
24974,2
24975,2
24976,2
24977,2
24978,2
24979,2
24980,2
24981,2
24982,2
24983,2
24984,2
24985,2
24986,2
24987,2
24988,2
24989,2
24990,2
24991,2
24992,2
24993,2
24994,2
24995,2
24996,2
24997,2
24998,2
24999,2
25000,2
25001,2
25002,2
25003,2
25004,2
25005,2
25006,2
25007,2
25008,2
25009,2
25010,2
25011,2
25012,2
25013,2
25014,2
25015,2
25016,2
25017,2
25018,2
25019,2
25020,2
25021,2
25022,2
25023,2
25024,2
25025,2
25026,2
25027,2
25028,2
25029,2
25030,2
25031,2
25032,2
25033,2
25034,2
25035,2
25036,2
25037,2
25038,2
25039,2
25040,2
25041,2
25042,2
25043,2
25044,2
25045,2
25046,2
25047,2
25048,2
25049,2
25050,2
25051,2
25052,2
25053,2
25054,2
25055,2
25056,2
25057,2
25058,2
25059,2
25060,2
25061,2
25062,2
25063,2
25064,2
25065,2
25066,2
25067,2
25068,2
25069,2
25070,2
25071,2
25072,2
25073,2
25074,2
25075,2
25076,2
25077,2
25078,2
25079,2
25080,2
25081,2
25082,2
25083,2
25084,2
25085,2
25086,2
25087,2
25088,2
25089,2
25090,2
25091,2
25092,2
25093,2
25094,2
25095,2
25096,2
25097,2
25098,2
25099,2
25100,2
25101,2
25102,2
25103,2
25104,2
25105,2
25106,2
25107,2
25108,2
25109,2
25110,2
25111,2
25112,2
25113,2
25114,2
25115,2
25116,2
25117,2
25118,2
25119,2
25120,2
25121,2
25122,2
25123,2
25124,2
25125,2
25126,2
25127,2
25128,2
25129,2
25130,2
25131,2
25132,2
25133,2
25134,2
25135,2
25136,2
25137,2
25138,2
25139,2
25140,2
25141,2
25142,2
25143,2
25144,2
25145,2
25146,2
25147,2
25148,2
25149,2
25150,2
25151,2
25152,2
25153,2
25154,2
25155,2
25156,2
25157,2
25158,2
25159,2
25160,2
25161,2
25162,2
25163,2
25164,2
25165,2
25166,2
25167,2
25168,2
25169,2
25170,2
25171,2
25172,2
25173,2
25174,2
25175,2
25176,2
25177,2
25178,2
25179,2
25180,2
25181,2
25182,2
25183,2
25184,2
25185,2
25186,2
25187,2
25188,2
25189,2
25190,2
25191,2
25192,2
25193,2
25194,2
25195,2
25196,2
25197,2
25198,2
25199,2
25200,2
25201,2
25202,2
25203,2
25204,2
25205,2
25206,2
25207,2
25208,2
25209,2
25210,2
25211,2
25212,2
25213,2
25214,2
25215,2
25216,2
25217,2
25218,2
25219,2
25220,2
25221,2
25222,2
25223,2
25224,2
25225,2
25226,2
25227,2
25228,2
25229,2
25230,2
25231,2
25232,2
25233,2
25234,2
25235,2
25236,2
25237,2
25238,2
25239,2
25240,2
25241,2
25242,2
25243,2
25244,2
25245,2
25246,2
25247,2
25248,2
25249,2
25250,2
25251,2
25252,2
25253,2
25254,2
25255,2
25256,2
25257,2
25258,2
25259,2
25260,2
25261,2
25262,2
25263,2
25264,2
25265,2
25266,2
25267,2
25268,2
25269,2
25270,2
25271,2
25272,2
25273,2
25274,2
25275,2
25276,2
25277,2
25278,2
25279,2
25280,2
25281,2
25282,2
25283,2
25284,2
25285,2
25286,2
25287,2
25288,2
25289,2
25290,2
25291,2
25292,2
25293,2
25294,2
25295,2
25296,2
25297,2
25298,2
25299,2
25300,2
25301,2
25302,2
25303,2
25304,2
25305,2
25306,2
25307,2
25308,2
25309,2
25310,2
25311,2
25312,2
25313,2
25314,2
25315,2
25316,2
25317,2
25318,2
25319,2
25320,2
25321,2
25322,2
25323,2
25324,2
25325,2
25326,2
25327,2
25328,2
25329,2
25330,2
25331,2
25332,2
25333,2
25334,2
25335,2
25336,2
25337,2
25338,2
25339,2
25340,2
25341,2
25342,2
25343,2
25344,2
25345,2
25346,2
25347,2
25348,2
25349,2
25350,2
25351,2
25352,2
25353,2
25354,2
25355,2
25356,2
25357,2
25358,2
25359,2
25360,2
25361,2
25362,2
25363,2
25364,2
25365,2
25366,2
25367,2
25368,2
25369,2
25370,2
25371,2
25372,2
25373,2
25374,2
25375,2
25376,2
25377,2
25378,2
25379,2
25380,2
25381,2
25382,2
25383,2
25384,2
25385,2
25386,2
25387,2
25388,2
25389,2
25390,2
25391,2
25392,2
25393,2
25394,2
25395,2
25396,2
25397,2
25398,2
25399,2
25400,2
25401,2
25402,2
25403,2
25404,2
25405,2
25406,2
25407,2
25408,2
25409,2
25410,2
25411,2
25412,2
25413,2
25414,2
25415,2
25416,2
25417,2
25418,2
25419,2
25420,2
25421,2
25422,2
25423,2
25424,2
25425,2
25426,2
25427,2
25428,2
25429,2
25430,2
25431,2
25432,2
25433,2
25434,2
25435,2
25436,2
25437,2
25438,2
25439,2
25440,2
25441,2
25442,2
25443,2
25444,2
25445,2
25446,2
25447,2
25448,2
25449,2
25450,2
25451,2
25452,2
25453,2
25454,2
25455,2
25456,2
25457,2
25458,2
25459,2
25460,2
25461,2
25462,2
25463,2
25464,2
25465,2
25466,2
25467,2
25468,2
25469,2
25470,2
25471,2
25472,2
25473,2
25474,2
25475,2
25476,2
25477,2
25478,2
25479,2
25480,2
25481,2
25482,2
25483,2
25484,2
25485,2
25486,2
25487,2
25488,2
25489,2
25490,2
25491,2
25492,2
25493,2
25494,2
25495,2
25496,2
25497,2
25498,2
25499,2
25500,2
25501,2
25502,2
25503,2
25504,2
25505,2
25506,2
25507,2
25508,2
25509,2
25510,2
25511,2
25512,2
25513,2
25514,2
25515,2
25516,2
25517,2
25518,2
25519,2
25520,2
25521,2
25522,2
25523,2
25524,2
25525,2
25526,2
25527,2
25528,2
25529,2
25530,2
25531,2
25532,2
25533,2
25534,2
25535,2
25536,2
25537,2
25538,2
25539,2
25540,2
25541,2
25542,2
25543,2
25544,2
25545,2
25546,2
25547,2
25548,2
25549,2
25550,2
25551,2
25552,2
25553,2
25554,2
25555,2
25556,2
25557,2
25558,2
25559,2
25560,2
25561,2
25562,2
25563,0
25564,0
25565,0
25566,0
25567,0
25568,0
25569,0
25570,0
25571,0
25572,0
25573,0
25574,0
25575,0
25576,0
25577,0
25578,0
25579,0
25580,0
25581,0
25582,0
25583,0
25584,0
25585,0
25586,0
25587,0
25588,0
25589,0
25590,0
25591,0
25592,0
25593,0
25594,0
25595,0
25596,0
25597,0
25598,0
25599,0
25600,0
25601,0
25602,0
25603,0
25604,0
25605,0
25606,0
25607,0
25608,0
25609,0
25610,0
25611,0
25612,0
25613,0
25614,0
25615,0
25616,0
25617,0
25618,0
25619,0
25620,0
25621,0
25622,0
25623,0
25624,0
25625,0
25626,0
25627,0
25628,0
25629,0
25630,0
25631,0
25632,0
25633,0
25634,0
25635,0
25636,0
25637,0
25638,0
25639,0
25640,0
25641,0
25642,0
25643,0
25644,0
25645,0
25646,0
25647,0
25648,0
25649,0
25650,0
25651,0
25652,0
25653,0
25654,0
25655,0
25656,0
25657,0
25658,0
25659,0
25660,0
25661,0
25662,0
25663,0
25664,0
25665,0
25666,0
25667,0
25668,0
25669,0
25670,0
25671,0
25672,0
25673,0
25674,0
25675,0
25676,0
25677,0
25678,0
25679,0
25680,0
25681,0
25682,0
25683,0
25684,0
25685,0
25686,0
25687,0
25688,0
25689,0
25690,0
25691,0
25692,0
25693,0
25694,0
25695,0
25696,0
25697,0
25698,0
25699,0
25700,0
25701,0
25702,0
25703,0
25704,0
25705,0
25706,0
25707,0
25708,0
25709,0
25710,0
25711,0
25712,0
25713,0
25714,0
25715,0
25716,0
25717,0
25718,0
25719,0
25720,0
25721,0
25722,0
25723,0
25724,0
25725,0
25726,0
25727,0
25728,0
25729,0
25730,0
25731,0
25732,0
25733,0
25734,0
25735,0
25736,0
25737,0
25738,0
25739,0
25740,0
25741,0
25742,0
25743,0
25744,0
25745,0
25746,0
25747,0
25748,0
25749,0
25750,0
25751,0
25752,0
25753,0
25754,0
25755,0
25756,0
25757,0
25758,0
25759,0
25760,0
25761,0
25762,0
25763,0
25764,0
25765,0
25766,0
25767,0
25768,0
25769,0
25770,0
25771,0
25772,0
25773,0
25774,0
25775,0
25776,0
25777,0
25778,0
25779,0
25780,0
25781,0
25782,0
25783,0
25784,0
25785,0
25786,0
25787,0
25788,0
25789,0
25790,0
25791,0
25792,0
25793,0
25794,0
25795,0
25796,0
25797,0
25798,0
25799,0
25800,0
25801,0
25802,0
25803,0
25804,0
25805,0
25806,3
25807,3
25808,3
25809,3
25810,3
25811,3
25812,3
25813,3
25814,3
25815,3
25816,3
25817,3
25818,3
25819,3
25820,3
25821,3
25822,3
25823,3
25824,3
25825,3
25826,3
25827,3
25828,3
25829,3
25830,3
25831,3
25832,3
25833,3
25834,3
25835,3
25836,3
25837,3
25838,3
25839,3
25840,3
25841,3
25842,3
25843,3
25844,3
25845,3
25846,3
25847,3
25848,3
25849,3
25850,3
25851,3
25852,3
25853,3
25854,3
25855,3
25856,3
25857,3
25858,3
25859,3
25860,3
25861,3
25862,3
25863,3
25864,3
25865,3
25866,3
25867,3
25868,3
25869,3
25870,3
25871,3
25872,3
25873,3
25874,3
25875,3
25876,3
25877,3
25878,3
25879,3
25880,3
25881,3
25882,3
25883,3
25884,3
25885,3
25886,3
25887,3
25888,3
25889,3
25890,3
25891,3
25892,3
25893,3
25894,3
25895,3
25896,3
25897,3
25898,3
25899,3
25900,3
25901,3
25902,3
25903,3
25904,3
25905,3
25906,3
25907,3
25908,3
25909,3
25910,3
25911,3
25912,3
25913,3
25914,3
25915,3
25916,3
25917,3
25918,3
25919,3
25920,3
25921,3
25922,3
25923,3
25924,3
25925,3
25926,3
25927,3
25928,3
25929,3
25930,3
25931,3
25932,3
25933,3
25934,3
25935,3
25936,3
25937,3
25938,3
25939,3
25940,3
25941,3
25942,3
25943,3
25944,3
25945,3
25946,3
25947,3
25948,3
25949,3
25950,3
25951,3
25952,3
25953,3
25954,3
25955,3
25956,3
25957,3
25958,3
25959,3
25960,3
25961,3
25962,3
25963,3
25964,3
25965,3
25966,3
25967,3
25968,3
25969,3
25970,3
25971,3
25972,3
25973,3
25974,3
25975,3
25976,3
25977,3
25978,3
25979,3
25980,3
25981,3
25982,3
25983,3
25984,3
25985,3
25986,3
25987,3
25988,3
25989,3
25990,3
25991,3
25992,3
25993,3
25994,3
25995,3
25996,3
25997,3
25998,3
25999,3
26000,3
26001,3
26002,3
26003,3
26004,3
26005,3
26006,3
26007,3
26008,3
26009,3
26010,3
26011,3
26012,3
26013,3
26014,3
26015,3
26016,3
26017,3
26018,3
26019,3
26020,3
26021,3
26022,3
26023,3
26024,3
26025,3
26026,3
26027,3
26028,3
26029,3
26030,3
26031,3
26032,3
26033,3
26034,3
26035,3
26036,3
26037,3
26038,3
26039,3
26040,3
26041,3
26042,3
26043,3
26044,3
26045,3
26046,3
26047,3
26048,3
26049,3
26050,3
26051,3
26052,3
26053,3
26054,3
26055,3
26056,3
26057,3
26058,3
26059,3
26060,3
26061,3
26062,3
26063,3
26064,3
26065,3
26066,3
26067,3
26068,3
26069,3
26070,3
26071,3
26072,3
26073,3
26074,3
26075,3
26076,3
26077,3
26078,3
26079,3
26080,3
26081,3
26082,3
26083,3
26084,3
26085,3
26086,3
26087,3
26088,3
26089,3
26090,3
26091,3
26092,3
26093,3
26094,3
26095,3
26096,3
26097,3
26098,3
26099,3
26100,3
26101,3
26102,3
26103,0
26104,0
26105,0
26106,0
26107,0
26108,0
26109,0
26110,0
26111,0
26112,0
26113,0
26114,0
26115,0
26116,0
26117,0
26118,0
26119,0
26120,0
26121,0
26122,0
26123,0
26124,0
26125,0
26126,0
26127,0
26128,0
26129,0
26130,0
26131,0
26132,0
26133,0
26134,0
26135,0
26136,0
26137,0
26138,0
26139,0
26140,0
26141,0
26142,0
26143,0
26144,0
26145,0
26146,0
26147,0
26148,0
26149,0
26150,0
26151,0
26152,0
26153,0
26154,0
26155,0
26156,0
26157,0
26158,0
26159,0
26160,0
26161,0
26162,0
26163,0
26164,0
26165,0
26166,0
26167,0
26168,0
26169,0
26170,0
26171,0
26172,0
26173,0
26174,0
26175,0
26176,0
26177,0
26178,0
26179,0
26180,0
26181,0
26182,0
26183,0
26184,0
26185,0
26186,0
26187,0
26188,0
26189,0
26190,0
26191,0
26192,0
26193,0
26194,0
26195,0
26196,0
26197,0
26198,0
26199,0
26200,0
26201,0
26202,0
26203,0
26204,0
26205,0
26206,0
26207,0
26208,0
26209,0
26210,0
26211,0
26212,0
26213,0
26214,0
26215,0
26216,0
26217,0
26218,0
26219,0
26220,0
26221,0
26222,0
26223,0
26224,0
26225,0
26226,0
26227,0
26228,0
26229,0
26230,0
26231,0
26232,0
26233,0
26234,0
26235,0
26236,0
26237,0
26238,0
26239,0
26240,0
26241,0
26242,0
26243,0
26244,0
26245,0
26246,0
26247,0
26248,0
26249,0
26250,0
26251,0
26252,0
26253,0
26254,0
26255,0
26256,0
26257,0
26258,0
26259,0
26260,0
26261,0
26262,0
26263,0
26264,0
26265,0
26266,0
26267,0
26268,0
26269,0
26270,0
26271,0
26272,0
26273,0
26274,0
26275,0
26276,0
26277,0
26278,0
26279,0
26280,0
26281,0
26282,0
26283,0
26284,0
26285,0
26286,0
26287,0
26288,0
26289,0
26290,0
26291,0
26292,0
26293,0
26294,0
26295,0
26296,0
26297,0
26298,0
26299,0
26300,0
26301,0
26302,0
26303,0
26304,0
26305,0
26306,0
26307,0
26308,0
26309,0
26310,0
26311,0
26312,0
26313,0
26314,0
26315,0
26316,0
26317,0
26318,0
26319,0
26320,0
26321,0
26322,0
26323,0
26324,0
26325,0
26326,0
26327,0
26328,0
26329,0
26330,0
26331,0
26332,0
26333,0
26334,0
26335,0
26336,0
26337,0
26338,0
26339,0
26340,0
26341,0
26342,0
26343,0
26344,0
26345,0
26346,0
26347,0
26348,0
26349,0
26350,0
26351,0
26352,0
26353,0
26354,0
26355,0
26356,0
26357,0
26358,0
26359,0
26360,0
26361,0
26362,0
26363,0
26364,0
26365,0
26366,0
26367,0
26368,0
26369,3
26370,3
26371,3
26372,3
26373,3
26374,3
26375,3
26376,3
26377,3
26378,3
26379,3
26380,3
26381,3
26382,3
26383,3
26384,3
26385,3
26386,3
26387,3
26388,3
26389,3
26390,3
26391,3
26392,3
26393,3
26394,3
26395,3
26396,3
26397,3
26398,3
26399,3
26400,3
26401,3
26402,3
26403,3
26404,3
26405,3
26406,3
26407,3
26408,3
26409,3
26410,3
26411,3
26412,3
26413,3
26414,3
26415,3
26416,3
26417,3
26418,3
26419,3
26420,3
26421,3
26422,3
26423,3
26424,3
26425,3
26426,3
26427,3
26428,3
26429,3
26430,3
26431,3
26432,3
26433,3
26434,3
26435,3
26436,3
26437,3
26438,3
26439,3
26440,3
26441,3
26442,3
26443,3
26444,3
26445,3
26446,3
26447,3
26448,3
26449,3
26450,3
26451,3
26452,3
26453,3
26454,3
26455,3
26456,3
26457,3
26458,3
26459,3
26460,3
26461,3
26462,3
26463,3
26464,3
26465,3
26466,3
26467,3
26468,3
26469,3
26470,3
26471,3
26472,3
26473,3
26474,3
26475,3
26476,3
26477,3
26478,3
26479,3
26480,3
26481,3
26482,3
26483,3
26484,3
26485,3
26486,3
26487,3
26488,3
26489,3
26490,3
26491,3
26492,3
26493,3
26494,3
26495,3
26496,3
26497,3
26498,3
26499,3
26500,3
26501,3
26502,3
26503,3
26504,3
26505,3
26506,3
26507,3
26508,3
26509,3
26510,3
26511,3
26512,3
26513,3
26514,3
26515,3
26516,3
26517,3
26518,3
26519,3
26520,3
26521,3
26522,3
26523,3
26524,3
26525,3
26526,3
26527,3
26528,3
26529,3
26530,3
26531,3
26532,3
26533,3
26534,3
26535,3
26536,3
26537,3
26538,3
26539,3
26540,3
26541,3
26542,3
26543,3
26544,3
26545,3
26546,3
26547,3
26548,3
26549,3
26550,3
26551,3
26552,3
26553,3
26554,3
26555,3
26556,3
26557,3
26558,3
26559,3
26560,3
26561,3
26562,3
26563,3
26564,3
26565,3
26566,3
26567,3
26568,3
26569,3
26570,3
26571,3
26572,3
26573,3
26574,3
26575,3
26576,3
26577,3
26578,3
26579,3
26580,3
26581,3
26582,3
26583,3
26584,3
26585,3
26586,3
26587,3
26588,3
26589,3
26590,3
26591,3
26592,3
26593,3
26594,3
26595,3
26596,3
26597,3
26598,3
26599,3
26600,3
26601,3
26602,3
26603,3
26604,3
26605,3
26606,3
26607,3
26608,3
26609,3
26610,3
26611,3
26612,3
26613,3
26614,3
26615,3
26616,3
26617,3
26618,3
26619,3
26620,3
26621,3
26622,3
26623,3
26624,3
26625,3
26626,3
26627,3
26628,3
26629,3
26630,3
26631,3
26632,3
26633,3
26634,3
26635,3
26636,3
26637,3
26638,3
26639,3
26640,3
26641,3
26642,3
26643,3
26644,3
26645,0
26646,0
26647,0
26648,0
26649,0
26650,0
26651,0
26652,0
26653,0
26654,0
26655,0
26656,0
26657,0
26658,0
26659,0
26660,0
26661,0
26662,0
26663,0
26664,0
26665,0
26666,0
26667,0
26668,0
26669,0
26670,0
26671,0
26672,0
26673,0
26674,0
26675,0
26676,0
26677,0
26678,0
26679,0
26680,0
26681,0
26682,0
26683,0
26684,0
26685,0
26686,0
26687,0
26688,0
26689,0
26690,0
26691,0
26692,0
26693,0
26694,0
26695,0
26696,0
26697,0
26698,0
26699,0
26700,0
26701,0
26702,0
26703,0
26704,0
26705,0
26706,0
26707,0
26708,0
26709,0
26710,0
26711,0
26712,0
26713,0
26714,0
26715,0
26716,0
26717,0
26718,0
26719,0
26720,0
26721,0
26722,0
26723,0
26724,0
26725,0
26726,0
26727,0
26728,0
26729,0
26730,0
26731,0
26732,0
26733,0
26734,0
26735,0
26736,0
26737,0
26738,0
26739,0
26740,0
26741,0
26742,0
26743,0
26744,0
26745,0
26746,0
26747,0
26748,0
26749,0
26750,0
26751,0
26752,0
26753,0
26754,0
26755,0
26756,0
26757,0
26758,0
26759,0
26760,0
26761,0
26762,0
26763,0
26764,0
26765,0
26766,0
26767,0
26768,0
26769,0
26770,0
26771,0
26772,0
26773,0
26774,0
26775,0
26776,0
26777,0
26778,0
26779,0
26780,0
26781,0
26782,0
26783,0
26784,0
26785,0
26786,0
26787,0
26788,0
26789,0
26790,0
26791,0
26792,0
26793,0
26794,0
26795,0
26796,0
26797,0
26798,0
26799,0
26800,0
26801,0
26802,0
26803,0
26804,0
26805,0
26806,0
26807,0
26808,0
26809,0
26810,0
26811,0
26812,0
26813,0
26814,0
26815,0
26816,0
26817,0
26818,0
26819,0
26820,0
26821,0
26822,0
26823,0
26824,0
26825,0
26826,0
26827,0
26828,0
26829,0
26830,0
26831,0
26832,0
26833,0
26834,0
26835,0
26836,0
26837,0
26838,0
26839,0
26840,0
26841,0
26842,0
26843,0
26844,0
26845,0
26846,0
26847,0
26848,0
26849,0
26850,0
26851,0
26852,0
26853,0
26854,0
26855,0
26856,0
26857,0
26858,0
26859,0
26860,0
26861,0
26862,0
26863,0
26864,0
26865,0
26866,0
26867,0
26868,0
26869,0
26870,0
26871,0
26872,0
26873,0
26874,0
26875,0
26876,0
26877,0
26878,0
26879,0
26880,0
26881,0
26882,0
26883,0
26884,0
26885,0
26886,0
26887,0
26888,0
26889,0
26890,0
26891,0
26892,0
26893,0
26894,0
26895,0
26896,0
26897,0
26898,0
26899,0
26900,0
26901,0
26902,0
26903,0
26904,0
26905,0
26906,0
26907,0
26908,0
26909,0
26910,0
26911,0
26912,0
26913,3
26914,3
26915,3
26916,3
26917,3
26918,3
26919,3
26920,3
26921,3
26922,3
26923,3
26924,3
26925,3
26926,3
26927,3
26928,3
26929,3
26930,3
26931,3
26932,3
26933,3
26934,3
26935,3
26936,3
26937,3
26938,3
26939,3
26940,3
26941,3
26942,3
26943,3
26944,3
26945,3
26946,3
26947,3
26948,3
26949,3
26950,3
26951,3
26952,3
26953,3
26954,3
26955,3
26956,3
26957,3
26958,3
26959,3
26960,3
26961,3
26962,3
26963,3
26964,3
26965,3
26966,3
26967,3
26968,3
26969,3
26970,3
26971,3
26972,3
26973,3
26974,3
26975,3
26976,3
26977,3
26978,3
26979,3
26980,3
26981,3
26982,3
26983,3
26984,3
26985,3
26986,3
26987,3
26988,3
26989,3
26990,3
26991,3
26992,3
26993,3
26994,3
26995,3
26996,3
26997,3
26998,3
26999,3
27000,3
27001,3
27002,3
27003,3
27004,3
27005,3
27006,3
27007,3
27008,3
27009,3
27010,3
27011,3
27012,3
27013,3
27014,3
27015,3
27016,3
27017,3
27018,3
27019,3
27020,3
27021,3
27022,3
27023,3
27024,3
27025,3
27026,3
27027,3
27028,3
27029,3
27030,3
27031,3
27032,3
27033,3
27034,3
27035,3
27036,3
27037,3
27038,3
27039,3
27040,3
27041,3
27042,3
27043,3
27044,3
27045,3
27046,3
27047,3
27048,3
27049,3
27050,3
27051,3
27052,3
27053,3
27054,3
27055,3
27056,3
27057,3
27058,3
27059,3
27060,3
27061,3
27062,3
27063,3
27064,3
27065,3
27066,3
27067,3
27068,3
27069,3
27070,3
27071,3
27072,3
27073,3
27074,3
27075,3
27076,3
27077,3
27078,3
27079,3
27080,3
27081,3
27082,3
27083,3
27084,3
27085,3
27086,3
27087,3
27088,3
27089,3
27090,3
27091,3
27092,3
27093,3
27094,3
27095,3
27096,3
27097,3
27098,3
27099,3
27100,3
27101,3
27102,3
27103,3
27104,3
27105,3
27106,3
27107,3
27108,3
27109,3
27110,3
27111,3
27112,3
27113,3
27114,3
27115,3
27116,3
27117,3
27118,3
27119,3
27120,3
27121,3
27122,3
27123,3
27124,3
27125,3
27126,3
27127,3
27128,3
27129,3
27130,3
27131,3
27132,3
27133,3
27134,3
27135,3
27136,3
27137,3
27138,3
27139,3
27140,3
27141,3
27142,3
27143,3
27144,3
27145,3
27146,3
27147,3
27148,3
27149,3
27150,3
27151,3
27152,3
27153,3
27154,3
27155,3
27156,3
27157,3
27158,3
27159,3
27160,3
27161,3
27162,3
27163,3
27164,3
27165,3
27166,3
27167,3
27168,3
27169,3
27170,3
27171,3
27172,3
27173,3
27174,3
27175,3
27176,3
27177,3
27178,3
27179,3
27180,3
27181,3
27182,3
27183,0
27184,0
27185,0
27186,0
27187,0
27188,0
27189,0
27190,0
27191,0
27192,0
27193,0
27194,0
27195,0
27196,0
27197,0
27198,0
27199,0
27200,0
27201,0
27202,0
27203,0
27204,0
27205,0
27206,0
27207,0
27208,0
27209,0
27210,0
27211,0
27212,0
27213,0
27214,0
27215,0
27216,0
27217,0
27218,0
27219,0
27220,0
27221,0
27222,0
27223,0
27224,0
27225,0
27226,0
27227,0
27228,0
27229,0
27230,0
27231,0
27232,0
27233,0
27234,0
27235,0
27236,0
27237,0
27238,0
27239,0
27240,0
27241,0
27242,0
27243,0
27244,0
27245,0
27246,0
27247,0
27248,0
27249,0
27250,0
27251,0
27252,0
27253,0
27254,0
27255,0
27256,0
27257,0
27258,0
27259,1
27260,1
27261,1
27262,1
27263,1
27264,1
27265,1
27266,1
27267,1
27268,1
27269,1
27270,1
27271,1
27272,1
27273,1
27274,1
27275,1
27276,1
27277,1
27278,1
27279,1
27280,1
27281,1
27282,1
27283,1
27284,1
27285,1
27286,1
27287,1
27288,1
27289,1
27290,1
27291,1
27292,1
27293,1
27294,1
27295,1
27296,1
27297,1
27298,1
27299,1
27300,1
27301,1
27302,1
27303,1
27304,1
27305,1
27306,1
27307,1
27308,1
27309,1
27310,1
27311,1
27312,1
27313,1
27314,1
27315,1
27316,1
27317,1
27318,1
27319,1
27320,1
27321,1
27322,1
27323,1
27324,1
27325,1
27326,1
27327,1
27328,1
27329,1
27330,1
27331,1
27332,1
27333,1
27334,1
27335,1
27336,1
27337,1
27338,1
27339,1
27340,1
27341,1
27342,1
27343,1
27344,1
27345,1
27346,1
27347,1
27348,1
27349,1
27350,1
27351,1
27352,1
27353,1
27354,1
27355,1
27356,1
27357,1
27358,1
27359,1
27360,1
27361,1
27362,1
27363,1
27364,1
27365,1
27366,1
27367,1
27368,1
27369,1
27370,1
27371,1
27372,1
27373,1
27374,1
27375,1
27376,1
27377,1
27378,1
27379,1
27380,1
27381,1
27382,1
27383,1
27384,1
27385,1
27386,1
27387,1
27388,1
27389,1
27390,1
27391,1
27392,1
27393,1
27394,1
27395,1
27396,1
27397,1
27398,1
27399,1
27400,1
27401,1
27402,1
27403,1
27404,1
27405,1
27406,1
27407,1
27408,1
27409,1
27410,1
27411,1
27412,1
27413,1
27414,1
27415,1
27416,1
27417,1
27418,1
27419,1
27420,1
27421,1
27422,1
27423,1
27424,1
27425,1
27426,1
27427,1
27428,1
27429,1
27430,1
27431,1
27432,1
27433,1
27434,1
27435,1
27436,1
27437,1
27438,1
27439,1
27440,1
27441,1
27442,1
27443,1
27444,1
27445,1
27446,1
27447,1
27448,1
27449,1
27450,1
27451,1
27452,1
27453,1
27454,1
27455,1
27456,1
27457,1
27458,1
27459,1
27460,1
27461,1
27462,1
27463,1
27464,1
27465,1
27466,1
27467,1
27468,1
27469,1
27470,1
27471,1
27472,1
27473,1
27474,1
27475,1
27476,1
27477,1
27478,1
27479,1
27480,1
27481,1
27482,1
27483,1
27484,1
27485,1
27486,1
27487,1
27488,1
27489,1
27490,1
27491,1
27492,1
27493,1
27494,1
27495,1
27496,1
27497,1
27498,1
27499,1
27500,1
27501,1
27502,1
27503,1
27504,1
27505,1
27506,1
27507,1
27508,1
27509,1
27510,1
27511,1
27512,1
27513,1
27514,1
27515,1
27516,1
27517,1
27518,1
27519,1
27520,1
27521,1
27522,1
27523,1
27524,1
27525,1
27526,1
27527,1
27528,1
27529,1
27530,1
27531,1
27532,1
27533,1
27534,1
27535,1
27536,1
27537,1
27538,1
27539,1
27540,1
27541,1
27542,1
27543,1
27544,1
27545,1
27546,1
27547,1
27548,1
27549,1
27550,1
27551,1
27552,1
27553,1
27554,1
27555,1
27556,1
27557,1
27558,1
27559,1
27560,1
27561,1
27562,1
27563,1
27564,1
27565,1
27566,1
27567,1
27568,1
27569,1
27570,1
27571,1
27572,1
27573,1
27574,1
27575,1
27576,1
27577,1
27578,1
27579,1
27580,1
27581,1
27582,1
27583,1
27584,1
27585,1
27586,1
27587,1
27588,1
27589,1
27590,1
27591,1
27592,1
27593,1
27594,1
27595,1
27596,1
27597,1
27598,1
27599,1
27600,1
27601,1
27602,1
27603,1
27604,1
27605,1
27606,1
27607,1
27608,1
27609,1
27610,1
27611,1
27612,1
27613,1
27614,1
27615,1
27616,1
27617,1
27618,1
27619,1
27620,1
27621,1
27622,1
27623,1
27624,1
27625,1
27626,1
27627,1
27628,1
27629,1
27630,1
27631,1
27632,1
27633,1
27634,1
27635,1
27636,1
27637,1
27638,1
27639,1
27640,1
27641,1
27642,1
27643,1
27644,1
27645,1
27646,1
27647,1
27648,1
27649,1
27650,1
27651,1
27652,1
27653,1
27654,1
27655,1
27656,1
27657,1
27658,1
27659,1
27660,1
27661,1
27662,1
27663,1
27664,1
27665,1
27666,1
27667,1
27668,1
27669,1
27670,1
27671,1
27672,1
27673,1
27674,1
27675,1
27676,1
27677,1
27678,1
27679,1
27680,1
27681,1
27682,1
27683,1
27684,1
27685,1
27686,1
27687,1
27688,1
27689,1
27690,1
27691,1
27692,1
27693,1
27694,1
27695,1
27696,1
27697,1
27698,1
27699,1
27700,1
27701,1
27702,1
27703,1
27704,1
27705,1
27706,1
27707,1
27708,1
27709,1
27710,1
27711,1
27712,1
27713,1
27714,1
27715,1
27716,1
27717,1
27718,1
27719,1
27720,1
27721,1
27722,1
27723,1
27724,1
27725,1
27726,1
27727,1
27728,1
27729,1
27730,1
27731,1
27732,1
27733,1
27734,1
27735,1
27736,1
27737,1
27738,1
27739,1
27740,1
27741,1
27742,1
27743,1
27744,1
27745,1
27746,1
27747,1
27748,1
27749,1
27750,1
27751,1
27752,1
27753,1
27754,1
27755,1
27756,1
27757,1
27758,1
27759,1
27760,1
27761,1
27762,1
27763,1
27764,1
27765,1
27766,1
27767,1
27768,1
27769,1
27770,1
27771,1
27772,1
27773,1
27774,1
27775,1
27776,1
27777,1
27778,1
27779,1
27780,1
27781,1
27782,1
27783,1
27784,1
27785,1
27786,1
27787,1
27788,1
27789,1
27790,1
27791,1
27792,1
27793,1
27794,1
27795,1
27796,1
27797,1
27798,1
27799,1
27800,1
27801,1
27802,1
27803,1
27804,1
27805,1
27806,1
27807,1
27808,1
27809,1
27810,1
27811,1
27812,1
27813,1
27814,1
27815,1
27816,1
27817,1
27818,1
27819,1
27820,1
27821,1
27822,1
27823,1
27824,1
27825,1
27826,1
27827,1
27828,1
27829,1
27830,1
27831,1
27832,1
27833,1
27834,1
27835,1
27836,1
27837,1
27838,1
27839,1
27840,1
27841,1
27842,1
27843,1
27844,1
27845,1
27846,1
27847,1
27848,1
27849,1
27850,1
27851,1
27852,1
27853,1
27854,1
27855,1
27856,1
27857,1
27858,1
27859,1
27860,1
27861,1
27862,1
27863,1
27864,1
27865,1
27866,1
27867,1
27868,1
27869,1
27870,1
27871,1
27872,1
27873,1
27874,1
27875,1
27876,1
27877,1
27878,1
27879,1
27880,1
27881,1
27882,1
27883,1
27884,1
27885,1
27886,1
27887,1
27888,1
27889,1
27890,1
27891,1
27892,1
27893,1
27894,1
27895,1
27896,1
27897,1
27898,1
27899,1
27900,1
27901,1
27902,1
27903,1
27904,1
27905,1
27906,1
27907,1
27908,1
27909,1
27910,1
27911,1
27912,1
27913,1
27914,1
27915,1
27916,1
27917,1
27918,1
27919,1
27920,1
27921,1
27922,1
27923,1
27924,1
27925,1
27926,1
27927,1
27928,1
27929,1
27930,1
27931,1
27932,1
27933,1
27934,1
27935,1
27936,1
27937,1
27938,1
27939,1
27940,1
27941,1
27942,1
27943,1
27944,1
27945,1
27946,1
27947,1
27948,1
27949,1
27950,1
27951,1
27952,1
27953,1
27954,1
27955,1
27956,1
27957,1
27958,1
27959,1
27960,1
27961,1
27962,1
27963,1
27964,1
27965,1
27966,1
27967,1
27968,1
27969,1
27970,1
27971,1
27972,1
27973,1
27974,1
27975,1
27976,1
27977,1
27978,1
27979,1
27980,1
27981,1
27982,1
27983,1
27984,1
27985,1
27986,1
27987,1
27988,1
27989,1
27990,1
27991,1
27992,1
27993,1
27994,1
27995,1
27996,1
27997,1
27998,1
27999,1
28000,1
28001,1
28002,1
28003,1
28004,1
28005,1
28006,1
28007,1
28008,1
28009,1
28010,1
28011,1
28012,1
28013,1
28014,1
28015,1
28016,1
28017,1
28018,1
28019,1
28020,1
28021,1
28022,1
28023,1
28024,1
28025,1
28026,1
28027,1
28028,1
28029,1
28030,1
28031,1
28032,1
28033,1
28034,1
28035,1
28036,1
28037,1
28038,1
28039,1
28040,1
28041,1
28042,1
28043,1
28044,1
28045,1
28046,1
28047,1
28048,1
28049,1
28050,1
28051,1
28052,1
28053,1
28054,1
28055,1
28056,1
28057,1
28058,1
28059,1
28060,1
28061,1
28062,1
28063,1
28064,1
28065,1
28066,1
28067,1
28068,1
28069,1
28070,1
28071,1
28072,1
28073,1
28074,1
28075,1
28076,1
28077,1
28078,1
28079,1
28080,1
28081,1
28082,1
28083,1
28084,1
28085,1
28086,1
28087,1
28088,1
28089,1
28090,1
28091,1
28092,1
28093,1
28094,1
28095,1
28096,1
28097,1
28098,1
28099,1
28100,1
28101,1
28102,1
28103,1
28104,1
28105,1
28106,1
28107,1
28108,1
28109,1
28110,1
28111,1
28112,1
28113,1
28114,1
28115,1
28116,1
28117,1
28118,1
28119,1
28120,1
28121,1
28122,1
28123,1
28124,1
28125,1
28126,1
28127,1
28128,1
28129,1
28130,1
28131,1
28132,1
28133,1
28134,1
28135,1
28136,1
28137,1
28138,1
28139,1
28140,1
28141,1
28142,1
28143,1
28144,1
28145,1
28146,1
28147,1
28148,1
28149,1
28150,1
28151,1
28152,1
28153,1
28154,1
28155,1
28156,1
28157,1
28158,1
28159,1
28160,1
28161,1
28162,1
28163,1
28164,1
28165,1
28166,1
28167,1
28168,1
28169,1
28170,1
28171,1
28172,1
28173,1
28174,1
28175,1
28176,1
28177,1
28178,1
28179,1
28180,1
28181,1
28182,1
28183,1
28184,1
28185,1
28186,1
28187,1
28188,1
28189,1
28190,1
28191,1
28192,1
28193,1
28194,1
28195,1
28196,1
28197,1
28198,1
28199,1
28200,1
28201,1
28202,1
28203,1
28204,1
28205,1
28206,1
28207,1
28208,1
28209,1
28210,1
28211,1
28212,1
28213,1
28214,1
28215,1
28216,1
28217,1
28218,1
28219,1
28220,1
28221,1
28222,1
28223,1
28224,1
28225,1
28226,1
28227,1
28228,1
28229,1
28230,1
28231,1
28232,1
28233,1
28234,1
28235,1
28236,1
28237,1
28238,1
28239,1
28240,1
28241,1
28242,1
28243,1
28244,1
28245,1
28246,1
28247,1
28248,1
28249,1
28250,1
28251,1
28252,1
28253,1
28254,1
28255,1
28256,1
28257,1
28258,1
28259,1
28260,1
28261,1
28262,1
28263,1
28264,1
28265,1
28266,1
28267,1
28268,1
28269,1
28270,1
28271,1
28272,1
28273,1
28274,1
28275,1
28276,1
28277,1
28278,1
28279,1
28280,1
28281,1
28282,1
28283,1
28284,1
28285,1
28286,1
28287,1
28288,1
28289,1
28290,1
28291,1
28292,1
28293,1
28294,1
28295,1
28296,1
28297,1
28298,1
28299,1
28300,1
28301,1
28302,1
28303,1
28304,1
28305,1
28306,1
28307,1
28308,1
28309,1
28310,1
28311,1
28312,1
28313,1
28314,1
28315,1
28316,1
28317,1
28318,1
28319,1
28320,1
28321,1
28322,1
28323,1
28324,1
28325,1
28326,1
28327,1
28328,1
28329,1
28330,1
28331,1
28332,1
28333,1
28334,1
28335,1
28336,1
28337,1
28338,1
28339,1
28340,1
28341,1
28342,1
28343,1
28344,1
28345,1
28346,1
28347,1
28348,1
28349,1
28350,1
28351,1
28352,1
28353,1
28354,1
28355,1
28356,1
28357,1
28358,1
28359,1
28360,1
28361,1
28362,1
28363,1
28364,1
28365,1
28366,1
28367,1
28368,1
28369,1
28370,1
28371,1
28372,1
28373,1
28374,1
28375,1
28376,1
28377,1
28378,1
28379,1
28380,1
28381,1
28382,1
28383,1
28384,1
28385,1
28386,1
28387,1
28388,1
28389,1
28390,1
28391,1
28392,1
28393,1
28394,1
28395,1
28396,1
28397,1
28398,1
28399,1
28400,1
28401,1
28402,1
28403,1
28404,1
28405,1
28406,1
28407,1
28408,1
28409,1
28410,1
28411,1
28412,1
28413,1
28414,1
28415,1
28416,1
28417,1
28418,1
28419,1
28420,1
28421,1
28422,1
28423,1
28424,1
28425,1
28426,1
28427,1
28428,1
28429,1
28430,1
28431,1
28432,1
28433,1
28434,1
28435,1
28436,1
28437,1
28438,1
28439,1
28440,1
28441,1
28442,1
28443,1
28444,1
28445,1
28446,1
28447,1
28448,1
28449,1
28450,1
28451,1
28452,1
28453,1
28454,1
28455,1
28456,1
28457,1
28458,1
28459,1
28460,1
28461,1
28462,1
28463,1
28464,1
28465,1
28466,1
28467,1
28468,1
28469,2
28470,2
28471,2
28472,2
28473,2
28474,2
28475,2
28476,2
28477,2
28478,2
28479,2
28480,2
28481,2
28482,2
28483,2
28484,2
28485,2
28486,2
28487,2
28488,2
28489,2
28490,2
28491,2
28492,2
28493,2
28494,2
28495,2
28496,2
28497,2
28498,2
28499,2
28500,2
28501,2
28502,2
28503,2
28504,2
28505,2
28506,2
28507,2
28508,2
28509,2
28510,2
28511,2
28512,2
28513,2
28514,2
28515,2
28516,2
28517,2
28518,2
28519,2
28520,2
28521,2
28522,2
28523,2
28524,2
28525,2
28526,2
28527,2
28528,2
28529,2
28530,2
28531,2
28532,2
28533,2
28534,2
28535,2
28536,2
28537,2
28538,2
28539,2
28540,2
28541,2
28542,2
28543,2
28544,2
28545,2
28546,2
28547,2
28548,2
28549,2
28550,2
28551,2
28552,2
28553,2
28554,2
28555,2
28556,2
28557,2
28558,2
28559,2
28560,2
28561,2
28562,2
28563,2
28564,2
28565,2
28566,2
28567,2
28568,2
28569,2
28570,2
28571,2
28572,2
28573,2
28574,2
28575,2
28576,2
28577,2
28578,2
28579,2
28580,2
28581,2
28582,2
28583,2
28584,2
28585,2
28586,2
28587,2
28588,2
28589,2
28590,2
28591,2
28592,2
28593,2
28594,2
28595,2
28596,2
28597,2
28598,2
28599,2
28600,2
28601,2
28602,2
28603,2
28604,2
28605,2
28606,2
28607,2
28608,2
28609,2
28610,2
28611,2
28612,2
28613,2
28614,2
28615,2
28616,2
28617,2
28618,2
28619,2
28620,2
28621,2
28622,2
28623,2
28624,2
28625,2
28626,2
28627,2
28628,2
28629,2
28630,2
28631,2
28632,2
28633,2
28634,2
28635,2
28636,2
28637,2
28638,2
28639,2
28640,2
28641,2
28642,2
28643,2
28644,2
28645,2
28646,2
28647,2
28648,2
28649,2
28650,2
28651,2
28652,2
28653,2
28654,2
28655,2
28656,2
28657,2
28658,2
28659,2
28660,2
28661,2
28662,2
28663,2
28664,2
28665,2
28666,2
28667,2
28668,2
28669,2
28670,2
28671,2
28672,2
28673,2
28674,2
28675,2
28676,2
28677,2
28678,2
28679,2
28680,2
28681,2
28682,2
28683,2
28684,2
28685,2
28686,2
28687,2
28688,2
28689,2
28690,2
28691,2
28692,2
28693,2
28694,2
28695,2
28696,2
28697,2
28698,2
28699,2
28700,2
28701,2
28702,2
28703,2
28704,2
28705,2
28706,2
28707,2
28708,2
28709,2
28710,2
28711,2
28712,2
28713,2
28714,2
28715,2
28716,2
28717,2
28718,2
28719,2
28720,2
28721,2
28722,2
28723,2
28724,2
28725,2
28726,2
28727,2
28728,2
28729,2
28730,2
28731,2
28732,2
28733,2
28734,2
28735,2
28736,2
28737,2
28738,2
28739,2
28740,2
28741,2
28742,2
28743,2
28744,2
28745,2
28746,2
28747,2
28748,2
28749,2
28750,2
28751,2
28752,2
28753,2
28754,2
28755,2
28756,2
28757,2
28758,2
28759,2
28760,2
28761,2
28762,2
28763,2
28764,2
28765,2
28766,2
28767,2
28768,2
28769,2
28770,2
28771,2
28772,2
28773,2
28774,2
28775,2
28776,2
28777,2
28778,2
28779,2
28780,2
28781,2
28782,2
28783,2
28784,2
28785,2
28786,2
28787,2
28788,2
28789,2
28790,2
28791,2
28792,2
28793,2
28794,2
28795,2
28796,2
28797,2
28798,2
28799,2
28800,2
28801,2
28802,2
28803,2
28804,2
28805,2
28806,2
28807,2
28808,2
28809,2
28810,2
28811,2
28812,2
28813,2
28814,2
28815,2
28816,2
28817,2
28818,2
28819,2
28820,2
28821,2
28822,2
28823,2
28824,2
28825,2
28826,2
28827,2
28828,2
28829,2
28830,2
28831,2
28832,2
28833,2
28834,2
28835,2
28836,2
28837,2
28838,2
28839,2
28840,2
28841,2
28842,2
28843,2
28844,2
28845,2
28846,2
28847,2
28848,2
28849,2
28850,2
28851,2
28852,2
28853,2
28854,2
28855,2
28856,2
28857,2
28858,2
28859,2
28860,2
28861,2
28862,2
28863,2
28864,2
28865,2
28866,2
28867,2
28868,2
28869,2
28870,2
28871,2
28872,2
28873,2
28874,2
28875,2
28876,2
28877,2
28878,2
28879,2
28880,2
28881,2
28882,2
28883,2
28884,2
28885,2
28886,2
28887,2
28888,2
28889,2
28890,2
28891,2
28892,2
28893,2
28894,2
28895,2
28896,2
28897,2
28898,2
28899,2
28900,2
28901,2
28902,2
28903,2
28904,2
28905,2
28906,2
28907,2
28908,2
28909,2
28910,2
28911,2
28912,2
28913,2
28914,2
28915,2
28916,2
28917,2
28918,2
28919,2
28920,2
28921,2
28922,2
28923,2
28924,2
28925,2
28926,2
28927,2
28928,2
28929,2
28930,2
28931,2
28932,2
28933,2
28934,2
28935,2
28936,2
28937,2
28938,2
28939,2
28940,2
28941,2
28942,2
28943,2
28944,2
28945,2
28946,2
28947,2
28948,2
28949,2
28950,2
28951,2
28952,2
28953,2
28954,2
28955,2
28956,2
28957,2
28958,2
28959,2
28960,2
28961,2
28962,2
28963,2
28964,2
28965,2
28966,2
28967,2
28968,2
28969,2
28970,2
28971,2
28972,2
28973,2
28974,2
28975,2
28976,2
28977,2
28978,2
28979,2
28980,2
28981,2
28982,2
28983,2
28984,2
28985,2
28986,2
28987,2
28988,2
28989,2
28990,2
28991,2
28992,2
28993,2
28994,2
28995,2
28996,2
28997,2
28998,2
28999,2
29000,2
29001,2
29002,2
29003,2
29004,2
29005,2
29006,2
29007,2
29008,2
29009,2
29010,2
29011,2
29012,2
29013,2
29014,2
29015,2
29016,2
29017,2
29018,2
29019,2
29020,2
29021,2
29022,2
29023,2
29024,2
29025,2
29026,2
29027,2
29028,2
29029,2
29030,2
29031,2
29032,2
29033,2
29034,2
29035,2
29036,2
29037,2
29038,2
29039,2
29040,2
29041,2
29042,2
29043,2
29044,2
29045,2
29046,2
29047,2
29048,2
29049,2
29050,2
29051,2
29052,2
29053,2
29054,2
29055,2
29056,2
29057,2
29058,2
29059,2
29060,2
29061,2
29062,2
29063,2
29064,2
29065,2
29066,2
29067,2
29068,2
29069,2
29070,2
29071,2
29072,2
29073,2
29074,2
29075,2
29076,2
29077,2
29078,2
29079,2
29080,2
29081,2
29082,2
29083,2
29084,2
29085,2
29086,2
29087,2
29088,2
29089,2
29090,2
29091,2
29092,2
29093,2
29094,2
29095,2
29096,2
29097,2
29098,2
29099,2
29100,2
29101,2
29102,2
29103,2
29104,2
29105,2
29106,2
29107,2
29108,2
29109,2
29110,2
29111,2
29112,2
29113,2
29114,2
29115,2
29116,2
29117,2
29118,2
29119,2
29120,2
29121,2
29122,2
29123,2
29124,2
29125,2
29126,2
29127,2
29128,2
29129,2
29130,2
29131,2
29132,2
29133,2
29134,2
29135,2
29136,2
29137,2
29138,2
29139,2
29140,2
29141,2
29142,2
29143,2
29144,2
29145,2
29146,2
29147,2
29148,2
29149,2
29150,2
29151,2
29152,2
29153,2
29154,2
29155,2
29156,2
29157,2
29158,2
29159,2
29160,2
29161,2
29162,2
29163,2
29164,2
29165,2
29166,2
29167,2
29168,2
29169,2
29170,2
29171,2
29172,2
29173,2
29174,2
29175,2
29176,2
29177,2
29178,2
29179,2
29180,2
29181,2
29182,2
29183,2
29184,2
29185,2
29186,2
29187,2
29188,2
29189,2
29190,2
29191,2
29192,2
29193,2
29194,2
29195,2
29196,2
29197,2
29198,2
29199,2
29200,2
29201,2
29202,2
29203,2
29204,2
29205,2
29206,2
29207,2
29208,2
29209,2
29210,2
29211,2
29212,2
29213,2
29214,2
29215,2
29216,2
29217,2
29218,2
29219,2
29220,2
29221,2
29222,2
29223,2
29224,2
29225,2
29226,2
29227,2
29228,2
29229,2
29230,2
29231,2
29232,2
29233,2
29234,2
29235,2
29236,2
29237,2
29238,2
29239,2
29240,2
29241,2
29242,2
29243,2
29244,2
29245,2
29246,2
29247,2
29248,2
29249,2
29250,2
29251,2
29252,2
29253,2
29254,2
29255,2
29256,2
29257,2
29258,2
29259,2
29260,2
29261,2
29262,2
29263,2
29264,2
29265,2
29266,2
29267,2
29268,2
29269,2
29270,2
29271,2
29272,2
29273,2
29274,2
29275,2
29276,2
29277,2
29278,2
29279,2
29280,2
29281,2
29282,2
29283,2
29284,2
29285,2
29286,2
29287,2
29288,2
29289,2
29290,2
29291,2
29292,2
29293,2
29294,2
29295,2
29296,2
29297,2
29298,2
29299,2
29300,2
29301,2
29302,2
29303,2
29304,2
29305,2
29306,2
29307,2
29308,2
29309,2
29310,2
29311,2
29312,2
29313,2
29314,2
29315,2
29316,2
29317,2
29318,2
29319,2
29320,2
29321,2
29322,2
29323,2
29324,2
29325,2
29326,2
29327,2
29328,2
29329,2
29330,2
29331,2
29332,2
29333,2
29334,2
29335,2
29336,2
29337,2
29338,2
29339,2
29340,2
29341,2
29342,2
29343,2
29344,2
29345,2
29346,2
29347,2
29348,2
29349,2
29350,2
29351,2
29352,2
29353,2
29354,2
29355,2
29356,2
29357,2
29358,2
29359,2
29360,2
29361,2
29362,2
29363,2
29364,2
29365,2
29366,2
29367,2
29368,2
29369,2
29370,2
29371,2
29372,2
29373,2
29374,2
29375,2
29376,2
29377,2
29378,2
29379,2
29380,2
29381,2
29382,2
29383,2
29384,2
29385,2
29386,2
29387,2
29388,2
29389,2
29390,2
29391,2
29392,2
29393,2
29394,2
29395,2
29396,2
29397,2
29398,2
29399,2
29400,2
29401,2
29402,2
29403,2
29404,2
29405,2
29406,2
29407,2
29408,2
29409,2
29410,2
29411,2
29412,2
29413,2
29414,2
29415,2
29416,2
29417,2
29418,2
29419,2
29420,2
29421,2
29422,2
29423,2
29424,2
29425,2
29426,2
29427,2
29428,2
29429,2
29430,2
29431,2
29432,2
29433,2
29434,2
29435,2
29436,2
29437,2
29438,2
29439,2
29440,2
29441,2
29442,2
29443,2
29444,2
29445,2
29446,2
29447,2
29448,2
29449,2
29450,2
29451,2
29452,2
29453,2
29454,2
29455,2
29456,2
29457,2
29458,2
29459,2
29460,2
29461,2
29462,2
29463,2
29464,2
29465,2
29466,2
29467,2
29468,2
29469,2
29470,2
29471,2
29472,2
29473,2
29474,2
29475,2
29476,2
29477,2
29478,2
29479,2
29480,2
29481,2
29482,2
29483,2
29484,2
29485,2
29486,2
29487,2
29488,2
29489,2
29490,2
29491,2
29492,2
29493,2
29494,2
29495,2
29496,2
29497,2
29498,2
29499,2
29500,2
29501,2
29502,2
29503,2
29504,2
29505,2
29506,2
29507,2
29508,2
29509,2
29510,2
29511,2
29512,2
29513,2
29514,2
29515,2
29516,2
29517,2
29518,2
29519,2
29520,2
29521,2
29522,2
29523,2
29524,2
29525,2
29526,2
29527,2
29528,2
29529,2
29530,2
29531,2
29532,2
29533,2
29534,2
29535,2
29536,2
29537,2
29538,2
29539,2
29540,2
29541,2
29542,2
29543,2
29544,2
29545,2
29546,2
29547,2
29548,2
29549,2
29550,2
29551,2
29552,2
29553,2
29554,2
29555,2
29556,2
29557,2
29558,2
29559,2
29560,2
29561,2
29562,2
29563,2
29564,2
29565,2
29566,2
29567,2
29568,2
29569,2
29570,2
29571,2
29572,2
29573,2
29574,2
29575,2
29576,2
29577,2
29578,2
29579,2
29580,2
29581,2
29582,2
29583,2
29584,2
29585,2
29586,2
29587,2
29588,2
29589,2
29590,2
29591,2
29592,2
29593,2
29594,2
29595,2
29596,2
29597,2
29598,2
29599,2
29600,2
29601,2
29602,2
29603,2
29604,2
29605,2
29606,2
29607,2
29608,2
29609,2
29610,2
29611,2
29612,2
29613,2
29614,2
29615,2
29616,2
29617,2
29618,2
29619,2
29620,2
29621,2
29622,2
29623,2
29624,2
29625,2
29626,2
29627,2
29628,2
29629,2
29630,2
29631,2
29632,2
29633,2
29634,2
29635,2
29636,2
29637,2
29638,2
29639,2
29640,2
29641,2
29642,2
29643,0
29644,0
29645,0
29646,0
29647,0
29648,0
29649,0
29650,0
29651,0
29652,0
29653,0
29654,0
29655,0
29656,0
29657,0
29658,0
29659,0
29660,0
29661,0
29662,0
29663,0
29664,0
29665,0
29666,0
29667,0
29668,0
29669,0
29670,0
29671,0
29672,0
29673,0
29674,0
29675,0
29676,0
29677,0
29678,0
29679,0
29680,0
29681,0
29682,0
29683,0
29684,0
29685,0
29686,0
29687,0
29688,0
29689,0
29690,0
29691,0
29692,0
29693,0
29694,0
29695,0
29696,0
29697,0
29698,0
29699,0
29700,0
29701,0
29702,0
29703,0
29704,0
29705,0
29706,0
29707,0
29708,0
29709,0
29710,0
29711,0
29712,0
29713,0
29714,0
29715,0
29716,0
29717,0
29718,0
29719,0
29720,0
29721,0
29722,0
29723,0
29724,0
29725,0
29726,0
29727,0
29728,0
29729,0
29730,0
29731,0
29732,0
29733,0
29734,0
29735,0
29736,0
29737,0
29738,0
29739,0
29740,0
29741,0
29742,0
29743,0
29744,0
29745,0
29746,0
29747,0
29748,0
29749,0
29750,0
29751,0
29752,0
29753,0
29754,0
29755,0
29756,0
29757,0
29758,0
29759,0
29760,0
29761,0
29762,0
29763,0
29764,0
29765,0
29766,0
29767,0
29768,0
29769,0
29770,0
29771,0
29772,0
29773,0
29774,0
29775,0
29776,0
29777,0
29778,0
29779,0
29780,0
29781,0
29782,0
29783,0
29784,0
29785,0
29786,0
29787,0
29788,0
29789,0
29790,0
29791,0
29792,0
29793,0
29794,0
29795,0
29796,0
29797,0
29798,0
29799,0
29800,0
29801,0
29802,0
29803,0
29804,0
29805,3
29806,3
29807,3
29808,3
29809,3
29810,3
29811,3
29812,3
29813,3
29814,3
29815,3
29816,3
29817,3
29818,3
29819,3
29820,3
29821,3
29822,3
29823,3
29824,3
29825,3
29826,3
29827,3
29828,3
29829,3
29830,3
29831,3
29832,3
29833,3
29834,3
29835,3
29836,3
29837,3
29838,3
29839,3
29840,3
29841,3
29842,3
29843,3
29844,3
29845,3
29846,3
29847,3
29848,3
29849,3
29850,3
29851,3
29852,3
29853,3
29854,3
29855,3
29856,3
29857,3
29858,3
29859,3
29860,3
29861,3
29862,3
29863,3
29864,3
29865,3
29866,3
29867,3
29868,3
29869,3
29870,3
29871,3
29872,3
29873,3
29874,3
29875,3
29876,3
29877,3
29878,3
29879,3
29880,3
29881,3
29882,3
29883,3
29884,3
29885,3
29886,3
29887,3
29888,3
29889,3
29890,3
29891,3
29892,3
29893,3
29894,3
29895,3
29896,3
29897,3
29898,3
29899,3
29900,3
29901,3
29902,3
29903,3
29904,3
29905,3
29906,3
29907,3
29908,3
29909,3
29910,3
29911,3
29912,3
29913,3
29914,3
29915,3
29916,3
29917,3
29918,3
29919,3
29920,3
29921,3
29922,3
29923,3
29924,3
29925,3
29926,3
29927,3
29928,3
29929,3
29930,3
29931,3
29932,3
29933,3
29934,3
29935,3
29936,3
29937,3
29938,3
29939,3
29940,3
29941,3
29942,3
29943,3
29944,3
29945,3
29946,3
29947,3
29948,3
29949,3
29950,3
29951,3
29952,3
29953,3
29954,3
29955,3
29956,3
29957,3
29958,3
29959,3
29960,3
29961,3
29962,3
29963,3
29964,3
29965,3
29966,3
29967,3
29968,3
29969,3
29970,3
29971,3
29972,3
29973,3
29974,3
29975,3
29976,3
29977,3
29978,3
29979,3
29980,3
29981,3
29982,3
29983,3
29984,3
29985,3
29986,3
29987,3
29988,3
29989,3
29990,3
29991,3
29992,3
29993,3
29994,3
29995,3
29996,3
29997,3
29998,3
29999,3
30000,3
30001,3
30002,3
30003,3
30004,3
30005,3
30006,3
30007,3
30008,3
30009,3
30010,3
30011,3
30012,3
30013,3
30014,3
30015,3
30016,3
30017,3
30018,3
30019,3
30020,3
30021,3
30022,3
30023,3
30024,3
30025,3
30026,3
30027,3
30028,3
30029,3
30030,3
30031,3
30032,3
30033,3
30034,3
30035,3
30036,3
30037,3
30038,3
30039,3
30040,3
30041,3
30042,3
30043,3
30044,3
30045,3
30046,3
30047,3
30048,3
30049,3
30050,3
30051,3
30052,3
30053,3
30054,3
30055,3
30056,3
30057,3
30058,3
30059,3
30060,3
30061,3
30062,3
30063,3
30064,3
30065,3
30066,3
30067,3
30068,3
30069,3
30070,3
30071,3
30072,3
30073,3
30074,3
30075,3
30076,3
30077,3
30078,3
30079,0
30080,0
30081,0
30082,0
30083,0
30084,0
30085,0
30086,0
30087,0
30088,0
30089,0
30090,0
30091,0
30092,0
30093,0
30094,0
30095,0
30096,0
30097,0
30098,0
30099,0
30100,0
30101,0
30102,0
30103,0
30104,0
30105,0
30106,0
30107,0
30108,0
30109,0
30110,0
30111,0
30112,0
30113,0
30114,0
30115,0
30116,0
30117,0
30118,0
30119,0
30120,0
30121,0
30122,0
30123,0
30124,0
30125,0
30126,0
30127,0
30128,0
30129,0
30130,0
30131,0
30132,0
30133,0
30134,0
30135,0
30136,0
30137,0
30138,0
30139,0
30140,0
30141,0
30142,0
30143,0
30144,0
30145,0
30146,0
30147,0
30148,0
30149,0
30150,0
30151,0
30152,0
30153,0
30154,0
30155,0
30156,0
30157,0
30158,0
30159,0
30160,0
30161,0
30162,0
30163,0
30164,0
30165,0
30166,0
30167,0
30168,0
30169,0
30170,0
30171,0
30172,0
30173,0
30174,0
30175,0
30176,0
30177,0
30178,0
30179,0
30180,0
30181,0
30182,0
30183,0
30184,0
30185,0
30186,0
30187,0
30188,0
30189,0
30190,0
30191,0
30192,0
30193,0
30194,0
30195,0
30196,0
30197,0
30198,0
30199,0
30200,0
30201,0
30202,0
30203,0
30204,0
30205,0
30206,0
30207,0
30208,0
30209,0
30210,0
30211,0
30212,0
30213,0
30214,0
30215,0
30216,0
30217,0
30218,0
30219,0
30220,0
30221,0
30222,0
30223,0
30224,0
30225,0
30226,0
30227,0
30228,0
30229,0
30230,0
30231,0
30232,0
30233,0
30234,0
30235,0
30236,0
30237,0
30238,0
30239,0
30240,0
30241,0
30242,0
30243,0
30244,0
30245,0
30246,0
30247,0
30248,0
30249,0
30250,0
30251,0
30252,0
30253,0
30254,0
30255,0
30256,0
30257,0
30258,0
30259,0
30260,0
30261,0
30262,0
30263,0
30264,0
30265,0
30266,0
30267,0
30268,0
30269,0
30270,0
30271,0
30272,0
30273,0
30274,0
30275,0
30276,0
30277,0
30278,0
30279,0
30280,0
30281,0
30282,0
30283,0
30284,0
30285,0
30286,0
30287,0
30288,0
30289,0
30290,0
30291,0
30292,0
30293,0
30294,0
30295,0
30296,0
30297,0
30298,0
30299,0
30300,0
30301,0
30302,0
30303,0
30304,0
30305,0
30306,0
30307,0
30308,0
30309,0
30310,0
30311,0
30312,0
30313,0
30314,0
30315,0
30316,0
30317,0
30318,0
30319,0
30320,0
30321,0
30322,0
30323,0
30324,0
30325,0
30326,0
30327,0
30328,0
30329,0
30330,0
30331,0
30332,0
30333,0
30334,0
30335,0
30336,0
30337,0
30338,0
30339,3
30340,3
30341,3
30342,3
30343,3
30344,3
30345,3
30346,3
30347,3
30348,3
30349,3
30350,3
30351,3
30352,3
30353,3
30354,3
30355,3
30356,3
30357,3
30358,3
30359,3
30360,3
30361,3
30362,3
30363,3
30364,3
30365,3
30366,3
30367,3
30368,3
30369,3
30370,3
30371,3
30372,3
30373,3
30374,3
30375,3
30376,3
30377,3
30378,3
30379,3
30380,3
30381,3
30382,3
30383,3
30384,3
30385,3
30386,3
30387,3
30388,3
30389,3
30390,3
30391,3
30392,3
30393,3
30394,3
30395,3
30396,3
30397,3
30398,3
30399,3
30400,3
30401,3
30402,3
30403,3
30404,3
30405,3
30406,3
30407,3
30408,3
30409,3
30410,3
30411,3
30412,3
30413,3
30414,3
30415,3
30416,3
30417,3
30418,3
30419,3
30420,3
30421,3
30422,3
30423,3
30424,3
30425,3
30426,3
30427,3
30428,3
30429,3
30430,3
30431,3
30432,3
30433,3
30434,3
30435,3
30436,3
30437,3
30438,3
30439,3
30440,3
30441,3
30442,3
30443,3
30444,3
30445,3
30446,3
30447,3
30448,3
30449,3
30450,3
30451,3
30452,3
30453,3
30454,3
30455,3
30456,3
30457,3
30458,3
30459,3
30460,3
30461,3
30462,3
30463,3
30464,3
30465,3
30466,3
30467,3
30468,3
30469,3
30470,3
30471,3
30472,3
30473,3
30474,3
30475,3
30476,3
30477,3
30478,3
30479,3
30480,3
30481,3
30482,3
30483,3
30484,3
30485,3
30486,3
30487,3
30488,3
30489,3
30490,3
30491,3
30492,3
30493,3
30494,3
30495,3
30496,3
30497,3
30498,3
30499,3
30500,3
30501,3
30502,3
30503,3
30504,3
30505,3
30506,3
30507,3
30508,3
30509,3
30510,3
30511,3
30512,3
30513,3
30514,3
30515,3
30516,3
30517,3
30518,3
30519,3
30520,3
30521,3
30522,3
30523,3
30524,3
30525,3
30526,3
30527,3
30528,3
30529,3
30530,3
30531,3
30532,3
30533,3
30534,3
30535,3
30536,3
30537,3
30538,3
30539,3
30540,3
30541,3
30542,3
30543,3
30544,3
30545,3
30546,3
30547,3
30548,3
30549,3
30550,3
30551,3
30552,3
30553,3
30554,3
30555,3
30556,3
30557,3
30558,3
30559,3
30560,3
30561,3
30562,3
30563,3
30564,3
30565,3
30566,3
30567,3
30568,3
30569,3
30570,3
30571,3
30572,3
30573,3
30574,3
30575,3
30576,3
30577,3
30578,3
30579,3
30580,3
30581,3
30582,3
30583,3
30584,3
30585,3
30586,3
30587,3
30588,3
30589,3
30590,3
30591,3
30592,3
30593,3
30594,3
30595,3
30596,3
30597,3
30598,3
30599,3
30600,3
30601,3
30602,3
30603,3
30604,3
30605,3
30606,3
30607,3
30608,3
30609,3
30610,3
30611,3
30612,3
30613,3
30614,3
30615,3
30616,3
30617,3
30618,3
30619,3
30620,3
30621,3
30622,3
30623,3
30624,3
30625,3
30626,3
30627,3
30628,3
30629,3
30630,3
30631,3
30632,3
30633,3
30634,3
30635,3
30636,3
30637,3
30638,3
30639,3
30640,3
30641,3
30642,3
30643,3
30644,3
30645,3
30646,3
30647,3
30648,3
30649,3
30650,0
30651,0
30652,0
30653,0
30654,0
30655,0
30656,0
30657,0
30658,0
30659,0
30660,0
30661,0
30662,0
30663,0
30664,0
30665,0
30666,0
30667,0
30668,0
30669,0
30670,0
30671,0
30672,0
30673,0
30674,0
30675,0
30676,0
30677,0
30678,0
30679,0
30680,0
30681,0
30682,0
30683,0
30684,0
30685,0
30686,0
30687,0
30688,0
30689,0
30690,0
30691,0
30692,0
30693,0
30694,0
30695,0
30696,0
30697,0
30698,0
30699,0
30700,0
30701,0
30702,0
30703,0
30704,0
30705,0
30706,0
30707,0
30708,0
30709,0
30710,0
30711,0
30712,0
30713,0
30714,0
30715,0
30716,0
30717,0
30718,0
30719,0
30720,0
30721,0
30722,0
30723,0
30724,0
30725,0
30726,0
30727,0
30728,0
30729,0
30730,0
30731,0
30732,0
30733,0
30734,0
30735,0
30736,0
30737,0
30738,0
30739,0
30740,0
30741,0
30742,0
30743,0
30744,0
30745,0
30746,0
30747,0
30748,0
30749,0
30750,0
30751,0
30752,0
30753,0
30754,0
30755,0
30756,0
30757,0
30758,0
30759,0
30760,0
30761,0
30762,0
30763,0
30764,0
30765,0
30766,0
30767,0
30768,0
30769,0
30770,0
30771,0
30772,0
30773,0
30774,0
30775,0
30776,0
30777,0
30778,0
30779,0
30780,0
30781,0
30782,0
30783,0
30784,0
30785,0
30786,0
30787,0
30788,0
30789,0
30790,0
30791,0
30792,0
30793,0
30794,0
30795,0
30796,0
30797,0
30798,0
30799,0
30800,0
30801,0
30802,0
30803,0
30804,0
30805,0
30806,0
30807,0
30808,0
30809,0
30810,0
30811,0
30812,0
30813,0
30814,0
30815,0
30816,0
30817,0
30818,0
30819,0
30820,0
30821,0
30822,0
30823,0
30824,0
30825,0
30826,0
30827,0
30828,0
30829,0
30830,0
30831,0
30832,0
30833,0
30834,0
30835,0
30836,0
30837,0
30838,0
30839,0
30840,0
30841,0
30842,0
30843,0
30844,0
30845,0
30846,0
30847,0
30848,0
30849,0
30850,0
30851,0
30852,0
30853,0
30854,0
30855,0
30856,0
30857,0
30858,0
30859,0
30860,0
30861,0
30862,0
30863,0
30864,0
30865,0
30866,0
30867,0
30868,0
30869,0
30870,0
30871,0
30872,0
30873,0
30874,0
30875,0
30876,0
30877,0
30878,0
30879,0
30880,0
30881,0
30882,0
30883,0
30884,0
30885,0
30886,0
30887,0
30888,0
30889,0
30890,0
30891,0
30892,0
30893,0
30894,0
30895,0
30896,0
30897,0
30898,0
30899,0
30900,0
30901,0
30902,0
30903,0
30904,0
30905,0
30906,0
30907,0
30908,0
30909,0
30910,0
30911,0
30912,0
30913,0
30914,0
30915,0
30916,0
30917,0
30918,0
30919,0
30920,0
30921,0
30922,0
30923,0
30924,0
30925,0
30926,0
30927,0
30928,0
30929,0
30930,0
30931,0
30932,0
30933,0
30934,0
30935,0
30936,0
30937,0
30938,0
30939,0
30940,0
30941,0
30942,0
30943,0
30944,0
30945,0
30946,0
30947,0
30948,0
30949,0
30950,0
30951,0
30952,0
30953,0
30954,0
30955,0
30956,0
30957,0
30958,0
30959,0
30960,0
30961,0
30962,0
30963,0
30964,0
30965,3
30966,3
30967,3
30968,3
30969,3
30970,3
30971,3
30972,3
30973,3
30974,3
30975,3
30976,3
30977,3
30978,3
30979,3
30980,3
30981,3
30982,3
30983,3
30984,3
30985,3
30986,3
30987,3
30988,3
30989,3
30990,3
30991,3
30992,3
30993,3
30994,3
30995,3
30996,3
30997,3
30998,3
30999,3
31000,3
31001,3
31002,3
31003,3
31004,3
31005,3
31006,3
31007,3
31008,3
31009,3
31010,3
31011,3
31012,3
31013,3
31014,3
31015,3
31016,3
31017,3
31018,3
31019,3
31020,3
31021,3
31022,3
31023,3
31024,3
31025,3
31026,3
31027,3
31028,3
31029,3
31030,3
31031,3
31032,3
31033,3
31034,3
31035,3
31036,3
31037,3
31038,3
31039,3
31040,3
31041,3
31042,3
31043,3
31044,3
31045,3
31046,3
31047,3
31048,3
31049,3
31050,3
31051,3
31052,3
31053,3
31054,3
31055,3
31056,3
31057,3
31058,3
31059,3
31060,3
31061,3
31062,3
31063,3
31064,3
31065,3
31066,3
31067,3
31068,3
31069,3
31070,3
31071,3
31072,3
31073,3
31074,3
31075,3
31076,3
31077,3
31078,3
31079,3
31080,3
31081,3
31082,3
31083,3
31084,3
31085,3
31086,3
31087,3
31088,3
31089,3
31090,3
31091,3
31092,3
31093,3
31094,3
31095,3
31096,3
31097,3
31098,3
31099,3
31100,3
31101,3
31102,3
31103,3
31104,3
31105,3
31106,3
31107,3
31108,3
31109,3
31110,3
31111,3
31112,3
31113,3
31114,3
31115,3
31116,3
31117,3
31118,3
31119,3
31120,3
31121,3
31122,3
31123,3
31124,3
31125,3
31126,3
31127,3
31128,3
31129,3
31130,3
31131,3
31132,3
31133,3
31134,3
31135,3
31136,3
31137,3
31138,3
31139,3
31140,3
31141,3
31142,3
31143,3
31144,3
31145,3
31146,3
31147,3
31148,3
31149,3
31150,3
31151,3
31152,3
31153,3
31154,3
31155,3
31156,3
31157,3
31158,3
31159,3
31160,3
31161,3
31162,3
31163,3
31164,3
31165,3
31166,3
31167,3
31168,3
31169,3
31170,3
31171,3
31172,3
31173,3
31174,3
31175,3
31176,3
31177,3
31178,3
31179,3
31180,3
31181,3
31182,3
31183,3
31184,3
31185,3
31186,3
31187,3
31188,3
31189,3
31190,3
31191,3
31192,3
31193,3
31194,3
31195,3
31196,3
31197,3
31198,3
31199,3
31200,3
31201,3
31202,3
31203,3
31204,3
31205,3
31206,3
31207,3
31208,3
31209,3
31210,3
31211,3
31212,3
31213,3
31214,3
31215,3
31216,3
31217,3
31218,3
31219,3
31220,3
31221,3
31222,3
31223,3
31224,3
31225,3
31226,3
31227,3
31228,3
31229,3
31230,3
31231,3
31232,3
31233,3
31234,3
31235,3
31236,3
31237,3
31238,3
31239,3
31240,3
31241,3
31242,3
31243,3
31244,3
31245,3
31246,3
31247,3
31248,3
31249,3
31250,3
31251,3
31252,3
31253,3
31254,3
31255,3
31256,3
31257,3
31258,3
31259,3
31260,3
31261,3
31262,3
31263,3
31264,3
31265,3
31266,3
31267,3
31268,3
31269,3
31270,3
31271,3
31272,3
31273,3
31274,3
31275,3
31276,3
31277,3
31278,3
31279,3
31280,3
31281,3
31282,3
31283,3
31284,3
31285,3
31286,3
31287,3
31288,3
31289,3
31290,3
31291,3
31292,3
31293,3
31294,0
31295,0
31296,0
31297,0
31298,0
31299,0
31300,0
31301,0
31302,0
31303,0
31304,0
31305,0
31306,0
31307,0
31308,0
31309,0
31310,0
31311,0
31312,0
31313,0
31314,0
31315,0
31316,0
31317,0
31318,0
31319,0
31320,0
31321,0
31322,0
31323,0
31324,0
31325,0
31326,0
31327,0
31328,0
31329,0
31330,0
31331,0
31332,0
31333,0
31334,0
31335,0
31336,0
31337,0
31338,0
31339,0
31340,0
31341,0
31342,0
31343,0
31344,0
31345,0
31346,0
31347,0
31348,0
31349,0
31350,0
31351,0
31352,0
31353,0
31354,0
31355,0
31356,0
31357,0
31358,0
31359,0
31360,0
31361,0
31362,0
31363,0
31364,0
31365,0
31366,0
31367,0
31368,0
31369,0
31370,0
31371,0
31372,0
31373,0
31374,0
31375,0
31376,0
31377,0
31378,0
31379,0
31380,0
31381,0
31382,0
31383,0
31384,0
31385,0
31386,0
31387,0
31388,0
31389,0
31390,0
31391,1
31392,1
31393,1
31394,1
31395,1
31396,1
31397,1
31398,1
31399,1
31400,1
31401,1
31402,1
31403,1
31404,1
31405,1
31406,1
31407,1
31408,1
31409,1
31410,1
31411,1
31412,1
31413,1
31414,1
31415,1
31416,1
31417,1
31418,1
31419,1
31420,1
31421,1
31422,1
31423,1
31424,1
31425,1
31426,1
31427,1
31428,1
31429,1
31430,1
31431,1
31432,1
31433,1
31434,1
31435,1
31436,1
31437,1
31438,1
31439,1
31440,1
31441,1
31442,1
31443,1
31444,1
31445,1
31446,1
31447,1
31448,1
31449,1
31450,1
31451,1
31452,1
31453,1
31454,1
31455,1
31456,1
31457,1
31458,1
31459,1
31460,1
31461,1
31462,1
31463,1
31464,1
31465,1
31466,1
31467,1
31468,1
31469,1
31470,1
31471,1
31472,1
31473,1
31474,1
31475,1
31476,1
31477,1
31478,1
31479,1
31480,1
31481,1
31482,1
31483,1
31484,1
31485,1
31486,1
31487,1
31488,1
31489,1
31490,1
31491,1
31492,1
31493,1
31494,1
31495,1
31496,1
31497,1
31498,1
31499,1
31500,1
31501,1
31502,1
31503,1
31504,1
31505,1
31506,1
31507,1
31508,1
31509,1
31510,1
31511,1
31512,1
31513,1
31514,1
31515,1
31516,1
31517,1
31518,1
31519,1
31520,1
31521,1
31522,1
31523,1
31524,1
31525,1
31526,1
31527,1
31528,1
31529,1
31530,1
31531,1
31532,1
31533,1
31534,1
31535,1
31536,1
31537,1
31538,1
31539,1
31540,1
31541,1
31542,1
31543,1
31544,1
31545,1
31546,1
31547,1
31548,1
31549,1
31550,1
31551,1
31552,1
31553,1
31554,1
31555,1
31556,1
31557,1
31558,1
31559,1
31560,1
31561,1
31562,1
31563,1
31564,1
31565,1
31566,1
31567,1
31568,1
31569,1
31570,1
31571,1
31572,1
31573,1
31574,1
31575,1
31576,1
31577,1
31578,1
31579,1
31580,1
31581,1
31582,1
31583,1
31584,1
31585,1
31586,1
31587,1
31588,1
31589,1
31590,1
31591,1
31592,1
31593,1
31594,1
31595,1
31596,1
31597,1
31598,1
31599,1
31600,1
31601,1
31602,1
31603,1
31604,1
31605,1
31606,1
31607,1
31608,1
31609,1
31610,1
31611,1
31612,1
31613,1
31614,1
31615,1
31616,1
31617,1
31618,1
31619,1
31620,1
31621,1
31622,1
31623,1
31624,1
31625,1
31626,1
31627,1
31628,1
31629,1
31630,1
31631,1
31632,1
31633,1
31634,1
31635,1
31636,1
31637,1
31638,1
31639,1
31640,1
31641,1
31642,1
31643,1
31644,1
31645,1
31646,1
31647,1
31648,1
31649,1
31650,1
31651,1
31652,1
31653,1
31654,1
31655,1
31656,1
31657,1
31658,1
31659,1
31660,1
31661,1
31662,1
31663,1
31664,1
31665,1
31666,1
31667,1
31668,1
31669,1
31670,1
31671,1
31672,1
31673,1
31674,1
31675,1
31676,1
31677,1
31678,1
31679,1
31680,1
31681,1
31682,1
31683,1
31684,1
31685,1
31686,1
31687,1
31688,1
31689,1
31690,1
31691,1
31692,1
31693,1
31694,1
31695,1
31696,1
31697,1
31698,1
31699,1
31700,1
31701,1
31702,1
31703,1
31704,1
31705,1
31706,1
31707,1
31708,1
31709,1
31710,1
31711,1
31712,1
31713,1
31714,1
31715,1
31716,1
31717,1
31718,1
31719,1
31720,1
31721,1
31722,1
31723,1
31724,1
31725,1
31726,1
31727,1
31728,1
31729,1
31730,1
31731,1
31732,1
31733,1
31734,1
31735,1
31736,1
31737,1
31738,1
31739,1
31740,1
31741,1
31742,1
31743,1
31744,1
31745,1
31746,1
31747,1
31748,1
31749,1
31750,1
31751,1
31752,1
31753,1
31754,1
31755,1
31756,1
31757,1
31758,1
31759,1
31760,1
31761,1
31762,1
31763,1
31764,1
31765,1
31766,1
31767,1
31768,1
31769,1
31770,1
31771,1
31772,1
31773,1
31774,1
31775,1
31776,1
31777,1
31778,1
31779,1
31780,1
31781,1
31782,1
31783,1
31784,1
31785,1
31786,1
31787,1
31788,1
31789,1
31790,1
31791,1
31792,1
31793,1
31794,1
31795,1
31796,1
31797,1
31798,1
31799,1
31800,1
31801,1
31802,1
31803,1
31804,1
31805,1
31806,1
31807,1
31808,1
31809,1
31810,1
31811,1
31812,1
31813,1
31814,1
31815,1
31816,1
31817,1
31818,1
31819,1
31820,1
31821,1
31822,1
31823,1
31824,1
31825,1
31826,1
31827,1
31828,1
31829,1
31830,1
31831,1
31832,1
31833,1
31834,1
31835,1
31836,1
31837,1
31838,1
31839,1
31840,1
31841,1
31842,1
31843,1
31844,1
31845,1
31846,1
31847,1
31848,1
31849,1
31850,1
31851,1
31852,1
31853,1
31854,1
31855,1
31856,1
31857,1
31858,1
31859,1
31860,1
31861,1
31862,1
31863,1
31864,1
31865,1
31866,1
31867,1
31868,1
31869,1
31870,1
31871,1
31872,1
31873,1
31874,1
31875,1
31876,1
31877,1
31878,1
31879,1
31880,1
31881,1
31882,1
31883,1
31884,1
31885,1
31886,1
31887,1
31888,1
31889,1
31890,1
31891,1
31892,1
31893,1
31894,1
31895,1
31896,1
31897,1
31898,1
31899,1
31900,1
31901,1
31902,1
31903,1
31904,1
31905,1
31906,1
31907,1
31908,1
31909,1
31910,1
31911,1
31912,1
31913,1
31914,1
31915,1
31916,1
31917,1
31918,1
31919,1
31920,1
31921,1
31922,1
31923,1
31924,1
31925,1
31926,1
31927,1
31928,1
31929,1
31930,1
31931,1
31932,1
31933,1
31934,1
31935,1
31936,1
31937,1
31938,1
31939,1
31940,1
31941,1
31942,1
31943,1
31944,1
31945,1
31946,1
31947,1
31948,1
31949,1
31950,1
31951,1
31952,1
31953,1
31954,1
31955,1
31956,1
31957,1
31958,1
31959,1
31960,1
31961,1
31962,1
31963,1
31964,1
31965,1
31966,1
31967,1
31968,1
31969,1
31970,1
31971,1
31972,1
31973,1
31974,1
31975,1
31976,1
31977,1
31978,1
31979,1
31980,1
31981,1
31982,1
31983,1
31984,1
31985,1
31986,1
31987,1
31988,1
31989,1
31990,1
31991,1
31992,1
31993,1
31994,1
31995,1
31996,1
31997,1
31998,1
31999,1
32000,1
32001,1
32002,1
32003,1
32004,1
32005,1
32006,1
32007,1
32008,1
32009,1
32010,1
32011,1
32012,1
32013,1
32014,1
32015,1
32016,1
32017,1
32018,1
32019,1
32020,1
32021,1
32022,1
32023,1
32024,1
32025,1
32026,1
32027,1
32028,1
32029,1
32030,1
32031,1
32032,1
32033,1
32034,1
32035,1
32036,1
32037,1
32038,1
32039,1
32040,1
32041,1
32042,1
32043,1
32044,1
32045,1
32046,1
32047,1
32048,1
32049,1
32050,1
32051,1
32052,1
32053,1
32054,1
32055,1
32056,1
32057,1
32058,1
32059,1
32060,1
32061,1
32062,1
32063,1
32064,1
32065,1
32066,1
32067,1
32068,1
32069,1
32070,1
32071,1
32072,1
32073,1
32074,1
32075,1
32076,1
32077,1
32078,1
32079,1
32080,1
32081,1
32082,1
32083,1
32084,1
32085,1
32086,1
32087,1
32088,1
32089,1
32090,1
32091,1
32092,1
32093,1
32094,1
32095,1
32096,1
32097,1
32098,1
32099,1
32100,1
32101,1
32102,1
32103,1
32104,1
32105,1
32106,1
32107,1
32108,1
32109,1
32110,1
32111,1
32112,1
32113,1
32114,1
32115,1
32116,1
32117,1
32118,1
32119,1
32120,1
32121,1
32122,1
32123,1
32124,1
32125,1
32126,1
32127,1
32128,1
32129,1
32130,1
32131,1
32132,1
32133,1
32134,1
32135,1
32136,1
32137,1
32138,1
32139,1
32140,1
32141,1
32142,1
32143,1
32144,1
32145,1
32146,1
32147,1
32148,1
32149,1
32150,1
32151,1
32152,1
32153,1
32154,1
32155,1
32156,1
32157,1
32158,1
32159,1
32160,1
32161,1
32162,1
32163,1
32164,1
32165,1
32166,1
32167,1
32168,1
32169,1
32170,1
32171,1
32172,1
32173,1
32174,1
32175,1
32176,1
32177,1
32178,1
32179,1
32180,1
32181,1
32182,1
32183,1
32184,1
32185,1
32186,1
32187,1
32188,1
32189,1
32190,1
32191,1
32192,1
32193,1
32194,1
32195,1
32196,1
32197,1
32198,1
32199,1
32200,1
32201,1
32202,1
32203,1
32204,1
32205,1
32206,1
32207,1
32208,1
32209,1
32210,1
32211,1
32212,1
32213,1
32214,1
32215,1
32216,1
32217,1
32218,1
32219,1
32220,1
32221,1
32222,1
32223,1
32224,1
32225,1
32226,1
32227,1
32228,1
32229,1
32230,1
32231,1
32232,1
32233,1
32234,1
32235,1
32236,1
32237,1
32238,1
32239,1
32240,1
32241,1
32242,1
32243,1
32244,1
32245,1
32246,1
32247,1
32248,1
32249,1
32250,1
32251,1
32252,1
32253,1
32254,1
32255,1
32256,1
32257,1
32258,1
32259,1
32260,1
32261,1
32262,1
32263,1
32264,1
32265,1
32266,1
32267,1
32268,1
32269,1
32270,1
32271,1
32272,1
32273,1
32274,1
32275,1
32276,1
32277,1
32278,1
32279,1
32280,1
32281,1
32282,1
32283,1
32284,1
32285,1
32286,1
32287,1
32288,1
32289,1
32290,1
32291,1
32292,1
32293,1
32294,1
32295,1
32296,1
32297,1
32298,1
32299,1
32300,1
32301,1
32302,1
32303,1
32304,1
32305,1
32306,1
32307,1
32308,1
32309,1
32310,1
32311,1
32312,1
32313,1
32314,1
32315,1
32316,1
32317,1
32318,1
32319,1
32320,1
32321,1
32322,1
32323,1
32324,1
32325,1
32326,1
32327,1
32328,1
32329,1
32330,1
32331,1
32332,1
32333,1
32334,1
32335,1
32336,1
32337,1
32338,1
32339,1
32340,1
32341,1
32342,1
32343,1
32344,1
32345,1
32346,1
32347,1
32348,1
32349,1
32350,1
32351,1
32352,1
32353,1
32354,1
32355,1
32356,1
32357,1
32358,1
32359,1
32360,1
32361,1
32362,1
32363,1
32364,1
32365,1
32366,1
32367,1
32368,1
32369,1
32370,1
32371,1
32372,1
32373,1
32374,1
32375,1
32376,1
32377,1
32378,1
32379,1
32380,1
32381,1
32382,1
32383,1
32384,1
32385,1
32386,1
32387,1
32388,1
32389,1
32390,1
32391,1
32392,1
32393,1
32394,1
32395,1
32396,1
32397,1
32398,1
32399,1
32400,1
32401,1
32402,1
32403,1
32404,1
32405,1
32406,1
32407,1
32408,1
32409,1
32410,1
32411,1
32412,1
32413,1
32414,1
32415,1
32416,1
32417,1
32418,1
32419,1
32420,1
32421,1
32422,1
32423,1
32424,1
32425,1
32426,1
32427,1
32428,1
32429,1
32430,1
32431,1
32432,1
32433,1
32434,1
32435,1
32436,1
32437,1
32438,1
32439,1
32440,1
32441,1
32442,1
32443,1
32444,1
32445,1
32446,1
32447,1
32448,1
32449,1
32450,1
32451,1
32452,1
32453,1
32454,1
32455,1
32456,1
32457,1
32458,1
32459,1
32460,1
32461,1
32462,1
32463,1
32464,1
32465,1
32466,1
32467,1
32468,1
32469,1
32470,1
32471,1
32472,1
32473,1
32474,1
32475,1
32476,1
32477,1
32478,1
32479,1
32480,1
32481,1
32482,1
32483,1
32484,1
32485,1
32486,1
32487,1
32488,1
32489,1
32490,1
32491,1
32492,1
32493,1
32494,1
32495,1
32496,1
32497,1
32498,1
32499,1
32500,1
32501,1
32502,1
32503,1
32504,1
32505,1
32506,1
32507,1
32508,1
32509,1
32510,1
32511,1
32512,1
32513,1
32514,1
32515,1
32516,1
32517,1
32518,1
32519,1
32520,1
32521,1
32522,1
32523,1
32524,1
32525,1
32526,1
32527,1
32528,1
32529,1
32530,1
32531,1
32532,1
32533,1
32534,1
32535,1
32536,1
32537,1
32538,1
32539,1
32540,1
32541,1
32542,1
32543,1
32544,1
32545,1
32546,2
32547,2
32548,2
32549,2
32550,2
32551,2
32552,2
32553,2
32554,2
32555,2
32556,2
32557,2
32558,2
32559,2
32560,2
32561,2
32562,2
32563,2
32564,2
32565,2
32566,2
32567,2
32568,2
32569,2
32570,2
32571,2
32572,2
32573,2
32574,2
32575,2
32576,2
32577,2
32578,2
32579,2
32580,2
32581,2
32582,2
32583,2
32584,2
32585,2
32586,2
32587,2
32588,2
32589,2
32590,2
32591,2
32592,2
32593,2
32594,2
32595,2
32596,2
32597,2
32598,2
32599,2
32600,2
32601,2
32602,2
32603,2
32604,2
32605,2
32606,2
32607,2
32608,2
32609,2
32610,2
32611,2
32612,2
32613,2
32614,2
32615,2
32616,2
32617,2
32618,2
32619,2
32620,2
32621,2
32622,2
32623,2
32624,2
32625,2
32626,2
32627,2
32628,2
32629,2
32630,2
32631,2
32632,2
32633,2
32634,2
32635,2
32636,2
32637,2
32638,2
32639,2
32640,2
32641,2
32642,2
32643,2
32644,2
32645,2
32646,2
32647,2
32648,2
32649,2
32650,2
32651,2
32652,2
32653,2
32654,2
32655,2
32656,2
32657,2
32658,2
32659,2
32660,2
32661,2
32662,2
32663,2
32664,2
32665,2
32666,2
32667,2
32668,2
32669,2
32670,2
32671,2
32672,2
32673,2
32674,2
32675,2
32676,2
32677,2
32678,2
32679,2
32680,2
32681,2
32682,2
32683,2
32684,2
32685,2
32686,2
32687,2
32688,2
32689,2
32690,2
32691,2
32692,2
32693,2
32694,2
32695,2
32696,2
32697,2
32698,2
32699,2
32700,2
32701,2
32702,2
32703,2
32704,2
32705,2
32706,2
32707,2
32708,2
32709,2
32710,2
32711,2
32712,2
32713,2
32714,2
32715,2
32716,2
32717,2
32718,2
32719,2
32720,2
32721,2
32722,2
32723,2
32724,2
32725,2
32726,2
32727,2
32728,2
32729,2
32730,2
32731,2
32732,2
32733,2
32734,2
32735,2
32736,2
32737,2
32738,2
32739,2
32740,2
32741,2
32742,2
32743,2
32744,2
32745,2
32746,2
32747,2
32748,2
32749,2
32750,2
32751,2
32752,2
32753,2
32754,2
32755,2
32756,2
32757,2
32758,2
32759,2
32760,2
32761,2
32762,2
32763,2
32764,2
32765,2
32766,2
32767,2
32768,2
32769,2
32770,2
32771,2
32772,2
32773,2
32774,2
32775,2
32776,2
32777,2
32778,2
32779,2
32780,2
32781,2
32782,2
32783,2
32784,2
32785,2
32786,2
32787,2
32788,2
32789,2
32790,2
32791,2
32792,2
32793,2
32794,2
32795,2
32796,2
32797,2
32798,2
32799,2
32800,2
32801,2
32802,2
32803,2
32804,2
32805,2
32806,2
32807,2
32808,2
32809,2
32810,2
32811,2
32812,2
32813,2
32814,2
32815,2
32816,2
32817,2
32818,2
32819,2
32820,2
32821,2
32822,2
32823,2
32824,2
32825,2
32826,2
32827,2
32828,2
32829,2
32830,2
32831,2
32832,2
32833,2
32834,2
32835,2
32836,2
32837,2
32838,2
32839,2
32840,2
32841,2
32842,2
32843,2
32844,2
32845,2
32846,2
32847,2
32848,2
32849,2
32850,2
32851,2
32852,2
32853,2
32854,2
32855,2
32856,2
32857,2
32858,2
32859,2
32860,2
32861,2
32862,2
32863,2
32864,2
32865,2
32866,2
32867,2
32868,2
32869,2
32870,2
32871,2
32872,2
32873,2
32874,2
32875,2
32876,2
32877,2
32878,2
32879,2
32880,2
32881,2
32882,2
32883,2
32884,2
32885,2
32886,2
32887,2
32888,2
32889,2
32890,2
32891,2
32892,2
32893,2
32894,2
32895,2
32896,2
32897,2
32898,2
32899,2
32900,2
32901,2
32902,2
32903,2
32904,2
32905,2
32906,2
32907,2
32908,2
32909,2
32910,2
32911,2
32912,2
32913,2
32914,2
32915,2
32916,2
32917,2
32918,2
32919,2
32920,2
32921,2
32922,2
32923,2
32924,2
32925,2
32926,2
32927,2
32928,2
32929,2
32930,2
32931,2
32932,2
32933,2
32934,2
32935,2
32936,2
32937,2
32938,2
32939,2
32940,2
32941,2
32942,2
32943,2
32944,2
32945,2
32946,2
32947,2
32948,2
32949,2
32950,2
32951,2
32952,2
32953,2
32954,2
32955,2
32956,2
32957,2
32958,2
32959,2
32960,2
32961,2
32962,2
32963,2
32964,2
32965,2
32966,2
32967,2
32968,2
32969,2
32970,2
32971,2
32972,2
32973,2
32974,2
32975,2
32976,2
32977,2
32978,2
32979,2
32980,2
32981,2
32982,2
32983,2
32984,2
32985,2
32986,2
32987,2
32988,2
32989,2
32990,2
32991,2
32992,2
32993,2
32994,2
32995,2
32996,2
32997,2
32998,2
32999,2
33000,2
33001,2
33002,2
33003,2
33004,2
33005,2
33006,2
33007,2
33008,2
33009,2
33010,2
33011,2
33012,2
33013,2
33014,2
33015,2
33016,2
33017,2
33018,2
33019,2
33020,2
33021,2
33022,2
33023,2
33024,2
33025,2
33026,2
33027,2
33028,2
33029,2
33030,2
33031,2
33032,2
33033,2
33034,2
33035,2
33036,2
33037,2
33038,2
33039,2
33040,2
33041,2
33042,2
33043,2
33044,2
33045,2
33046,2
33047,2
33048,2
33049,2
33050,2
33051,2
33052,2
33053,2
33054,2
33055,2
33056,2
33057,2
33058,2
33059,2
33060,2
33061,2
33062,2
33063,2
33064,2
33065,2
33066,2
33067,2
33068,2
33069,2
33070,2
33071,2
33072,2
33073,2
33074,2
33075,2
33076,2
33077,2
33078,2
33079,2
33080,2
33081,2
33082,2
33083,2
33084,2
33085,2
33086,2
33087,2
33088,2
33089,2
33090,2
33091,2
33092,2
33093,2
33094,2
33095,2
33096,2
33097,2
33098,2
33099,2
33100,2
33101,2
33102,2
33103,2
33104,2
33105,2
33106,2
33107,2
33108,2
33109,2
33110,2
33111,2
33112,2
33113,2
33114,2
33115,2
33116,2
33117,2
33118,2
33119,2
33120,2
33121,2
33122,2
33123,2
33124,2
33125,2
33126,2
33127,2
33128,2
33129,2
33130,2
33131,2
33132,2
33133,2
33134,2
33135,2
33136,2
33137,2
33138,2
33139,2
33140,2
33141,2
33142,2
33143,2
33144,2
33145,2
33146,2
33147,2
33148,2
33149,2
33150,2
33151,2
33152,2
33153,2
33154,2
33155,2
33156,2
33157,2
33158,2
33159,2
33160,2
33161,2
33162,2
33163,2
33164,2
33165,2
33166,2
33167,2
33168,2
33169,2
33170,2
33171,2
33172,2
33173,2
33174,2
33175,2
33176,2
33177,2
33178,2
33179,2
33180,2
33181,2
33182,2
33183,2
33184,2
33185,2
33186,2
33187,2
33188,2
33189,2
33190,2
33191,2
33192,2
33193,2
33194,2
33195,2
33196,2
33197,2
33198,2
33199,2
33200,2
33201,2
33202,2
33203,2
33204,2
33205,2
33206,2
33207,2
33208,2
33209,2
33210,2
33211,2
33212,2
33213,2
33214,2
33215,2
33216,2
33217,2
33218,2
33219,2
33220,2
33221,2
33222,2
33223,2
33224,2
33225,2
33226,2
33227,2
33228,2
33229,2
33230,2
33231,2
33232,2
33233,2
33234,2
33235,2
33236,2
33237,2
33238,2
33239,2
33240,2
33241,2
33242,2
33243,2
33244,2
33245,2
33246,2
33247,2
33248,2
33249,2
33250,2
33251,2
33252,2
33253,2
33254,2
33255,2
33256,2
33257,2
33258,2
33259,2
33260,2
33261,2
33262,2
33263,2
33264,2
33265,2
33266,2
33267,2
33268,2
33269,2
33270,2
33271,2
33272,2
33273,2
33274,2
33275,2
33276,2
33277,2
33278,2
33279,2
33280,2
33281,2
33282,2
33283,2
33284,2
33285,2
33286,2
33287,2
33288,2
33289,2
33290,2
33291,2
33292,2
33293,2
33294,2
33295,2
33296,2
33297,2
33298,2
33299,2
33300,2
33301,2
33302,2
33303,2
33304,2
33305,2
33306,2
33307,2
33308,2
33309,2
33310,2
33311,2
33312,2
33313,2
33314,2
33315,2
33316,2
33317,2
33318,2
33319,2
33320,2
33321,2
33322,2
33323,2
33324,2
33325,2
33326,2
33327,2
33328,2
33329,2
33330,2
33331,2
33332,2
33333,2
33334,2
33335,2
33336,2
33337,2
33338,2
33339,2
33340,2
33341,2
33342,2
33343,2
33344,2
33345,2
33346,2
33347,2
33348,2
33349,2
33350,2
33351,2
33352,2
33353,2
33354,2
33355,2
33356,2
33357,2
33358,2
33359,2
33360,2
33361,2
33362,2
33363,2
33364,2
33365,2
33366,2
33367,2
33368,2
33369,2
33370,2
33371,2
33372,2
33373,2
33374,2
33375,2
33376,2
33377,2
33378,2
33379,2
33380,2
33381,2
33382,2
33383,2
33384,2
33385,2
33386,2
33387,2
33388,2
33389,2
33390,2
33391,2
33392,2
33393,2
33394,2
33395,2
33396,2
33397,2
33398,2
33399,2
33400,2
33401,2
33402,2
33403,2
33404,2
33405,2
33406,2
33407,2
33408,2
33409,2
33410,2
33411,2
33412,2
33413,2
33414,2
33415,2
33416,2
33417,2
33418,2
33419,2
33420,2
33421,2
33422,2
33423,2
33424,2
33425,2
33426,2
33427,2
33428,2
33429,2
33430,2
33431,2
33432,2
33433,2
33434,2
33435,2
33436,2
33437,2
33438,2
33439,2
33440,2
33441,2
33442,2
33443,2
33444,2
33445,2
33446,2
33447,2
33448,2
33449,2
33450,2
33451,2
33452,2
33453,2
33454,2
33455,2
33456,2
33457,2
33458,2
33459,2
33460,2
33461,2
33462,2
33463,2
33464,2
33465,2
33466,2
33467,2
33468,2
33469,2
33470,2
33471,2
33472,2
33473,2
33474,2
33475,2
33476,2
33477,2
33478,2
33479,2
33480,2
33481,2
33482,2
33483,2
33484,2
33485,2
33486,2
33487,2
33488,2
33489,2
33490,2
33491,2
33492,2
33493,2
33494,2
33495,2
33496,2
33497,2
33498,2
33499,2
33500,2
33501,2
33502,2
33503,2
33504,2
33505,2
33506,2
33507,2
33508,2
33509,2
33510,2
33511,2
33512,2
33513,2
33514,2
33515,2
33516,2
33517,2
33518,2
33519,2
33520,2
33521,2
33522,2
33523,2
33524,2
33525,2
33526,2
33527,2
33528,2
33529,2
33530,2
33531,2
33532,2
33533,2
33534,2
33535,2
33536,2
33537,2
33538,2
33539,2
33540,2
33541,2
33542,2
33543,2
33544,2
33545,2
33546,2
33547,2
33548,2
33549,2
33550,2
33551,2
33552,2
33553,2
33554,2
33555,2
33556,2
33557,2
33558,2
33559,2
33560,2
33561,2
33562,2
33563,2
33564,2
33565,2
33566,2
33567,2
33568,2
33569,2
33570,2
33571,2
33572,2
33573,2
33574,2
33575,2
33576,2
33577,2
33578,2
33579,2
33580,2
33581,2
33582,2
33583,2
33584,2
33585,2
33586,2
33587,2
33588,2
33589,2
33590,2
33591,2
33592,2
33593,2
33594,2
33595,2
33596,2
33597,2
33598,2
33599,2
33600,2
33601,2
33602,2
33603,2
33604,2
33605,2
33606,2
33607,2
33608,2
33609,2
33610,2
33611,2
33612,2
33613,2
33614,2
33615,2
33616,2
33617,2
33618,2
33619,2
33620,2
33621,2
33622,2
33623,2
33624,2
33625,2
33626,2
33627,2
33628,2
33629,2
33630,2
33631,2
33632,2
33633,2
33634,2
33635,2
33636,2
33637,2
33638,2
33639,2
33640,2
33641,2
33642,2
33643,2
33644,2
33645,2
33646,2
33647,2
33648,2
33649,2
33650,2
33651,2
33652,2
33653,2
33654,2
33655,2
33656,2
33657,2
33658,2
33659,2
33660,2
33661,2
33662,2
33663,2
33664,2
33665,2
33666,2
33667,2
33668,2
33669,2
33670,2
33671,2
33672,2
33673,2
33674,2
33675,2
33676,2
33677,2
33678,2
33679,2
33680,2
33681,2
33682,2
33683,2
33684,2
33685,2
33686,2
33687,2
33688,2
33689,2
33690,2
33691,2
33692,2
33693,2
33694,2
33695,2
33696,2
33697,2
33698,2
33699,2
33700,2
33701,2
33702,2
33703,2
33704,2
33705,2
33706,2
33707,2
33708,2
33709,2
33710,2
33711,2
33712,2
33713,2
33714,2
33715,2
33716,2
33717,2
33718,2
33719,2
33720,2
33721,2
33722,2
33723,2
33724,2
33725,2
33726,2
33727,2
33728,2
33729,2
33730,2
33731,2
33732,0
33733,0
33734,0
33735,0
33736,0
33737,0
33738,0
33739,0
33740,0
33741,0
33742,0
33743,0
33744,0
33745,0
33746,0
33747,0
33748,0
33749,0
33750,0
33751,0
33752,0
33753,0
33754,0
33755,0
33756,0
33757,0
33758,0
33759,0
33760,0
33761,0
33762,0
33763,0
33764,0
33765,0
33766,0
33767,0
33768,0
33769,0
33770,0
33771,0
33772,0
33773,0
33774,0
33775,0
33776,0
33777,0
33778,0
33779,0
33780,0
33781,0
33782,0
33783,0
33784,0
33785,0
33786,0
33787,0
33788,0
33789,0
33790,0
33791,0
33792,0
33793,0
33794,0
33795,0
33796,0
33797,0
33798,0
33799,0
33800,0
33801,0
33802,0
33803,0
33804,0
33805,0
33806,0
33807,0
33808,0
33809,0
33810,0
33811,0
33812,0
33813,0
33814,0
33815,0
33816,0
33817,0
33818,0
33819,0
33820,0
33821,0
33822,0
33823,0
33824,0
33825,0
33826,0
33827,0
33828,0
33829,0
33830,0
33831,0
33832,0
33833,0
33834,0
33835,0
33836,0
33837,0
33838,0
33839,0
33840,0
33841,0
33842,0
33843,0
33844,0
33845,0
33846,0
33847,0
33848,0
33849,0
33850,0
33851,0
33852,0
33853,0
33854,0
33855,0
33856,0
33857,0
33858,0
33859,0
33860,0
33861,0
33862,0
33863,0
33864,0
33865,0
33866,0
33867,0
33868,0
33869,0
33870,0
33871,0
33872,0
33873,0
33874,0
33875,0
33876,0
33877,0
33878,0
33879,0
33880,0
33881,0
33882,0
33883,0
33884,0
33885,0
33886,3
33887,3
33888,3
33889,3
33890,3
33891,3
33892,3
33893,3
33894,3
33895,3
33896,3
33897,3
33898,3
33899,3
33900,3
33901,3
33902,3
33903,3
33904,3
33905,3
33906,3
33907,3
33908,3
33909,3
33910,3
33911,3
33912,3
33913,3
33914,3
33915,3
33916,3
33917,3
33918,3
33919,3
33920,3
33921,3
33922,3
33923,3
33924,3
33925,3
33926,3
33927,3
33928,3
33929,3
33930,3
33931,3
33932,3
33933,3
33934,3
33935,3
33936,3
33937,3
33938,3
33939,3
33940,3
33941,3
33942,3
33943,3
33944,3
33945,3
33946,3
33947,3
33948,3
33949,3
33950,3
33951,3
33952,3
33953,3
33954,3
33955,3
33956,3
33957,3
33958,3
33959,3
33960,3
33961,3
33962,3
33963,3
33964,3
33965,3
33966,3
33967,3
33968,3
33969,3
33970,3
33971,3
33972,3
33973,3
33974,3
33975,3
33976,3
33977,3
33978,3
33979,3
33980,3
33981,3
33982,3
33983,3
33984,3
33985,3
33986,3
33987,3
33988,3
33989,3
33990,3
33991,3
33992,3
33993,3
33994,3
33995,3
33996,3
33997,3
33998,3
33999,3
34000,3
34001,3
34002,3
34003,3
34004,3
34005,3
34006,3
34007,3
34008,3
34009,3
34010,3
34011,3
34012,3
34013,3
34014,3
34015,3
34016,3
34017,3
34018,3
34019,3
34020,3
34021,3
34022,3
34023,3
34024,3
34025,3
34026,3
34027,3
34028,3
34029,3
34030,3
34031,3
34032,3
34033,3
34034,3
34035,3
34036,3
34037,3
34038,3
34039,3
34040,3
34041,3
34042,3
34043,3
34044,3
34045,3
34046,3
34047,3
34048,3
34049,3
34050,3
34051,3
34052,3
34053,3
34054,3
34055,3
34056,3
34057,3
34058,3
34059,3
34060,3
34061,3
34062,3
34063,3
34064,3
34065,3
34066,3
34067,3
34068,3
34069,3
34070,3
34071,3
34072,3
34073,3
34074,3
34075,3
34076,3
34077,3
34078,3
34079,3
34080,3
34081,3
34082,3
34083,3
34084,3
34085,3
34086,3
34087,3
34088,3
34089,3
34090,3
34091,3
34092,3
34093,3
34094,3
34095,3
34096,3
34097,3
34098,3
34099,3
34100,3
34101,3
34102,3
34103,3
34104,3
34105,3
34106,3
34107,3
34108,3
34109,3
34110,3
34111,3
34112,3
34113,3
34114,3
34115,3
34116,3
34117,3
34118,3
34119,3
34120,3
34121,3
34122,3
34123,3
34124,3
34125,3
34126,3
34127,3
34128,3
34129,3
34130,3
34131,3
34132,3
34133,3
34134,3
34135,3
34136,3
34137,3
34138,3
34139,3
34140,3
34141,3
34142,3
34143,3
34144,3
34145,3
34146,3
34147,3
34148,3
34149,3
34150,3
34151,3
34152,3
34153,3
34154,3
34155,3
34156,3
34157,3
34158,3
34159,3
34160,3
34161,3
34162,0
34163,0
34164,0
34165,0
34166,0
34167,0
34168,0
34169,0
34170,0
34171,0
34172,0
34173,0
34174,0
34175,0
34176,0
34177,0
34178,0
34179,0
34180,0
34181,0
34182,0
34183,0
34184,0
34185,0
34186,0
34187,0
34188,0
34189,0
34190,0
34191,0
34192,0
34193,0
34194,0
34195,0
34196,0
34197,0
34198,0
34199,0
34200,0
34201,0
34202,0
34203,0
34204,0
34205,0
34206,0
34207,0
34208,0
34209,0
34210,0
34211,0
34212,0
34213,0
34214,0
34215,0
34216,0
34217,0
34218,0
34219,0
34220,0
34221,0
34222,0
34223,0
34224,0
34225,0
34226,0
34227,0
34228,0
34229,0
34230,0
34231,0
34232,0
34233,0
34234,0
34235,0
34236,0
34237,0
34238,0
34239,0
34240,0
34241,0
34242,0
34243,0
34244,0
34245,0
34246,0
34247,0
34248,0
34249,0
34250,0
34251,0
34252,0
34253,0
34254,0
34255,0
34256,0
34257,0
34258,0
34259,0
34260,0
34261,0
34262,0
34263,0
34264,0
34265,0
34266,0
34267,0
34268,0
34269,0
34270,0
34271,0
34272,0
34273,0
34274,0
34275,0
34276,0
34277,0
34278,0
34279,0
34280,0
34281,0
34282,0
34283,0
34284,0
34285,0
34286,0
34287,0
34288,0
34289,0
34290,0
34291,0
34292,0
34293,0
34294,0
34295,0
34296,0
34297,0
34298,0
34299,0
34300,0
34301,0
34302,0
34303,0
34304,0
34305,0
34306,0
34307,0
34308,0
34309,0
34310,0
34311,0
34312,0
34313,0
34314,0
34315,0
34316,0
34317,0
34318,0
34319,0
34320,0
34321,0
34322,0
34323,0
34324,0
34325,0
34326,0
34327,0
34328,0
34329,0
34330,0
34331,0
34332,0
34333,0
34334,0
34335,0
34336,0
34337,0
34338,0
34339,0
34340,0
34341,0
34342,0
34343,0
34344,0
34345,0
34346,0
34347,0
34348,0
34349,0
34350,0
34351,0
34352,0
34353,0
34354,0
34355,0
34356,0
34357,0
34358,0
34359,0
34360,0
34361,0
34362,0
34363,0
34364,0
34365,0
34366,0
34367,0
34368,0
34369,0
34370,0
34371,0
34372,0
34373,0
34374,0
34375,0
34376,0
34377,0
34378,0
34379,0
34380,0
34381,0
34382,0
34383,0
34384,0
34385,0
34386,0
34387,0
34388,0
34389,0
34390,0
34391,0
34392,0
34393,0
34394,0
34395,0
34396,0
34397,0
34398,0
34399,0
34400,0
34401,0
34402,0
34403,0
34404,0
34405,0
34406,0
34407,0
34408,0
34409,0
34410,0
34411,0
34412,0
34413,0
34414,0
34415,0
34416,0
34417,0
34418,0
34419,0
34420,0
34421,0
34422,0
34423,0
34424,0
34425,0
34426,3
34427,3
34428,3
34429,3
34430,3
34431,3
34432,3
34433,3
34434,3
34435,3
34436,3
34437,3
34438,3
34439,3
34440,3
34441,3
34442,3
34443,3
34444,3
34445,3
34446,3
34447,3
34448,3
34449,3
34450,3
34451,3
34452,3
34453,3
34454,3
34455,3
34456,3
34457,3
34458,3
34459,3
34460,3
34461,3
34462,3
34463,3
34464,3
34465,3
34466,3
34467,3
34468,3
34469,3
34470,3
34471,3
34472,3
34473,3
34474,3
34475,3
34476,3
34477,3
34478,3
34479,3
34480,3
34481,3
34482,3
34483,3
34484,3
34485,3
34486,3
34487,3
34488,3
34489,3
34490,3
34491,3
34492,3
34493,3
34494,3
34495,3
34496,3
34497,3
34498,3
34499,3
34500,3
34501,3
34502,3
34503,3
34504,3
34505,3
34506,3
34507,3
34508,3
34509,3
34510,3
34511,3
34512,3
34513,3
34514,3
34515,3
34516,3
34517,3
34518,3
34519,3
34520,3
34521,3
34522,3
34523,3
34524,3
34525,3
34526,3
34527,3
34528,3
34529,3
34530,3
34531,3
34532,3
34533,3
34534,3
34535,3
34536,3
34537,3
34538,3
34539,3
34540,3
34541,3
34542,3
34543,3
34544,3
34545,3
34546,3
34547,3
34548,3
34549,3
34550,3
34551,3
34552,3
34553,3
34554,3
34555,3
34556,3
34557,3
34558,3
34559,3
34560,3
34561,3
34562,3
34563,3
34564,3
34565,3
34566,3
34567,3
34568,3
34569,3
34570,3
34571,3
34572,3
34573,3
34574,3
34575,3
34576,3
34577,3
34578,3
34579,3
34580,3
34581,3
34582,3
34583,3
34584,3
34585,3
34586,3
34587,3
34588,3
34589,3
34590,3
34591,3
34592,3
34593,3
34594,3
34595,3
34596,3
34597,3
34598,3
34599,3
34600,3
34601,3
34602,3
34603,3
34604,3
34605,3
34606,3
34607,3
34608,3
34609,3
34610,3
34611,3
34612,3
34613,3
34614,3
34615,3
34616,3
34617,3
34618,3
34619,3
34620,3
34621,3
34622,3
34623,3
34624,3
34625,3
34626,3
34627,3
34628,3
34629,3
34630,3
34631,3
34632,3
34633,3
34634,3
34635,3
34636,3
34637,3
34638,3
34639,3
34640,3
34641,3
34642,3
34643,3
34644,3
34645,3
34646,3
34647,3
34648,3
34649,3
34650,3
34651,3
34652,3
34653,3
34654,3
34655,3
34656,3
34657,3
34658,3
34659,3
34660,3
34661,3
34662,3
34663,3
34664,3
34665,3
34666,3
34667,3
34668,3
34669,3
34670,3
34671,3
34672,3
34673,3
34674,3
34675,3
34676,3
34677,3
34678,3
34679,3
34680,3
34681,3
34682,3
34683,3
34684,3
34685,3
34686,3
34687,3
34688,3
34689,3
34690,3
34691,3
34692,3
34693,3
34694,3
34695,3
34696,3
34697,3
34698,3
34699,3
34700,3
34701,3
34702,3
34703,3
34704,3
34705,3
34706,3
34707,3
34708,3
34709,3
34710,3
34711,3
34712,0
34713,0
34714,0
34715,0
34716,0
34717,0
34718,0
34719,0
34720,0
34721,0
34722,0
34723,0
34724,0
34725,0
34726,0
34727,0
34728,0
34729,0
34730,0
34731,0
34732,0
34733,0
34734,0
34735,0
34736,0
34737,0
34738,0
34739,0
34740,0
34741,0
34742,0
34743,0
34744,0
34745,0
34746,0
34747,0
34748,0
34749,0
34750,0
34751,0
34752,0
34753,0
34754,0
34755,0
34756,0
34757,0
34758,0
34759,0
34760,0
34761,0
34762,0
34763,0
34764,0
34765,0
34766,0
34767,0
34768,0
34769,0
34770,0
34771,0
34772,0
34773,0
34774,0
34775,0
34776,0
34777,0
34778,0
34779,0
34780,0
34781,0
34782,0
34783,0
34784,0
34785,0
34786,0
34787,0
34788,0
34789,0
34790,0
34791,0
34792,0
34793,0
34794,0
34795,0
34796,0
34797,0
34798,0
34799,0
34800,0
34801,0
34802,0
34803,0
34804,0
34805,0
34806,0
34807,0
34808,0
34809,0
34810,0
34811,0
34812,0
34813,0
34814,0
34815,0
34816,0
34817,0
34818,0
34819,0
34820,0
34821,0
34822,0
34823,0
34824,0
34825,0
34826,0
34827,0
34828,0
34829,0
34830,0
34831,0
34832,0
34833,0
34834,0
34835,0
34836,0
34837,0
34838,0
34839,0
34840,0
34841,0
34842,0
34843,0
34844,0
34845,0
34846,0
34847,0
34848,0
34849,0
34850,0
34851,0
34852,0
34853,0
34854,0
34855,0
34856,0
34857,0
34858,0
34859,0
34860,0
34861,0
34862,0
34863,0
34864,0
34865,0
34866,0
34867,0
34868,0
34869,0
34870,0
34871,0
34872,0
34873,0
34874,0
34875,0
34876,0
34877,0
34878,0
34879,0
34880,0
34881,0
34882,0
34883,0
34884,0
34885,0
34886,0
34887,0
34888,0
34889,0
34890,0
34891,0
34892,0
34893,0
34894,0
34895,0
34896,0
34897,0
34898,0
34899,0
34900,0
34901,0
34902,0
34903,0
34904,0
34905,0
34906,0
34907,0
34908,0
34909,0
34910,0
34911,0
34912,0
34913,0
34914,0
34915,0
34916,0
34917,0
34918,0
34919,0
34920,0
34921,0
34922,0
34923,0
34924,0
34925,0
34926,0
34927,0
34928,0
34929,0
34930,0
34931,0
34932,0
34933,0
34934,0
34935,0
34936,0
34937,0
34938,0
34939,0
34940,0
34941,0
34942,0
34943,0
34944,0
34945,0
34946,0
34947,0
34948,0
34949,0
34950,0
34951,0
34952,0
34953,0
34954,0
34955,0
34956,0
34957,0
34958,0
34959,3
34960,3
34961,3
34962,3
34963,3
34964,3
34965,3
34966,3
34967,3
34968,3
34969,3
34970,3
34971,3
34972,3
34973,3
34974,3
34975,3
34976,3
34977,3
34978,3
34979,3
34980,3
34981,3
34982,3
34983,3
34984,3
34985,3
34986,3
34987,3
34988,3
34989,3
34990,3
34991,3
34992,3
34993,3
34994,3
34995,3
34996,3
34997,3
34998,3
34999,3
35000,3
35001,3
35002,3
35003,3
35004,3
35005,3
35006,3
35007,3
35008,3
35009,3
35010,3
35011,3
35012,3
35013,3
35014,3
35015,3
35016,3
35017,3
35018,3
35019,3
35020,3
35021,3
35022,3
35023,3
35024,3
35025,3
35026,3
35027,3
35028,3
35029,3
35030,3
35031,3
35032,3
35033,3
35034,3
35035,3
35036,3
35037,3
35038,3
35039,3
35040,3
35041,3
35042,3
35043,3
35044,3
35045,3
35046,3
35047,3
35048,3
35049,3
35050,3
35051,3
35052,3
35053,3
35054,3
35055,3
35056,3
35057,3
35058,3
35059,3
35060,3
35061,3
35062,3
35063,3
35064,3
35065,3
35066,3
35067,3
35068,3
35069,3
35070,3
35071,3
35072,3
35073,3
35074,3
35075,3
35076,3
35077,3
35078,3
35079,3
35080,3
35081,3
35082,3
35083,3
35084,3
35085,3
35086,3
35087,3
35088,3
35089,3
35090,3
35091,3
35092,3
35093,3
35094,3
35095,3
35096,3
35097,3
35098,3
35099,3
35100,3
35101,3
35102,3
35103,3
35104,3
35105,3
35106,3
35107,3
35108,3
35109,3
35110,3
35111,3
35112,3
35113,3
35114,3
35115,3
35116,3
35117,3
35118,3
35119,3
35120,3
35121,3
35122,3
35123,3
35124,3
35125,3
35126,3
35127,3
35128,3
35129,3
35130,3
35131,3
35132,3
35133,3
35134,3
35135,3
35136,3
35137,3
35138,3
35139,3
35140,3
35141,3
35142,3
35143,3
35144,3
35145,3
35146,3
35147,3
35148,3
35149,3
35150,3
35151,3
35152,3
35153,3
35154,3
35155,3
35156,3
35157,3
35158,3
35159,3
35160,3
35161,3
35162,3
35163,3
35164,3
35165,3
35166,3
35167,3
35168,3
35169,3
35170,3
35171,3
35172,3
35173,3
35174,3
35175,3
35176,3
35177,3
35178,3
35179,3
35180,3
35181,3
35182,3
35183,3
35184,3
35185,3
35186,3
35187,3
35188,3
35189,3
35190,3
35191,3
35192,3
35193,3
35194,3
35195,3
35196,3
35197,3
35198,3
35199,3
35200,3
35201,3
35202,3
35203,3
35204,3
35205,3
35206,3
35207,3
35208,3
35209,3
35210,3
35211,3
35212,3
35213,3
35214,3
35215,3
35216,3
35217,3
35218,3
35219,3
35220,3
35221,3
35222,3
35223,3
35224,3
35225,3
35226,3
35227,3
35228,3
35229,3
35230,3
35231,3
35232,3
35233,3
35234,3
35235,3
35236,3
35237,3
35238,3
35239,3
35240,3
35241,3
35242,3
35243,3
35244,3
35245,3
35246,3
35247,3
35248,3
35249,3
35250,3
35251,3
35252,3
35253,3
35254,3
35255,3
35256,3
35257,3
35258,3
35259,3
35260,3
35261,3
35262,3
35263,3
35264,3
35265,3
35266,0
35267,0
35268,0
35269,0
35270,0
35271,0
35272,0
35273,0
35274,0
35275,0
35276,0
35277,0
35278,0
35279,0
35280,0
35281,0
35282,0
35283,0
35284,0
35285,0
35286,0
35287,0
35288,0
35289,0
35290,0
35291,0
35292,0
35293,0
35294,0
35295,0
35296,0
35297,0
35298,0
35299,0
35300,0
35301,0
35302,0
35303,0
35304,0
35305,0
35306,0
35307,0
35308,0
35309,0
35310,0
35311,0
35312,0
35313,0
35314,0
35315,0
35316,0
35317,0
35318,0
35319,0
35320,0
35321,0
35322,0
35323,0
35324,0
35325,0
35326,0
35327,0
35328,0
35329,0
35330,0
35331,0
35332,0
35333,0
35334,0
35335,0
35336,0
35337,0
35338,0
35339,0
35340,0
35341,0
35342,0
35343,0
35344,0
35345,0
35346,0
35347,0
35348,0
35349,0
35350,0
35351,0
35352,0
35353,0
35354,0
35355,0
35356,1
35357,1
35358,1
35359,1
35360,1
35361,1
35362,1
35363,1
35364,1
35365,1
35366,1
35367,1
35368,1
35369,1
35370,1
35371,1
35372,1
35373,1
35374,1
35375,1
35376,1
35377,1
35378,1
35379,1
35380,1
35381,1
35382,1
35383,1
35384,1
35385,1
35386,1
35387,1
35388,1
35389,1
35390,1
35391,1
35392,1
35393,1
35394,1
35395,1
35396,1
35397,1
35398,1
35399,1
35400,1
35401,1
35402,1
35403,1
35404,1
35405,1
35406,1
35407,1
35408,1
35409,1
35410,1
35411,1
35412,1
35413,1
35414,1
35415,1
35416,1
35417,1
35418,1
35419,1
35420,1
35421,1
35422,1
35423,1
35424,1
35425,1
35426,1
35427,1
35428,1
35429,1
35430,1
35431,1
35432,1
35433,1
35434,1
35435,1
35436,1
35437,1
35438,1
35439,1
35440,1
35441,1
35442,1
35443,1
35444,1
35445,1
35446,1
35447,1
35448,1
35449,1
35450,1
35451,1
35452,1
35453,1
35454,1
35455,1
35456,1
35457,1
35458,1
35459,1
35460,1
35461,1
35462,1
35463,1
35464,1
35465,1
35466,1
35467,1
35468,1
35469,1
35470,1
35471,1
35472,1
35473,1
35474,1
35475,1
35476,1
35477,1
35478,1
35479,1
35480,1
35481,1
35482,1
35483,1
35484,1
35485,1
35486,1
35487,1
35488,1
35489,1
35490,1
35491,1
35492,1
35493,1
35494,1
35495,1
35496,1
35497,1
35498,1
35499,1
35500,1
35501,1
35502,1
35503,1
35504,1
35505,1
35506,1
35507,1
35508,1
35509,1
35510,1
35511,1
35512,1
35513,1
35514,1
35515,1
35516,1
35517,1
35518,1
35519,1
35520,1
35521,1
35522,1
35523,1
35524,1
35525,1
35526,1
35527,1
35528,1
35529,1
35530,1
35531,1
35532,1
35533,1
35534,1
35535,1
35536,1
35537,1
35538,1
35539,1
35540,1
35541,1
35542,1
35543,1
35544,1
35545,1
35546,1
35547,1
35548,1
35549,1
35550,1
35551,1
35552,1
35553,1
35554,1
35555,1
35556,1
35557,1
35558,1
35559,1
35560,1
35561,1
35562,1
35563,1
35564,1
35565,1
35566,1
35567,1
35568,1
35569,1
35570,1
35571,1
35572,1
35573,1
35574,1
35575,1
35576,1
35577,1
35578,1
35579,1
35580,1
35581,1
35582,1
35583,1
35584,1
35585,1
35586,1
35587,1
35588,1
35589,1
35590,1
35591,1
35592,1
35593,1
35594,1
35595,1
35596,1
35597,1
35598,1
35599,1
35600,1
35601,1
35602,1
35603,1
35604,1
35605,1
35606,1
35607,1
35608,1
35609,1
35610,1
35611,1
35612,1
35613,1
35614,1
35615,1
35616,1
35617,1
35618,1
35619,1
35620,1
35621,1
35622,1
35623,1
35624,1
35625,1
35626,1
35627,1
35628,1
35629,1
35630,1
35631,1
35632,1
35633,1
35634,1
35635,1
35636,1
35637,1
35638,1
35639,1
35640,1
35641,1
35642,1
35643,1
35644,1
35645,1
35646,1
35647,1
35648,1
35649,1
35650,1
35651,1
35652,1
35653,1
35654,1
35655,1
35656,1
35657,1
35658,1
35659,1
35660,1
35661,1
35662,1
35663,1
35664,1
35665,1
35666,1
35667,1
35668,1
35669,1
35670,1
35671,1
35672,1
35673,1
35674,1
35675,1
35676,1
35677,1
35678,1
35679,1
35680,1
35681,1
35682,1
35683,1
35684,1
35685,1
35686,1
35687,1
35688,1
35689,1
35690,1
35691,1
35692,1
35693,1
35694,1
35695,1
35696,1
35697,1
35698,1
35699,1
35700,1
35701,1
35702,1
35703,1
35704,1
35705,1
35706,1
35707,1
35708,1
35709,1
35710,1
35711,1
35712,1
35713,1
35714,1
35715,1
35716,1
35717,1
35718,1
35719,1
35720,1
35721,1
35722,1
35723,1
35724,1
35725,1
35726,1
35727,1
35728,1
35729,1
35730,1
35731,1
35732,1
35733,1
35734,1
35735,1
35736,1
35737,1
35738,1
35739,1
35740,1
35741,1
35742,1
35743,1
35744,1
35745,1
35746,1
35747,1
35748,1
35749,1
35750,1
35751,1
35752,1
35753,1
35754,1
35755,1
35756,1
35757,1
35758,1
35759,1
35760,1
35761,1
35762,1
35763,1
35764,1
35765,1
35766,1
35767,1
35768,1
35769,1
35770,1
35771,1
35772,1
35773,1
35774,1
35775,1
35776,1
35777,1
35778,1
35779,1
35780,1
35781,1
35782,1
35783,1
35784,1
35785,1
35786,1
35787,1
35788,1
35789,1
35790,1
35791,1
35792,1
35793,1
35794,1
35795,1
35796,1
35797,1
35798,1
35799,1
35800,1
35801,1
35802,1
35803,1
35804,1
35805,1
35806,1
35807,1
35808,1
35809,1
35810,1
35811,1
35812,1
35813,1
35814,1
35815,1
35816,1
35817,1
35818,1
35819,1
35820,1
35821,1
35822,1
35823,1
35824,1
35825,1
35826,1
35827,1
35828,1
35829,1
35830,1
35831,1
35832,1
35833,1
35834,1
35835,1
35836,1
35837,1
35838,1
35839,1
35840,1
35841,1
35842,1
35843,1
35844,1
35845,1
35846,1
35847,1
35848,1
35849,1
35850,1
35851,1
35852,1
35853,1
35854,1
35855,1
35856,1
35857,1
35858,1
35859,1
35860,1
35861,1
35862,1
35863,1
35864,1
35865,1
35866,1
35867,1
35868,1
35869,1
35870,1
35871,1
35872,1
35873,1
35874,1
35875,1
35876,1
35877,1
35878,1
35879,1
35880,1
35881,1
35882,1
35883,1
35884,1
35885,1
35886,1
35887,1
35888,1
35889,1
35890,1
35891,1
35892,1
35893,1
35894,1
35895,1
35896,1
35897,1
35898,1
35899,1
35900,1
35901,1
35902,1
35903,1
35904,1
35905,1
35906,1
35907,1
35908,1
35909,1
35910,1
35911,1
35912,1
35913,1
35914,1
35915,1
35916,1
35917,1
35918,1
35919,1
35920,1
35921,1
35922,1
35923,1
35924,1
35925,1
35926,1
35927,1
35928,1
35929,1
35930,1
35931,1
35932,1
35933,1
35934,1
35935,1
35936,1
35937,1
35938,1
35939,1
35940,1
35941,1
35942,1
35943,1
35944,1
35945,1
35946,1
35947,1
35948,1
35949,1
35950,1
35951,1
35952,1
35953,1
35954,1
35955,1
35956,1
35957,1
35958,1
35959,1
35960,1
35961,1
35962,1
35963,1
35964,1
35965,1
35966,1
35967,1
35968,1
35969,1
35970,1
35971,1
35972,1
35973,1
35974,1
35975,1
35976,1
35977,1
35978,1
35979,1
35980,1
35981,1
35982,1
35983,1
35984,1
35985,1
35986,1
35987,1
35988,1
35989,1
35990,1
35991,1
35992,1
35993,1
35994,1
35995,1
35996,1
35997,1
35998,1
35999,1
36000,1
36001,1
36002,1
36003,1
36004,1
36005,1
36006,1
36007,1
36008,1
36009,1
36010,1
36011,1
36012,1
36013,1
36014,1
36015,1
36016,1
36017,1
36018,1
36019,1
36020,1
36021,1
36022,1
36023,1
36024,1
36025,1
36026,1
36027,1
36028,1
36029,1
36030,1
36031,1
36032,1
36033,1
36034,1
36035,1
36036,1
36037,1
36038,1
36039,1
36040,1
36041,1
36042,1
36043,1
36044,1
36045,1
36046,1
36047,1
36048,1
36049,1
36050,1
36051,1
36052,1
36053,1
36054,1
36055,1
36056,1
36057,1
36058,1
36059,1
36060,1
36061,1
36062,1
36063,1
36064,1
36065,1
36066,1
36067,1
36068,1
36069,1
36070,1
36071,1
36072,1
36073,1
36074,1
36075,1
36076,1
36077,1
36078,1
36079,1
36080,1
36081,1
36082,1
36083,1
36084,1
36085,1
36086,1
36087,1
36088,1
36089,1
36090,1
36091,1
36092,1
36093,1
36094,1
36095,1
36096,1
36097,1
36098,1
36099,1
36100,1
36101,1
36102,1
36103,1
36104,1
36105,1
36106,1
36107,1
36108,1
36109,1
36110,1
36111,1
36112,1
36113,1
36114,1
36115,1
36116,1
36117,1
36118,1
36119,1
36120,1
36121,1
36122,1
36123,1
36124,1
36125,1
36126,1
36127,1
36128,1
36129,1
36130,1
36131,1
36132,1
36133,1
36134,1
36135,1
36136,1
36137,1
36138,1
36139,1
36140,1
36141,1
36142,1
36143,1
36144,1
36145,1
36146,1
36147,1
36148,1
36149,1
36150,1
36151,1
36152,1
36153,1
36154,1
36155,1
36156,1
36157,1
36158,1
36159,1
36160,1
36161,1
36162,1
36163,1
36164,1
36165,1
36166,1
36167,1
36168,1
36169,1
36170,1
36171,1
36172,1
36173,1
36174,1
36175,1
36176,1
36177,1
36178,1
36179,1
36180,1
36181,1
36182,1
36183,1
36184,1
36185,1
36186,1
36187,1
36188,1
36189,1
36190,1
36191,1
36192,1
36193,1
36194,1
36195,1
36196,1
36197,1
36198,1
36199,1
36200,1
36201,1
36202,1
36203,1
36204,1
36205,1
36206,1
36207,1
36208,1
36209,1
36210,1
36211,1
36212,1
36213,1
36214,1
36215,1
36216,1
36217,1
36218,1
36219,1
36220,1
36221,1
36222,1
36223,1
36224,1
36225,1
36226,1
36227,1
36228,1
36229,1
36230,1
36231,1
36232,1
36233,1
36234,1
36235,1
36236,1
36237,1
36238,1
36239,1
36240,1
36241,1
36242,1
36243,1
36244,1
36245,1
36246,1
36247,1
36248,1
36249,1
36250,1
36251,1
36252,1
36253,1
36254,1
36255,1
36256,1
36257,1
36258,1
36259,1
36260,1
36261,1
36262,1
36263,1
36264,1
36265,1
36266,1
36267,1
36268,1
36269,1
36270,1
36271,1
36272,1
36273,1
36274,1
36275,1
36276,1
36277,1
36278,1
36279,1
36280,1
36281,1
36282,1
36283,1
36284,1
36285,1
36286,1
36287,1
36288,1
36289,1
36290,1
36291,1
36292,1
36293,1
36294,1
36295,1
36296,1
36297,1
36298,1
36299,1
36300,1
36301,1
36302,1
36303,1
36304,1
36305,1
36306,1
36307,1
36308,1
36309,1
36310,1
36311,1
36312,1
36313,1
36314,1
36315,1
36316,1
36317,1
36318,1
36319,1
36320,1
36321,1
36322,1
36323,1
36324,1
36325,1
36326,1
36327,1
36328,1
36329,1
36330,1
36331,1
36332,1
36333,1
36334,1
36335,1
36336,1
36337,1
36338,1
36339,1
36340,1
36341,1
36342,1
36343,1
36344,1
36345,1
36346,1
36347,1
36348,1
36349,1
36350,1
36351,1
36352,1
36353,1
36354,1
36355,1
36356,1
36357,1
36358,1
36359,1
36360,1
36361,1
36362,1
36363,1
36364,1
36365,1
36366,1
36367,1
36368,1
36369,1
36370,1
36371,1
36372,1
36373,1
36374,1
36375,1
36376,1
36377,1
36378,1
36379,1
36380,1
36381,1
36382,1
36383,1
36384,1
36385,1
36386,1
36387,1
36388,1
36389,1
36390,1
36391,1
36392,1
36393,1
36394,1
36395,1
36396,1
36397,1
36398,1
36399,1
36400,1
36401,1
36402,1
36403,1
36404,1
36405,1
36406,1
36407,1
36408,1
36409,1
36410,1
36411,1
36412,1
36413,1
36414,1
36415,1
36416,1
36417,1
36418,1
36419,1
36420,1
36421,1
36422,1
36423,1
36424,1
36425,1
36426,1
36427,1
36428,1
36429,1
36430,1
36431,1
36432,1
36433,1
36434,1
36435,1
36436,1
36437,1
36438,1
36439,1
36440,1
36441,1
36442,1
36443,1
36444,1
36445,1
36446,1
36447,1
36448,1
36449,1
36450,1
36451,1
36452,1
36453,2
36454,2
36455,2
36456,2
36457,2
36458,2
36459,2
36460,2
36461,2
36462,2
36463,2
36464,2
36465,2
36466,2
36467,2
36468,2
36469,2
36470,2
36471,2
36472,2
36473,2
36474,2
36475,2
36476,2
36477,2
36478,2
36479,2
36480,2
36481,2
36482,2
36483,2
36484,2
36485,2
36486,2
36487,2
36488,2
36489,2
36490,2
36491,2
36492,2
36493,2
36494,2
36495,2
36496,2
36497,2
36498,2
36499,2
36500,2
36501,2
36502,2
36503,2
36504,2
36505,2
36506,2
36507,2
36508,2
36509,2
36510,2
36511,2
36512,2
36513,2
36514,2
36515,2
36516,2
36517,2
36518,2
36519,2
36520,2
36521,2
36522,2
36523,2
36524,2
36525,2
36526,2
36527,2
36528,2
36529,2
36530,2
36531,2
36532,2
36533,2
36534,2
36535,2
36536,2
36537,2
36538,2
36539,2
36540,2
36541,2
36542,2
36543,2
36544,2
36545,2
36546,2
36547,2
36548,2
36549,2
36550,2
36551,2
36552,2
36553,2
36554,2
36555,2
36556,2
36557,2
36558,2
36559,2
36560,2
36561,2
36562,2
36563,2
36564,2
36565,2
36566,2
36567,2
36568,2
36569,2
36570,2
36571,2
36572,2
36573,2
36574,2
36575,2
36576,2
36577,2
36578,2
36579,2
36580,2
36581,2
36582,2
36583,2
36584,2
36585,2
36586,2
36587,2
36588,2
36589,2
36590,2
36591,2
36592,2
36593,2
36594,2
36595,2
36596,2
36597,2
36598,2
36599,2
36600,2
36601,2
36602,2
36603,2
36604,2
36605,2
36606,2
36607,2
36608,2
36609,2
36610,2
36611,2
36612,2
36613,2
36614,2
36615,2
36616,2
36617,2
36618,2
36619,2
36620,2
36621,2
36622,2
36623,2
36624,2
36625,2
36626,2
36627,2
36628,2
36629,2
36630,2
36631,2
36632,2
36633,2
36634,2
36635,2
36636,2
36637,2
36638,2
36639,2
36640,2
36641,2
36642,2
36643,2
36644,2
36645,2
36646,2
36647,2
36648,2
36649,2
36650,2
36651,2
36652,2
36653,2
36654,2
36655,2
36656,2
36657,2
36658,2
36659,2
36660,2
36661,2
36662,2
36663,2
36664,2
36665,2
36666,2
36667,2
36668,2
36669,2
36670,2
36671,2
36672,2
36673,2
36674,2
36675,2
36676,2
36677,2
36678,2
36679,2
36680,2
36681,2
36682,2
36683,2
36684,2
36685,2
36686,2
36687,2
36688,2
36689,2
36690,2
36691,2
36692,2
36693,2
36694,2
36695,2
36696,2
36697,2
36698,2
36699,2
36700,2
36701,2
36702,2
36703,2
36704,2
36705,2
36706,2
36707,2
36708,2
36709,2
36710,2
36711,2
36712,2
36713,2
36714,2
36715,2
36716,2
36717,2
36718,2
36719,2
36720,2
36721,2
36722,2
36723,2
36724,2
36725,2
36726,2
36727,2
36728,2
36729,2
36730,2
36731,2
36732,2
36733,2
36734,2
36735,2
36736,2
36737,2
36738,2
36739,2
36740,2
36741,2
36742,2
36743,2
36744,2
36745,2
36746,2
36747,2
36748,2
36749,2
36750,2
36751,2
36752,2
36753,2
36754,2
36755,2
36756,2
36757,2
36758,2
36759,2
36760,2
36761,2
36762,2
36763,2
36764,2
36765,2
36766,2
36767,2
36768,2
36769,2
36770,2
36771,2
36772,2
36773,2
36774,2
36775,2
36776,2
36777,2
36778,2
36779,2
36780,2
36781,2
36782,2
36783,2
36784,2
36785,2
36786,2
36787,2
36788,2
36789,2
36790,2
36791,2
36792,2
36793,2
36794,2
36795,2
36796,2
36797,2
36798,2
36799,2
36800,2
36801,2
36802,2
36803,2
36804,2
36805,2
36806,2
36807,2
36808,2
36809,2
36810,2
36811,2
36812,2
36813,2
36814,2
36815,2
36816,2
36817,2
36818,2
36819,2
36820,2
36821,2
36822,2
36823,2
36824,2
36825,2
36826,2
36827,2
36828,2
36829,2
36830,2
36831,2
36832,2
36833,2
36834,2
36835,2
36836,2
36837,2
36838,2
36839,2
36840,2
36841,2
36842,2
36843,2
36844,2
36845,2
36846,2
36847,2
36848,2
36849,2
36850,2
36851,2
36852,2
36853,2
36854,2
36855,2
36856,2
36857,2
36858,2
36859,2
36860,2
36861,2
36862,2
36863,2
36864,2
36865,2
36866,2
36867,2
36868,2
36869,2
36870,2
36871,2
36872,2
36873,2
36874,2
36875,2
36876,2
36877,2
36878,2
36879,2
36880,2
36881,2
36882,2
36883,2
36884,2
36885,2
36886,2
36887,2
36888,2
36889,2
36890,2
36891,2
36892,2
36893,2
36894,2
36895,2
36896,2
36897,2
36898,2
36899,2
36900,2
36901,2
36902,2
36903,2
36904,2
36905,2
36906,2
36907,2
36908,2
36909,2
36910,2
36911,2
36912,2
36913,2
36914,2
36915,2
36916,2
36917,2
36918,2
36919,2
36920,2
36921,2
36922,2
36923,2
36924,2
36925,2
36926,2
36927,2
36928,2
36929,2
36930,2
36931,2
36932,2
36933,2
36934,2
36935,2
36936,2
36937,2
36938,2
36939,2
36940,2
36941,2
36942,2
36943,2
36944,2
36945,2
36946,2
36947,2
36948,2
36949,2
36950,2
36951,2
36952,2
36953,2
36954,2
36955,2
36956,2
36957,2
36958,2
36959,2
36960,2
36961,2
36962,2
36963,2
36964,2
36965,2
36966,2
36967,2
36968,2
36969,2
36970,2
36971,2
36972,2
36973,2
36974,2
36975,2
36976,2
36977,2
36978,2
36979,2
36980,2
36981,2
36982,2
36983,2
36984,2
36985,2
36986,2
36987,2
36988,2
36989,2
36990,2
36991,2
36992,2
36993,2
36994,2
36995,2
36996,2
36997,2
36998,2
36999,2
37000,2
37001,2
37002,2
37003,2
37004,2
37005,2
37006,2
37007,2
37008,2
37009,2
37010,2
37011,2
37012,2
37013,2
37014,2
37015,2
37016,2
37017,2
37018,2
37019,2
37020,2
37021,2
37022,2
37023,2
37024,2
37025,2
37026,2
37027,2
37028,2
37029,2
37030,2
37031,2
37032,2
37033,2
37034,2
37035,2
37036,2
37037,2
37038,2
37039,2
37040,2
37041,2
37042,2
37043,2
37044,2
37045,2
37046,2
37047,2
37048,2
37049,2
37050,2
37051,2
37052,2
37053,2
37054,2
37055,2
37056,2
37057,2
37058,2
37059,2
37060,2
37061,2
37062,2
37063,2
37064,2
37065,2
37066,2
37067,2
37068,2
37069,2
37070,2
37071,2
37072,2
37073,2
37074,2
37075,2
37076,2
37077,2
37078,2
37079,2
37080,2
37081,2
37082,2
37083,2
37084,2
37085,2
37086,2
37087,2
37088,2
37089,2
37090,2
37091,2
37092,2
37093,2
37094,2
37095,2
37096,2
37097,2
37098,2
37099,2
37100,2
37101,2
37102,2
37103,2
37104,2
37105,2
37106,2
37107,2
37108,2
37109,2
37110,2
37111,2
37112,2
37113,2
37114,2
37115,2
37116,2
37117,2
37118,2
37119,2
37120,2
37121,2
37122,2
37123,2
37124,2
37125,2
37126,2
37127,2
37128,2
37129,2
37130,2
37131,2
37132,2
37133,2
37134,2
37135,2
37136,2
37137,2
37138,2
37139,2
37140,2
37141,2
37142,2
37143,2
37144,2
37145,2
37146,2
37147,2
37148,2
37149,2
37150,2
37151,2
37152,2
37153,2
37154,2
37155,2
37156,2
37157,2
37158,2
37159,2
37160,2
37161,2
37162,2
37163,2
37164,2
37165,2
37166,2
37167,2
37168,2
37169,2
37170,2
37171,2
37172,2
37173,2
37174,2
37175,2
37176,2
37177,2
37178,2
37179,2
37180,2
37181,2
37182,2
37183,2
37184,2
37185,2
37186,2
37187,2
37188,2
37189,2
37190,2
37191,2
37192,2
37193,2
37194,2
37195,2
37196,2
37197,2
37198,2
37199,2
37200,2
37201,2
37202,2
37203,2
37204,2
37205,2
37206,2
37207,2
37208,2
37209,2
37210,2
37211,2
37212,2
37213,2
37214,2
37215,2
37216,2
37217,2
37218,2
37219,2
37220,2
37221,2
37222,2
37223,2
37224,2
37225,2
37226,2
37227,2
37228,2
37229,2
37230,2
37231,2
37232,2
37233,2
37234,2
37235,2
37236,2
37237,2
37238,2
37239,2
37240,2
37241,2
37242,2
37243,2
37244,2
37245,2
37246,2
37247,2
37248,2
37249,2
37250,2
37251,2
37252,2
37253,2
37254,2
37255,2
37256,2
37257,2
37258,2
37259,2
37260,2
37261,2
37262,2
37263,2
37264,2
37265,2
37266,2
37267,2
37268,2
37269,2
37270,2
37271,2
37272,2
37273,2
37274,2
37275,2
37276,2
37277,2
37278,2
37279,2
37280,2
37281,2
37282,2
37283,2
37284,2
37285,2
37286,2
37287,2
37288,2
37289,2
37290,2
37291,2
37292,2
37293,2
37294,2
37295,2
37296,2
37297,2
37298,2
37299,2
37300,2
37301,2
37302,2
37303,2
37304,2
37305,2
37306,2
37307,2
37308,2
37309,2
37310,2
37311,2
37312,2
37313,2
37314,2
37315,2
37316,2
37317,2
37318,2
37319,2
37320,2
37321,2
37322,2
37323,2
37324,2
37325,2
37326,2
37327,2
37328,2
37329,2
37330,2
37331,2
37332,2
37333,2
37334,2
37335,2
37336,2
37337,2
37338,2
37339,2
37340,2
37341,2
37342,2
37343,2
37344,2
37345,2
37346,2
37347,2
37348,2
37349,2
37350,2
37351,2
37352,2
37353,2
37354,2
37355,2
37356,2
37357,2
37358,2
37359,2
37360,2
37361,2
37362,2
37363,2
37364,2
37365,2
37366,2
37367,2
37368,2
37369,2
37370,2
37371,2
37372,2
37373,2
37374,2
37375,2
37376,2
37377,2
37378,2
37379,2
37380,2
37381,2
37382,2
37383,2
37384,2
37385,2
37386,2
37387,2
37388,2
37389,2
37390,2
37391,2
37392,2
37393,2
37394,2
37395,2
37396,2
37397,2
37398,2
37399,2
37400,2
37401,2
37402,2
37403,2
37404,2
37405,2
37406,2
37407,2
37408,2
37409,2
37410,2
37411,2
37412,2
37413,2
37414,2
37415,2
37416,2
37417,2
37418,2
37419,2
37420,2
37421,2
37422,2
37423,2
37424,2
37425,2
37426,2
37427,2
37428,2
37429,2
37430,2
37431,2
37432,2
37433,2
37434,2
37435,2
37436,2
37437,2
37438,2
37439,2
37440,2
37441,2
37442,2
37443,2
37444,2
37445,2
37446,2
37447,2
37448,2
37449,2
37450,2
37451,2
37452,2
37453,2
37454,2
37455,2
37456,2
37457,2
37458,2
37459,2
37460,2
37461,2
37462,2
37463,2
37464,2
37465,2
37466,2
37467,2
37468,2
37469,2
37470,2
37471,2
37472,2
37473,2
37474,2
37475,2
37476,2
37477,2
37478,2
37479,2
37480,2
37481,2
37482,2
37483,2
37484,2
37485,2
37486,2
37487,2
37488,2
37489,2
37490,2
37491,2
37492,2
37493,2
37494,2
37495,2
37496,2
37497,2
37498,2
37499,2
37500,2
37501,2
37502,2
37503,2
37504,2
37505,2
37506,2
37507,2
37508,2
37509,2
37510,2
37511,2
37512,2
37513,2
37514,2
37515,2
37516,2
37517,2
37518,2
37519,2
37520,2
37521,2
37522,2
37523,2
37524,2
37525,2
37526,2
37527,2
37528,2
37529,2
37530,2
37531,2
37532,2
37533,2
37534,2
37535,2
37536,2
37537,2
37538,2
37539,2
37540,2
37541,2
37542,2
37543,2
37544,2
37545,2
37546,2
37547,2
37548,2
37549,2
37550,2
37551,2
37552,2
37553,2
37554,2
37555,2
37556,2
37557,2
37558,2
37559,2
37560,2
37561,2
37562,2
37563,2
37564,2
37565,2
37566,2
37567,2
37568,2
37569,2
37570,2
37571,2
37572,2
37573,2
37574,2
37575,2
37576,2
37577,2
37578,2
37579,2
37580,2
37581,2
37582,2
37583,2
37584,2
37585,2
37586,2
37587,2
37588,2
37589,2
37590,2
37591,2
37592,2
37593,2
37594,2
37595,2
37596,2
37597,2
37598,2
37599,2
37600,2
37601,2
37602,2
37603,2
37604,2
37605,2
37606,2
37607,2
37608,2
37609,2
37610,2
37611,2
37612,2
37613,2
37614,2
37615,2
37616,2
37617,2
37618,2
37619,0
37620,0
37621,0
37622,0
37623,0
37624,0
37625,0
37626,0
37627,0
37628,0
37629,0
37630,0
37631,0
37632,0
37633,0
37634,0
37635,0
37636,0
37637,0
37638,0
37639,0
37640,0
37641,0
37642,0
37643,0
37644,0
37645,0
37646,0
37647,0
37648,0
37649,0
37650,0
37651,0
37652,0
37653,0
37654,0
37655,0
37656,0
37657,0
37658,0
37659,0
37660,0
37661,0
37662,0
37663,0
37664,0
37665,0
37666,0
37667,0
37668,0
37669,0
37670,0
37671,0
37672,0
37673,0
37674,0
37675,0
37676,0
37677,0
37678,0
37679,0
37680,0
37681,0
37682,0
37683,0
37684,0
37685,0
37686,0
37687,0
37688,0
37689,0
37690,0
37691,0
37692,0
37693,0
37694,0
37695,0
37696,0
37697,0
37698,0
37699,0
37700,0
37701,0
37702,0
37703,0
37704,0
37705,0
37706,0
37707,0
37708,0
37709,0
37710,0
37711,0
37712,0
37713,0
37714,0
37715,0
37716,0
37717,0
37718,0
37719,0
37720,0
37721,0
37722,0
37723,0
37724,0
37725,0
37726,0
37727,0
37728,0
37729,0
37730,0
37731,0
37732,0
37733,0
37734,0
37735,0
37736,0
37737,0
37738,0
37739,0
37740,0
37741,0
37742,0
37743,0
37744,0
37745,0
37746,0
37747,0
37748,0
37749,0
37750,0
37751,0
37752,0
37753,0
37754,0
37755,0
37756,0
37757,0
37758,0
37759,0
37760,0
37761,0
37762,0
37763,0
37764,0
37765,0
37766,0
37767,0
37768,0
37769,0
37770,0
37771,0
37772,0
37773,0
37774,0
37775,0
37776,0
37777,0
37778,0
37779,0
37780,0
37781,0
37782,0
37783,0
37784,0
37785,0
37786,0
37787,3
37788,3
37789,3
37790,3
37791,3
37792,3
37793,3
37794,3
37795,3
37796,3
37797,3
37798,3
37799,3
37800,3
37801,3
37802,3
37803,3
37804,3
37805,3
37806,3
37807,3
37808,3
37809,3
37810,3
37811,3
37812,3
37813,3
37814,3
37815,3
37816,3
37817,3
37818,3
37819,3
37820,3
37821,3
37822,3
37823,3
37824,3
37825,3
37826,3
37827,3
37828,3
37829,3
37830,3
37831,3
37832,3
37833,3
37834,3
37835,3
37836,3
37837,3
37838,3
37839,3
37840,3
37841,3
37842,3
37843,3
37844,3
37845,3
37846,3
37847,3
37848,3
37849,3
37850,3
37851,3
37852,3
37853,3
37854,3
37855,3
37856,3
37857,3
37858,3
37859,3
37860,3
37861,3
37862,3
37863,3
37864,3
37865,3
37866,3
37867,3
37868,3
37869,3
37870,3
37871,3
37872,3
37873,3
37874,3
37875,3
37876,3
37877,3
37878,3
37879,3
37880,3
37881,3
37882,3
37883,3
37884,3
37885,3
37886,3
37887,3
37888,3
37889,3
37890,3
37891,3
37892,3
37893,3
37894,3
37895,3
37896,3
37897,3
37898,3
37899,3
37900,3
37901,3
37902,3
37903,3
37904,3
37905,3
37906,3
37907,3
37908,3
37909,3
37910,3
37911,3
37912,3
37913,3
37914,3
37915,3
37916,3
37917,3
37918,3
37919,3
37920,3
37921,3
37922,3
37923,3
37924,3
37925,3
37926,3
37927,3
37928,3
37929,3
37930,3
37931,3
37932,3
37933,3
37934,3
37935,3
37936,3
37937,3
37938,3
37939,3
37940,3
37941,3
37942,3
37943,3
37944,3
37945,3
37946,3
37947,3
37948,3
37949,3
37950,3
37951,3
37952,3
37953,3
37954,3
37955,3
37956,3
37957,3
37958,3
37959,3
37960,3
37961,3
37962,3
37963,3
37964,3
37965,3
37966,3
37967,3
37968,3
37969,3
37970,3
37971,3
37972,3
37973,3
37974,3
37975,3
37976,3
37977,3
37978,3
37979,3
37980,3
37981,3
37982,3
37983,3
37984,3
37985,3
37986,3
37987,3
37988,3
37989,3
37990,3
37991,3
37992,3
37993,3
37994,3
37995,3
37996,3
37997,3
37998,3
37999,3
38000,3
38001,3
38002,3
38003,3
38004,3
38005,3
38006,3
38007,3
38008,3
38009,3
38010,3
38011,3
38012,3
38013,3
38014,3
38015,3
38016,3
38017,3
38018,3
38019,3
38020,3
38021,3
38022,3
38023,3
38024,3
38025,3
38026,3
38027,3
38028,3
38029,3
38030,3
38031,3
38032,3
38033,3
38034,3
38035,3
38036,3
38037,3
38038,3
38039,3
38040,3
38041,3
38042,3
38043,3
38044,3
38045,3
38046,3
38047,3
38048,3
38049,3
38050,3
38051,3
38052,3
38053,3
38054,3
38055,3
38056,3
38057,3
38058,3
38059,3
38060,3
38061,3
38062,3
38063,3
38064,3
38065,3
38066,0
38067,0
38068,0
38069,0
38070,0
38071,0
38072,0
38073,0
38074,0
38075,0
38076,0
38077,0
38078,0
38079,0
38080,0
38081,0
38082,0
38083,0
38084,0
38085,0
38086,0
38087,0
38088,0
38089,0
38090,0
38091,0
38092,0
38093,0
38094,0
38095,0
38096,0
38097,0
38098,0
38099,0
38100,0
38101,0
38102,0
38103,0
38104,0
38105,0
38106,0
38107,0
38108,0
38109,0
38110,0
38111,0
38112,0
38113,0
38114,0
38115,0
38116,0
38117,0
38118,0
38119,0
38120,0
38121,0
38122,0
38123,0
38124,0
38125,0
38126,0
38127,0
38128,0
38129,0
38130,0
38131,0
38132,0
38133,0
38134,0
38135,0
38136,0
38137,0
38138,0
38139,0
38140,0
38141,0
38142,0
38143,0
38144,0
38145,0
38146,0
38147,0
38148,0
38149,0
38150,0
38151,0
38152,0
38153,0
38154,0
38155,0
38156,0
38157,0
38158,0
38159,0
38160,0
38161,0
38162,0
38163,0
38164,0
38165,0
38166,0
38167,0
38168,0
38169,0
38170,0
38171,0
38172,0
38173,0
38174,0
38175,0
38176,0
38177,0
38178,0
38179,0
38180,0
38181,0
38182,0
38183,0
38184,0
38185,0
38186,0
38187,0
38188,0
38189,0
38190,0
38191,0
38192,0
38193,0
38194,0
38195,0
38196,0
38197,0
38198,0
38199,0
38200,0
38201,0
38202,0
38203,0
38204,0
38205,0
38206,0
38207,0
38208,0
38209,0
38210,0
38211,0
38212,0
38213,0
38214,0
38215,0
38216,0
38217,0
38218,0
38219,0
38220,0
38221,0
38222,0
38223,0
38224,0
38225,0
38226,0
38227,0
38228,0
38229,0
38230,0
38231,0
38232,0
38233,0
38234,0
38235,0
38236,0
38237,0
38238,0
38239,0
38240,0
38241,0
38242,0
38243,0
38244,0
38245,0
38246,0
38247,0
38248,0
38249,0
38250,0
38251,0
38252,0
38253,0
38254,0
38255,0
38256,0
38257,0
38258,0
38259,0
38260,0
38261,0
38262,0
38263,0
38264,0
38265,0
38266,0
38267,0
38268,0
38269,0
38270,0
38271,0
38272,0
38273,0
38274,0
38275,0
38276,0
38277,0
38278,0
38279,0
38280,0
38281,0
38282,0
38283,0
38284,0
38285,0
38286,0
38287,0
38288,0
38289,0
38290,0
38291,0
38292,0
38293,0
38294,0
38295,0
38296,0
38297,0
38298,0
38299,0
38300,0
38301,0
38302,0
38303,0
38304,0
38305,3
38306,3
38307,3
38308,3
38309,3
38310,3
38311,3
38312,3
38313,3
38314,3
38315,3
38316,3
38317,3
38318,3
38319,3
38320,3
38321,3
38322,3
38323,3
38324,3
38325,3
38326,3
38327,3
38328,3
38329,3
38330,3
38331,3
38332,3
38333,3
38334,3
38335,3
38336,3
38337,3
38338,3
38339,3
38340,3
38341,3
38342,3
38343,3
38344,3
38345,3
38346,3
38347,3
38348,3
38349,3
38350,3
38351,3
38352,3
38353,3
38354,3
38355,3
38356,3
38357,3
38358,3
38359,3
38360,3
38361,3
38362,3
38363,3
38364,3
38365,3
38366,3
38367,3
38368,3
38369,3
38370,3
38371,3
38372,3
38373,3
38374,3
38375,3
38376,3
38377,3
38378,3
38379,3
38380,3
38381,3
38382,3
38383,3
38384,3
38385,3
38386,3
38387,3
38388,3
38389,3
38390,3
38391,3
38392,3
38393,3
38394,3
38395,3
38396,3
38397,3
38398,3
38399,3
38400,3
38401,3
38402,3
38403,3
38404,3
38405,3
38406,3
38407,3
38408,3
38409,3
38410,3
38411,3
38412,3
38413,3
38414,3
38415,3
38416,3
38417,3
38418,3
38419,3
38420,3
38421,3
38422,3
38423,3
38424,3
38425,3
38426,3
38427,3
38428,3
38429,3
38430,3
38431,3
38432,3
38433,3
38434,3
38435,3
38436,3
38437,3
38438,3
38439,3
38440,3
38441,3
38442,3
38443,3
38444,3
38445,3
38446,3
38447,3
38448,3
38449,3
38450,3
38451,3
38452,3
38453,3
38454,3
38455,3
38456,3
38457,3
38458,3
38459,3
38460,3
38461,3
38462,3
38463,3
38464,3
38465,3
38466,3
38467,3
38468,3
38469,3
38470,3
38471,3
38472,3
38473,3
38474,3
38475,3
38476,3
38477,3
38478,3
38479,3
38480,3
38481,3
38482,3
38483,3
38484,3
38485,3
38486,3
38487,3
38488,3
38489,3
38490,3
38491,3
38492,3
38493,3
38494,3
38495,3
38496,3
38497,3
38498,3
38499,3
38500,3
38501,3
38502,3
38503,3
38504,3
38505,3
38506,3
38507,3
38508,3
38509,3
38510,3
38511,3
38512,3
38513,3
38514,3
38515,3
38516,3
38517,3
38518,3
38519,3
38520,3
38521,3
38522,3
38523,3
38524,3
38525,3
38526,3
38527,3
38528,3
38529,3
38530,3
38531,3
38532,3
38533,3
38534,3
38535,3
38536,3
38537,3
38538,3
38539,3
38540,3
38541,3
38542,3
38543,3
38544,3
38545,3
38546,3
38547,3
38548,3
38549,3
38550,3
38551,3
38552,3
38553,3
38554,3
38555,3
38556,3
38557,3
38558,3
38559,3
38560,3
38561,3
38562,3
38563,3
38564,3
38565,3
38566,3
38567,3
38568,3
38569,3
38570,3
38571,3
38572,3
38573,3
38574,3
38575,3
38576,3
38577,3
38578,3
38579,3
38580,3
38581,3
38582,3
38583,3
38584,3
38585,3
38586,3
38587,3
38588,3
38589,3
38590,3
38591,3
38592,3
38593,3
38594,3
38595,3
38596,3
38597,3
38598,3
38599,3
38600,3
38601,3
38602,3
38603,3
38604,3
38605,3
38606,3
38607,3
38608,3
38609,3
38610,3
38611,3
38612,3
38613,3
38614,3
38615,3
38616,3
38617,0
38618,0
38619,0
38620,0
38621,0
38622,0
38623,0
38624,0
38625,0
38626,0
38627,0
38628,0
38629,0
38630,0
38631,0
38632,0
38633,0
38634,0
38635,0
38636,0
38637,0
38638,0
38639,0
38640,0
38641,0
38642,0
38643,0
38644,0
38645,0
38646,0
38647,0
38648,0
38649,0
38650,0
38651,0
38652,0
38653,0
38654,0
38655,0
38656,0
38657,0
38658,0
38659,0
38660,0
38661,0
38662,0
38663,0
38664,0
38665,0
38666,0
38667,0
38668,0
38669,0
38670,0
38671,0
38672,0
38673,0
38674,0
38675,0
38676,0
38677,0
38678,0
38679,0
38680,0
38681,0
38682,0
38683,0
38684,0
38685,0
38686,0
38687,0
38688,0
38689,0
38690,0
38691,0
38692,0
38693,0
38694,0
38695,0
38696,0
38697,0
38698,0
38699,0
38700,0
38701,0
38702,0
38703,0
38704,0
38705,0
38706,0
38707,0
38708,0
38709,0
38710,0
38711,0
38712,0
38713,0
38714,0
38715,0
38716,0
38717,0
38718,0
38719,0
38720,0
38721,0
38722,0
38723,0
38724,0
38725,0
38726,0
38727,0
38728,0
38729,0
38730,0
38731,0
38732,0
38733,0
38734,0
38735,0
38736,0
38737,0
38738,0
38739,0
38740,0
38741,0
38742,0
38743,0
38744,0
38745,0
38746,0
38747,0
38748,0
38749,0
38750,0
38751,0
38752,0
38753,0
38754,0
38755,0
38756,0
38757,0
38758,0
38759,0
38760,0
38761,0
38762,0
38763,0
38764,0
38765,0
38766,0
38767,0
38768,0
38769,0
38770,0
38771,0
38772,0
38773,0
38774,0
38775,0
38776,0
38777,0
38778,0
38779,0
38780,0
38781,0
38782,0
38783,0
38784,0
38785,0
38786,0
38787,0
38788,0
38789,0
38790,0
38791,0
38792,0
38793,0
38794,0
38795,0
38796,0
38797,0
38798,0
38799,0
38800,0
38801,0
38802,0
38803,0
38804,0
38805,0
38806,0
38807,0
38808,0
38809,0
38810,0
38811,0
38812,0
38813,0
38814,0
38815,0
38816,0
38817,0
38818,0
38819,0
38820,0
38821,0
38822,0
38823,0
38824,0
38825,0
38826,0
38827,0
38828,0
38829,0
38830,0
38831,0
38832,0
38833,0
38834,0
38835,3
38836,3
38837,3
38838,3
38839,3
38840,3
38841,3
38842,3
38843,3
38844,3
38845,3
38846,3
38847,3
38848,3
38849,3
38850,3
38851,3
38852,3
38853,3
38854,3
38855,3
38856,3
38857,3
38858,3
38859,3
38860,3
38861,3
38862,3
38863,3
38864,3
38865,3
38866,3
38867,3
38868,3
38869,3
38870,3
38871,3
38872,3
38873,3
38874,3
38875,3
38876,3
38877,3
38878,3
38879,3
38880,3
38881,3
38882,3
38883,3
38884,3
38885,3
38886,3
38887,3
38888,3
38889,3
38890,3
38891,3
38892,3
38893,3
38894,3
38895,3
38896,3
38897,3
38898,3
38899,3
38900,3
38901,3
38902,3
38903,3
38904,3
38905,3
38906,3
38907,3
38908,3
38909,3
38910,3
38911,3
38912,3
38913,3
38914,3
38915,3
38916,3
38917,3
38918,3
38919,3
38920,3
38921,3
38922,3
38923,3
38924,3
38925,3
38926,3
38927,3
38928,3
38929,3
38930,3
38931,3
38932,3
38933,3
38934,3
38935,3
38936,3
38937,3
38938,3
38939,3
38940,3
38941,3
38942,3
38943,3
38944,3
38945,3
38946,3
38947,3
38948,3
38949,3
38950,3
38951,3
38952,3
38953,3
38954,3
38955,3
38956,3
38957,3
38958,3
38959,3
38960,3
38961,3
38962,3
38963,3
38964,3
38965,3
38966,3
38967,3
38968,3
38969,3
38970,3
38971,3
38972,3
38973,3
38974,3
38975,3
38976,3
38977,3
38978,3
38979,3
38980,3
38981,3
38982,3
38983,3
38984,3
38985,3
38986,3
38987,3
38988,3
38989,3
38990,3
38991,3
38992,3
38993,3
38994,3
38995,3
38996,3
38997,3
38998,3
38999,3
39000,3
39001,3
39002,3
39003,3
39004,3
39005,3
39006,3
39007,3
39008,3
39009,3
39010,3
39011,3
39012,3
39013,3
39014,3
39015,3
39016,3
39017,3
39018,3
39019,3
39020,3
39021,3
39022,3
39023,3
39024,3
39025,3
39026,3
39027,3
39028,3
39029,3
39030,3
39031,3
39032,3
39033,3
39034,3
39035,3
39036,3
39037,3
39038,3
39039,3
39040,3
39041,3
39042,3
39043,3
39044,3
39045,3
39046,3
39047,3
39048,3
39049,3
39050,3
39051,3
39052,3
39053,3
39054,3
39055,3
39056,3
39057,3
39058,3
39059,3
39060,3
39061,3
39062,3
39063,3
39064,3
39065,3
39066,3
39067,3
39068,3
39069,3
39070,3
39071,3
39072,3
39073,3
39074,3
39075,3
39076,3
39077,3
39078,3
39079,3
39080,3
39081,3
39082,3
39083,3
39084,3
39085,0
39086,0
39087,0
39088,0
39089,0
39090,0
39091,0
39092,0
39093,0
39094,0
39095,0
39096,0
39097,0
39098,0
39099,0
39100,0
39101,0
39102,0
39103,0
39104,0
39105,0
39106,0
39107,0
39108,0
39109,0
39110,0
39111,0
39112,0
39113,0
39114,0
39115,0
39116,0
39117,0
39118,0
39119,0
39120,0
39121,0
39122,0
39123,0
39124,0
39125,0
39126,0
39127,0
39128,0
39129,0
39130,0
39131,0
39132,0
39133,0
39134,0
39135,0
39136,0
39137,0
39138,0
39139,0
39140,0
39141,0
39142,0
39143,0
39144,0
39145,0
39146,0
39147,1
39148,1
39149,1
39150,1
39151,1
39152,1
39153,1
39154,1
39155,1
39156,1
39157,1
39158,1
39159,1
39160,1
39161,1
39162,1
39163,1
39164,1
39165,1
39166,1
39167,1
39168,1
39169,1
39170,1
39171,1
39172,1
39173,1
39174,1
39175,1
39176,1
39177,1
39178,1
39179,1
39180,1
39181,1
39182,1
39183,1
39184,1
39185,1
39186,1
39187,1
39188,1
39189,1
39190,1
39191,1
39192,1
39193,1
39194,1
39195,1
39196,1
39197,1
39198,1
39199,1
39200,1
39201,1
39202,1
39203,1
39204,1
39205,1
39206,1
39207,1
39208,1
39209,1
39210,1
39211,1
39212,1
39213,1
39214,1
39215,1
39216,1
39217,1
39218,1
39219,1
39220,1
39221,1
39222,1
39223,1
39224,1
39225,1
39226,1
39227,1
39228,1
39229,1
39230,1
39231,1
39232,1
39233,1
39234,1
39235,1
39236,1
39237,1
39238,1
39239,1
39240,1
39241,1
39242,1
39243,1
39244,1
39245,1
39246,1
39247,1
39248,1
39249,1
39250,1
39251,1
39252,1
39253,1
39254,1
39255,1
39256,1
39257,1
39258,1
39259,1
39260,1
39261,1
39262,1
39263,1
39264,1
39265,1
39266,1
39267,1
39268,1
39269,1
39270,1
39271,1
39272,1
39273,1
39274,1
39275,1
39276,1
39277,1
39278,1
39279,1
39280,1
39281,1
39282,1
39283,1
39284,1
39285,1
39286,1
39287,1
39288,1
39289,1
39290,1
39291,1
39292,1
39293,1
39294,1
39295,1
39296,1
39297,1
39298,1
39299,1
39300,1
39301,1
39302,1
39303,1
39304,1
39305,1
39306,1
39307,1
39308,1
39309,1
39310,1
39311,1
39312,1
39313,1
39314,1
39315,1
39316,1
39317,1
39318,1
39319,1
39320,1
39321,1
39322,1
39323,1
39324,1
39325,1
39326,1
39327,1
39328,1
39329,1
39330,1
39331,1
39332,1
39333,1
39334,1
39335,1
39336,1
39337,1
39338,1
39339,1
39340,1
39341,1
39342,1
39343,1
39344,1
39345,1
39346,1
39347,1
39348,1
39349,1
39350,1
39351,1
39352,1
39353,1
39354,1
39355,1
39356,1
39357,1
39358,1
39359,1
39360,1
39361,1
39362,1
39363,1
39364,1
39365,1
39366,1
39367,1
39368,1
39369,1
39370,1
39371,1
39372,1
39373,1
39374,1
39375,1
39376,1
39377,1
39378,1
39379,1
39380,1
39381,1
39382,1
39383,1
39384,1
39385,1
39386,1
39387,1
39388,1
39389,1
39390,1
39391,1
39392,1
39393,1
39394,1
39395,1
39396,1
39397,1
39398,1
39399,1
39400,1
39401,1
39402,1
39403,1
39404,1
39405,1
39406,1
39407,1
39408,1
39409,1
39410,1
39411,1
39412,1
39413,1
39414,1
39415,1
39416,1
39417,1
39418,1
39419,1
39420,1
39421,1
39422,1
39423,1
39424,1
39425,1
39426,1
39427,1
39428,1
39429,1
39430,1
39431,1
39432,1
39433,1
39434,1
39435,1
39436,1
39437,1
39438,1
39439,1
39440,1
39441,1
39442,1
39443,1
39444,1
39445,1
39446,1
39447,1
39448,1
39449,1
39450,1
39451,1
39452,1
39453,1
39454,1
39455,1
39456,1
39457,1
39458,1
39459,1
39460,1
39461,1
39462,1
39463,1
39464,1
39465,1
39466,1
39467,1
39468,1
39469,1
39470,1
39471,1
39472,1
39473,1
39474,1
39475,1
39476,1
39477,1
39478,1
39479,1
39480,1
39481,1
39482,1
39483,1
39484,1
39485,1
39486,1
39487,1
39488,1
39489,1
39490,1
39491,1
39492,1
39493,1
39494,1
39495,1
39496,1
39497,1
39498,1
39499,1
39500,1
39501,1
39502,1
39503,1
39504,1
39505,1
39506,1
39507,1
39508,1
39509,1
39510,1
39511,1
39512,1
39513,1
39514,1
39515,1
39516,1
39517,1
39518,1
39519,1
39520,1
39521,1
39522,1
39523,1
39524,1
39525,1
39526,1
39527,1
39528,1
39529,1
39530,1
39531,1
39532,1
39533,1
39534,1
39535,1
39536,1
39537,1
39538,1
39539,1
39540,1
39541,1
39542,1
39543,1
39544,1
39545,1
39546,1
39547,1
39548,1
39549,1
39550,1
39551,1
39552,1
39553,1
39554,1
39555,1
39556,1
39557,1
39558,1
39559,1
39560,1
39561,1
39562,1
39563,1
39564,1
39565,1
39566,1
39567,1
39568,1
39569,1
39570,1
39571,1
39572,1
39573,1
39574,1
39575,1
39576,1
39577,1
39578,1
39579,1
39580,1
39581,1
39582,1
39583,1
39584,1
39585,1
39586,1
39587,1
39588,1
39589,1
39590,1
39591,1
39592,1
39593,1
39594,1
39595,1
39596,1
39597,1
39598,1
39599,1
39600,1
39601,1
39602,1
39603,1
39604,1
39605,1
39606,1
39607,1
39608,1
39609,1
39610,1
39611,1
39612,1
39613,1
39614,1
39615,1
39616,1
39617,1
39618,1
39619,1
39620,1
39621,1
39622,1
39623,1
39624,1
39625,1
39626,1
39627,1
39628,1
39629,1
39630,1
39631,1
39632,1
39633,1
39634,1
39635,1
39636,1
39637,1
39638,1
39639,1
39640,1
39641,1
39642,1
39643,1
39644,1
39645,1
39646,1
39647,1
39648,1
39649,1
39650,1
39651,1
39652,1
39653,1
39654,1
39655,1
39656,1
39657,1
39658,1
39659,1
39660,1
39661,1
39662,1
39663,1
39664,1
39665,1
39666,1
39667,1
39668,1
39669,1
39670,1
39671,1
39672,1
39673,1
39674,1
39675,1
39676,1
39677,1
39678,1
39679,1
39680,1
39681,1
39682,1
39683,1
39684,1
39685,1
39686,1
39687,1
39688,1
39689,1
39690,1
39691,1
39692,1
39693,1
39694,1
39695,1
39696,1
39697,1
39698,1
39699,1
39700,1
39701,1
39702,1
39703,1
39704,1
39705,1
39706,1
39707,1
39708,1
39709,1
39710,1
39711,1
39712,1
39713,1
39714,1
39715,1
39716,1
39717,1
39718,1
39719,1
39720,1
39721,1
39722,1
39723,1
39724,1
39725,1
39726,1
39727,1
39728,1
39729,1
39730,1
39731,1
39732,1
39733,1
39734,1
39735,1
39736,1
39737,1
39738,1
39739,1
39740,1
39741,1
39742,1
39743,1
39744,1
39745,1
39746,1
39747,1
39748,1
39749,1
39750,1
39751,1
39752,1
39753,1
39754,1
39755,1
39756,1
39757,1
39758,1
39759,1
39760,1
39761,1
39762,1
39763,1
39764,1
39765,1
39766,1
39767,1
39768,1
39769,1
39770,1
39771,1
39772,1
39773,1
39774,1
39775,1
39776,1
39777,1
39778,1
39779,1
39780,1
39781,1
39782,1
39783,1
39784,1
39785,1
39786,1
39787,1
39788,1
39789,1
39790,1
39791,1
39792,1
39793,1
39794,1
39795,1
39796,1
39797,1
39798,1
39799,1
39800,1
39801,1
39802,1
39803,1
39804,1
39805,1
39806,1
39807,1
39808,1
39809,1
39810,1
39811,1
39812,1
39813,1
39814,1
39815,1
39816,1
39817,1
39818,1
39819,1
39820,1
39821,1
39822,1
39823,1
39824,1
39825,1
39826,1
39827,1
39828,1
39829,1
39830,1
39831,1
39832,1
39833,1
39834,1
39835,1
39836,1
39837,1
39838,1
39839,1
39840,1
39841,1
39842,1
39843,1
39844,1
39845,1
39846,1
39847,1
39848,1
39849,1
39850,1
39851,1
39852,1
39853,1
39854,1
39855,1
39856,1
39857,1
39858,1
39859,1
39860,1
39861,1
39862,1
39863,1
39864,1
39865,1
39866,1
39867,1
39868,1
39869,1
39870,1
39871,1
39872,1
39873,1
39874,1
39875,1
39876,1
39877,1
39878,1
39879,1
39880,1
39881,1
39882,1
39883,1
39884,1
39885,1
39886,1
39887,1
39888,1
39889,1
39890,1
39891,1
39892,1
39893,1
39894,1
39895,1
39896,1
39897,1
39898,1
39899,1
39900,1
39901,1
39902,1
39903,1
39904,1
39905,1
39906,1
39907,1
39908,1
39909,1
39910,1
39911,1
39912,1
39913,1
39914,1
39915,1
39916,1
39917,1
39918,1
39919,1
39920,1
39921,1
39922,1
39923,1
39924,1
39925,1
39926,1
39927,1
39928,1
39929,1
39930,1
39931,1
39932,1
39933,1
39934,1
39935,1
39936,1
39937,1
39938,1
39939,1
39940,1
39941,1
39942,1
39943,1
39944,1
39945,1
39946,1
39947,1
39948,1
39949,1
39950,1
39951,1
39952,1
39953,1
39954,1
39955,1
39956,1
39957,1
39958,1
39959,1
39960,1
39961,1
39962,1
39963,1
39964,1
39965,1
39966,1
39967,1
39968,1
39969,1
39970,1
39971,1
39972,1
39973,1
39974,1
39975,1
39976,1
39977,1
39978,1
39979,1
39980,1
39981,1
39982,1
39983,1
39984,1
39985,1
39986,1
39987,1
39988,1
39989,1
39990,1
39991,1
39992,1
39993,1
39994,1
39995,1
39996,1
39997,1
39998,1
39999,1
40000,1
40001,1
40002,1
40003,1
40004,1
40005,1
40006,1
40007,1
40008,1
40009,1
40010,1
40011,1
40012,1
40013,1
40014,1
40015,1
40016,1
40017,1
40018,1
40019,1
40020,1
40021,1
40022,1
40023,1
40024,1
40025,1
40026,1
40027,1
40028,1
40029,1
40030,1
40031,1
40032,1
40033,1
40034,1
40035,1
40036,1
40037,1
40038,1
40039,1
40040,1
40041,1
40042,1
40043,1
40044,1
40045,1
40046,1
40047,1
40048,1
40049,1
40050,1
40051,1
40052,1
40053,1
40054,1
40055,1
40056,1
40057,1
40058,1
40059,1
40060,1
40061,1
40062,1
40063,1
40064,1
40065,1
40066,1
40067,1
40068,1
40069,1
40070,1
40071,1
40072,1
40073,1
40074,1
40075,1
40076,1
40077,1
40078,1
40079,1
40080,1
40081,1
40082,1
40083,1
40084,1
40085,1
40086,1
40087,1
40088,1
40089,1
40090,1
40091,1
40092,1
40093,1
40094,1
40095,1
40096,1
40097,1
40098,1
40099,1
40100,1
40101,1
40102,1
40103,1
40104,1
40105,1
40106,1
40107,1
40108,1
40109,1
40110,1
40111,1
40112,1
40113,1
40114,1
40115,1
40116,1
40117,1
40118,1
40119,1
40120,1
40121,1
40122,1
40123,1
40124,1
40125,1
40126,1
40127,1
40128,1
40129,1
40130,1
40131,1
40132,1
40133,1
40134,1
40135,1
40136,1
40137,1
40138,1
40139,1
40140,1
40141,1
40142,1
40143,1
40144,1
40145,1
40146,1
40147,1
40148,1
40149,1
40150,1
40151,1
40152,1
40153,1
40154,2
40155,2
40156,2
40157,2
40158,2
40159,2
40160,2
40161,2
40162,2
40163,2
40164,2
40165,2
40166,2
40167,2
40168,2
40169,2
40170,2
40171,2
40172,2
40173,2
40174,2
40175,2
40176,2
40177,2
40178,2
40179,2
40180,2
40181,2
40182,2
40183,2
40184,2
40185,2
40186,2
40187,2
40188,2
40189,2
40190,2
40191,2
40192,2
40193,2
40194,2
40195,2
40196,2
40197,2
40198,2
40199,2
40200,2
40201,2
40202,2
40203,2
40204,2
40205,2
40206,2
40207,2
40208,2
40209,2
40210,2
40211,2
40212,2
40213,2
40214,2
40215,2
40216,2
40217,2
40218,2
40219,2
40220,2
40221,2
40222,2
40223,2
40224,2
40225,2
40226,2
40227,2
40228,2
40229,2
40230,2
40231,2
40232,2
40233,2
40234,2
40235,2
40236,2
40237,2
40238,2
40239,2
40240,2
40241,2
40242,2
40243,2
40244,2
40245,2
40246,2
40247,2
40248,2
40249,2
40250,2
40251,2
40252,2
40253,2
40254,2
40255,2
40256,2
40257,2
40258,2
40259,2
40260,2
40261,2
40262,2
40263,2
40264,2
40265,2
40266,2
40267,2
40268,2
40269,2
40270,2
40271,2
40272,2
40273,2
40274,2
40275,2
40276,2
40277,2
40278,2
40279,2
40280,2
40281,2
40282,2
40283,2
40284,2
40285,2
40286,2
40287,2
40288,2
40289,2
40290,2
40291,2
40292,2
40293,2
40294,2
40295,2
40296,2
40297,2
40298,2
40299,2
40300,2
40301,2
40302,2
40303,2
40304,2
40305,2
40306,2
40307,2
40308,2
40309,2
40310,2
40311,2
40312,2
40313,2
40314,2
40315,2
40316,2
40317,2
40318,2
40319,2
40320,2
40321,2
40322,2
40323,2
40324,2
40325,2
40326,2
40327,2
40328,2
40329,2
40330,2
40331,2
40332,2
40333,2
40334,2
40335,2
40336,2
40337,2
40338,2
40339,2
40340,2
40341,2
40342,2
40343,2
40344,2
40345,2
40346,2
40347,2
40348,2
40349,2
40350,2
40351,2
40352,2
40353,2
40354,2
40355,2
40356,2
40357,2
40358,2
40359,2
40360,2
40361,2
40362,2
40363,2
40364,2
40365,2
40366,2
40367,2
40368,2
40369,2
40370,2
40371,2
40372,2
40373,2
40374,2
40375,2
40376,2
40377,2
40378,2
40379,2
40380,2
40381,2
40382,2
40383,2
40384,2
40385,2
40386,2
40387,2
40388,2
40389,2
40390,2
40391,2
40392,2
40393,2
40394,2
40395,2
40396,2
40397,2
40398,2
40399,2
40400,2
40401,2
40402,2
40403,2
40404,2
40405,2
40406,2
40407,2
40408,2
40409,2
40410,2
40411,2
40412,2
40413,2
40414,2
40415,2
40416,2
40417,2
40418,2
40419,2
40420,2
40421,2
40422,2
40423,2
40424,2
40425,2
40426,2
40427,2
40428,2
40429,2
40430,2
40431,2
40432,2
40433,2
40434,2
40435,2
40436,2
40437,2
40438,2
40439,2
40440,2
40441,2
40442,2
40443,2
40444,2
40445,2
40446,2
40447,2
40448,2
40449,2
40450,2
40451,2
40452,2
40453,2
40454,2
40455,2
40456,2
40457,2
40458,2
40459,2
40460,2
40461,2
40462,2
40463,2
40464,2
40465,2
40466,2
40467,2
40468,2
40469,2
40470,2
40471,2
40472,2
40473,2
40474,2
40475,2
40476,2
40477,2
40478,2
40479,2
40480,2
40481,2
40482,2
40483,2
40484,2
40485,2
40486,2
40487,2
40488,2
40489,2
40490,2
40491,2
40492,2
40493,2
40494,2
40495,2
40496,2
40497,2
40498,2
40499,2
40500,2
40501,2
40502,2
40503,2
40504,2
40505,2
40506,2
40507,2
40508,2
40509,2
40510,2
40511,2
40512,2
40513,2
40514,2
40515,2
40516,2
40517,2
40518,2
40519,2
40520,2
40521,2
40522,2
40523,2
40524,2
40525,2
40526,2
40527,2
40528,2
40529,2
40530,2
40531,2
40532,2
40533,2
40534,2
40535,2
40536,2
40537,2
40538,2
40539,2
40540,2
40541,2
40542,2
40543,2
40544,2
40545,2
40546,2
40547,2
40548,2
40549,2
40550,2
40551,2
40552,2
40553,2
40554,2
40555,2
40556,2
40557,2
40558,2
40559,2
40560,2
40561,2
40562,2
40563,2
40564,2
40565,2
40566,2
40567,2
40568,2
40569,2
40570,2
40571,2
40572,2
40573,2
40574,2
40575,2
40576,2
40577,2
40578,2
40579,2
40580,2
40581,2
40582,2
40583,2
40584,2
40585,2
40586,2
40587,2
40588,2
40589,2
40590,2
40591,2
40592,2
40593,2
40594,2
40595,2
40596,2
40597,2
40598,2
40599,2
40600,2
40601,2
40602,2
40603,2
40604,2
40605,2
40606,2
40607,2
40608,2
40609,2
40610,2
40611,2
40612,2
40613,2
40614,2
40615,2
40616,2
40617,2
40618,2
40619,2
40620,2
40621,2
40622,2
40623,2
40624,2
40625,2
40626,2
40627,2
40628,2
40629,2
40630,2
40631,2
40632,2
40633,2
40634,2
40635,2
40636,2
40637,2
40638,2
40639,2
40640,2
40641,2
40642,2
40643,2
40644,2
40645,2
40646,2
40647,2
40648,2
40649,2
40650,2
40651,2
40652,2
40653,2
40654,2
40655,2
40656,2
40657,2
40658,2
40659,2
40660,2
40661,2
40662,2
40663,2
40664,2
40665,2
40666,2
40667,2
40668,2
40669,2
40670,2
40671,2
40672,2
40673,2
40674,2
40675,2
40676,2
40677,2
40678,2
40679,2
40680,2
40681,2
40682,2
40683,2
40684,2
40685,2
40686,2
40687,2
40688,2
40689,2
40690,2
40691,2
40692,2
40693,2
40694,2
40695,2
40696,2
40697,2
40698,2
40699,2
40700,2
40701,2
40702,2
40703,2
40704,2
40705,2
40706,2
40707,2
40708,2
40709,2
40710,2
40711,2
40712,2
40713,2
40714,2
40715,2
40716,2
40717,2
40718,2
40719,2
40720,2
40721,2
40722,2
40723,2
40724,2
40725,2
40726,2
40727,2
40728,2
40729,2
40730,2
40731,2
40732,2
40733,2
40734,2
40735,2
40736,2
40737,2
40738,2
40739,2
40740,2
40741,2
40742,2
40743,2
40744,2
40745,2
40746,2
40747,2
40748,2
40749,2
40750,2
40751,2
40752,2
40753,2
40754,2
40755,2
40756,2
40757,2
40758,2
40759,2
40760,2
40761,2
40762,2
40763,2
40764,2
40765,2
40766,2
40767,2
40768,2
40769,2
40770,2
40771,2
40772,2
40773,2
40774,2
40775,2
40776,2
40777,2
40778,2
40779,2
40780,2
40781,2
40782,2
40783,2
40784,2
40785,2
40786,2
40787,2
40788,2
40789,2
40790,2
40791,2
40792,2
40793,2
40794,2
40795,2
40796,2
40797,2
40798,2
40799,2
40800,2
40801,2
40802,2
40803,2
40804,2
40805,2
40806,2
40807,2
40808,2
40809,2
40810,2
40811,2
40812,2
40813,2
40814,2
40815,2
40816,2
40817,2
40818,2
40819,2
40820,2
40821,2
40822,2
40823,2
40824,2
40825,2
40826,2
40827,2
40828,2
40829,2
40830,2
40831,2
40832,2
40833,2
40834,2
40835,2
40836,2
40837,2
40838,2
40839,2
40840,2
40841,2
40842,2
40843,2
40844,2
40845,2
40846,2
40847,2
40848,2
40849,2
40850,2
40851,2
40852,2
40853,2
40854,2
40855,2
40856,2
40857,2
40858,2
40859,2
40860,2
40861,2
40862,2
40863,2
40864,2
40865,2
40866,2
40867,2
40868,2
40869,2
40870,2
40871,2
40872,2
40873,2
40874,2
40875,2
40876,2
40877,2
40878,2
40879,2
40880,2
40881,2
40882,2
40883,2
40884,2
40885,2
40886,2
40887,2
40888,2
40889,2
40890,2
40891,2
40892,2
40893,2
40894,2
40895,2
40896,2
40897,2
40898,2
40899,2
40900,2
40901,2
40902,2
40903,2
40904,2
40905,2
40906,2
40907,2
40908,2
40909,2
40910,2
40911,2
40912,2
40913,2
40914,2
40915,2
40916,2
40917,2
40918,2
40919,2
40920,2
40921,2
40922,2
40923,2
40924,2
40925,2
40926,2
40927,2
40928,2
40929,2
40930,2
40931,2
40932,2
40933,2
40934,2
40935,2
40936,2
40937,2
40938,2
40939,2
40940,2
40941,2
40942,2
40943,2
40944,2
40945,2
40946,2
40947,2
40948,2
40949,2
40950,2
40951,2
40952,2
40953,2
40954,2
40955,2
40956,2
40957,2
40958,2
40959,2
40960,2
40961,2
40962,2
40963,2
40964,2
40965,2
40966,2
40967,2
40968,2
40969,2
40970,2
40971,2
40972,2
40973,2
40974,2
40975,2
40976,2
40977,2
40978,2
40979,2
40980,2
40981,2
40982,2
40983,2
40984,2
40985,2
40986,2
40987,2
40988,2
40989,2
40990,2
40991,2
40992,2
40993,2
40994,2
40995,2
40996,2
40997,2
40998,2
40999,2
41000,2
41001,2
41002,2
41003,2
41004,2
41005,2
41006,2
41007,2
41008,2
41009,2
41010,2
41011,2
41012,2
41013,2
41014,2
41015,2
41016,2
41017,2
41018,2
41019,2
41020,2
41021,2
41022,2
41023,2
41024,2
41025,2
41026,2
41027,2
41028,2
41029,2
41030,2
41031,2
41032,2
41033,2
41034,2
41035,2
41036,2
41037,2
41038,2
41039,2
41040,2
41041,2
41042,2
41043,2
41044,2
41045,2
41046,2
41047,2
41048,2
41049,2
41050,2
41051,2
41052,2
41053,2
41054,2
41055,2
41056,2
41057,2
41058,2
41059,2
41060,2
41061,2
41062,2
41063,2
41064,2
41065,2
41066,2
41067,2
41068,2
41069,2
41070,2
41071,2
41072,2
41073,2
41074,2
41075,2
41076,2
41077,2
41078,2
41079,2
41080,2
41081,2
41082,2
41083,2
41084,2
41085,2
41086,2
41087,2
41088,2
41089,2
41090,2
41091,2
41092,2
41093,2
41094,2
41095,2
41096,2
41097,2
41098,2
41099,2
41100,2
41101,2
41102,2
41103,2
41104,2
41105,2
41106,2
41107,2
41108,2
41109,2
41110,2
41111,2
41112,2
41113,2
41114,2
41115,2
41116,2
41117,2
41118,2
41119,2
41120,2
41121,2
41122,2
41123,2
41124,2
41125,2
41126,2
41127,2
41128,2
41129,2
41130,2
41131,2
41132,2
41133,2
41134,2
41135,2
41136,2
41137,2
41138,2
41139,2
41140,2
41141,2
41142,2
41143,2
41144,2
41145,2
41146,2
41147,2
41148,2
41149,2
41150,2
41151,2
41152,2
41153,2
41154,2
41155,2
41156,2
41157,2
41158,2
41159,2
41160,2
41161,2
41162,2
41163,2
41164,2
41165,2
41166,2
41167,2
41168,2
41169,2
41170,2
41171,2
41172,2
41173,2
41174,2
41175,2
41176,2
41177,2
41178,2
41179,2
41180,2
41181,2
41182,2
41183,2
41184,2
41185,2
41186,2
41187,2
41188,2
41189,2
41190,2
41191,2
41192,2
41193,2
41194,2
41195,2
41196,2
41197,2
41198,2
41199,2
41200,2
41201,2
41202,2
41203,2
41204,2
41205,2
41206,2
41207,2
41208,2
41209,2
41210,2
41211,2
41212,2
41213,2
41214,2
41215,2
41216,2
41217,2
41218,2
41219,2
41220,2
41221,2
41222,2
41223,2
41224,2
41225,2
41226,2
41227,2
41228,2
41229,2
41230,2
41231,2
41232,2
41233,2
41234,2
41235,2
41236,2
41237,2
41238,2
41239,2
41240,2
41241,2
41242,2
41243,2
41244,2
41245,2
41246,2
41247,2
41248,2
41249,2
41250,2
41251,2
41252,2
41253,2
41254,2
41255,2
41256,2
41257,2
41258,2
41259,2
41260,2
41261,2
41262,2
41263,2
41264,2
41265,2
41266,2
41267,2
41268,2
41269,2
41270,2
41271,2
41272,2
41273,2
41274,2
41275,2
41276,2
41277,2
41278,2
41279,2
41280,2
41281,2
41282,2
41283,2
41284,2
41285,2
41286,2
41287,2
41288,2
41289,2
41290,2
41291,2
41292,2
41293,2
41294,2
41295,2
41296,2
41297,2
41298,2
41299,2
41300,2
41301,2
41302,2
41303,2
41304,2
41305,2
41306,2
41307,2
41308,2
41309,2
41310,2
41311,2
41312,2
41313,2
41314,2
41315,2
41316,2
41317,2
41318,2
41319,2
41320,2
41321,2
41322,2
41323,2
41324,2
41325,2
41326,2
41327,2
41328,2
41329,2
41330,2
41331,2
41332,2
41333,2
41334,2
41335,2
41336,2
41337,2
41338,2
41339,2
41340,2
41341,2
41342,2
41343,2
41344,2
41345,2
41346,2
41347,2
41348,2
41349,2
41350,2
41351,2
41352,2
41353,2
41354,2
41355,2
41356,2
41357,2
41358,2
41359,2
41360,2
41361,2
41362,2
41363,2
41364,2
41365,2
41366,2
41367,2
41368,2
41369,2
41370,2
41371,2
41372,2
41373,2
41374,2
41375,2
41376,2
41377,2
41378,2
41379,2
41380,2
41381,2
41382,2
41383,2
41384,2
41385,0
41386,0
41387,0
41388,0
41389,0
41390,0
41391,0
41392,0
41393,0
41394,0
41395,0
41396,0
41397,0
41398,0
41399,0
41400,0
41401,0
41402,0
41403,0
41404,0
41405,0
41406,0
41407,0
41408,0
41409,0
41410,0
41411,0
41412,0
41413,0
41414,0
41415,0
41416,0
41417,0
41418,0
41419,0
41420,0
41421,0
41422,0
41423,0
41424,0
41425,0
41426,0
41427,0
41428,0
41429,0
41430,0
41431,0
41432,0
41433,0
41434,0
41435,0
41436,0
41437,0
41438,0
41439,0
41440,0
41441,0
41442,0
41443,0
41444,0
41445,0
41446,0
41447,0
41448,0
41449,0
41450,0
41451,0
41452,0
41453,0
41454,0
41455,0
41456,0
41457,0
41458,0
41459,0
41460,0
41461,0
41462,0
41463,0
41464,0
41465,0
41466,0
41467,0
41468,0
41469,0
41470,0
41471,0
41472,0
41473,0
41474,0
41475,0
41476,0
41477,0
41478,0
41479,0
41480,0
41481,0
41482,0
41483,0
41484,0
41485,0
41486,0
41487,0
41488,0
41489,0
41490,0
41491,0
41492,0
41493,0
41494,0
41495,0
41496,0
41497,0
41498,0
41499,0
41500,0
41501,0
41502,0
41503,0
41504,0
41505,0
41506,0
41507,0
41508,0
41509,0
41510,0
41511,0
41512,0
41513,0
41514,0
41515,0
41516,0
41517,0
41518,0
41519,0
41520,0
41521,0
41522,0
41523,0
41524,0
41525,0
41526,0
41527,0
41528,0
41529,0
41530,0
41531,0
41532,0
41533,0
41534,0
41535,0
41536,0
41537,0
41538,0
41539,0
41540,0
41541,0
41542,0
41543,0
41544,0
41545,0
41546,0
41547,0
41548,0
41549,0
41550,0
41551,0
41552,0
41553,0
41554,0
41555,0
41556,0
41557,0
41558,0
41559,0
41560,0
41561,0
41562,0
41563,0
41564,0
41565,0
41566,0
41567,0
41568,0
41569,0
41570,0
41571,0
41572,0
41573,0
41574,0
41575,0
41576,0
41577,0
41578,0
41579,0
41580,0
41581,0
41582,0
41583,0
41584,0
41585,0
41586,0
41587,0
41588,0
41589,0
41590,0
41591,0
41592,0
41593,0
41594,0
41595,0
41596,0
41597,0
41598,0
41599,0
41600,0
41601,0
41602,0
41603,0
41604,0
41605,0
41606,0
41607,0
41608,3
41609,3
41610,3
41611,3
41612,3
41613,3
41614,3
41615,3
41616,3
41617,3
41618,3
41619,3
41620,3
41621,3
41622,3
41623,3
41624,3
41625,3
41626,3
41627,3
41628,3
41629,3
41630,3
41631,3
41632,3
41633,3
41634,3
41635,3
41636,3
41637,3
41638,3
41639,3
41640,3
41641,3
41642,3
41643,3
41644,3
41645,3
41646,3
41647,3
41648,3
41649,3
41650,3
41651,3
41652,3
41653,3
41654,3
41655,3
41656,3
41657,3
41658,3
41659,3
41660,3
41661,3
41662,3
41663,3
41664,3
41665,3
41666,3
41667,3
41668,3
41669,3
41670,3
41671,3
41672,3
41673,3
41674,3
41675,3
41676,3
41677,3
41678,3
41679,3
41680,3
41681,3
41682,3
41683,3
41684,3
41685,3
41686,3
41687,3
41688,3
41689,3
41690,3
41691,3
41692,3
41693,3
41694,3
41695,3
41696,3
41697,3
41698,3
41699,3
41700,3
41701,3
41702,3
41703,3
41704,3
41705,3
41706,3
41707,3
41708,3
41709,3
41710,3
41711,3
41712,3
41713,3
41714,3
41715,3
41716,3
41717,3
41718,3
41719,3
41720,3
41721,3
41722,3
41723,3
41724,3
41725,3
41726,3
41727,3
41728,3
41729,3
41730,3
41731,3
41732,3
41733,3
41734,3
41735,3
41736,3
41737,3
41738,3
41739,3
41740,3
41741,3
41742,3
41743,3
41744,3
41745,3
41746,3
41747,3
41748,3
41749,3
41750,3
41751,3
41752,3
41753,3
41754,3
41755,3
41756,3
41757,3
41758,3
41759,3
41760,3
41761,3
41762,3
41763,3
41764,3
41765,3
41766,3
41767,3
41768,3
41769,3
41770,3
41771,3
41772,3
41773,3
41774,3
41775,3
41776,3
41777,3
41778,3
41779,3
41780,3
41781,3
41782,3
41783,3
41784,3
41785,3
41786,3
41787,3
41788,3
41789,3
41790,3
41791,3
41792,3
41793,3
41794,3
41795,3
41796,3
41797,3
41798,3
41799,3
41800,3
41801,3
41802,3
41803,3
41804,3
41805,3
41806,3
41807,3
41808,3
41809,3
41810,3
41811,3
41812,3
41813,3
41814,3
41815,3
41816,3
41817,3
41818,3
41819,3
41820,3
41821,3
41822,3
41823,3
41824,3
41825,3
41826,3
41827,3
41828,3
41829,3
41830,3
41831,3
41832,3
41833,3
41834,3
41835,3
41836,3
41837,3
41838,3
41839,3
41840,3
41841,3
41842,3
41843,3
41844,3
41845,3
41846,3
41847,3
41848,3
41849,3
41850,3
41851,3
41852,3
41853,3
41854,3
41855,3
41856,3
41857,3
41858,3
41859,3
41860,3
41861,3
41862,3
41863,3
41864,3
41865,3
41866,3
41867,3
41868,3
41869,3
41870,3
41871,3
41872,3
41873,3
41874,3
41875,3
41876,3
41877,3
41878,3
41879,3
41880,3
41881,3
41882,3
41883,3
41884,3
41885,3
41886,3
41887,3
41888,3
41889,3
41890,3
41891,3
41892,3
41893,3
41894,3
41895,3
41896,3
41897,3
41898,3
41899,3
41900,3
41901,3
41902,3
41903,3
41904,3
41905,3
41906,3
41907,3
41908,3
41909,3
41910,3
41911,3
41912,3
41913,3
41914,3
41915,3
41916,3
41917,3
41918,3
41919,3
41920,3
41921,3
41922,3
41923,3
41924,3
41925,3
41926,3
41927,3
41928,3
41929,3
41930,3
41931,3
41932,3
41933,3
41934,3
41935,3
41936,3
41937,3
41938,3
41939,3
41940,3
41941,3
41942,3
41943,3
41944,3
41945,3
41946,3
41947,3
41948,3
41949,3
41950,3
41951,0
41952,0
41953,0
41954,0
41955,0
41956,0
41957,0
41958,0
41959,0
41960,0
41961,0
41962,0
41963,0
41964,0
41965,0
41966,0
41967,0
41968,0
41969,0
41970,0
41971,0
41972,0
41973,0
41974,0
41975,0
41976,0
41977,0
41978,0
41979,0
41980,0
41981,0
41982,0
41983,0
41984,0
41985,0
41986,0
41987,0
41988,0
41989,0
41990,0
41991,0
41992,0
41993,0
41994,0
41995,0
41996,0
41997,0
41998,0
41999,0
42000,0
42001,0
42002,0
42003,0
42004,0
42005,0
42006,0
42007,0
42008,0
42009,0
42010,0
42011,0
42012,0
42013,0
42014,0
42015,0
42016,0
42017,0
42018,0
42019,0
42020,0
42021,0
42022,0
42023,0
42024,0
42025,0
42026,0
42027,0
42028,0
42029,0
42030,0
42031,0
42032,0
42033,0
42034,0
42035,0
42036,0
42037,0
42038,0
42039,0
42040,0
42041,0
42042,0
42043,0
42044,0
42045,0
42046,0
42047,0
42048,0
42049,0
42050,0
42051,0
42052,0
42053,0
42054,0
42055,0
42056,0
42057,0
42058,0
42059,0
42060,0
42061,0
42062,0
42063,0
42064,0
42065,0
42066,0
42067,0
42068,0
42069,0
42070,0
42071,0
42072,0
42073,0
42074,0
42075,0
42076,0
42077,0
42078,0
42079,0
42080,0
42081,0
42082,0
42083,0
42084,0
42085,0
42086,0
42087,0
42088,0
42089,0
42090,0
42091,0
42092,0
42093,0
42094,0
42095,0
42096,0
42097,0
42098,0
42099,0
42100,0
42101,0
42102,0
42103,0
42104,0
42105,0
42106,0
42107,0
42108,0
42109,0
42110,0
42111,0
42112,0
42113,0
42114,0
42115,0
42116,0
42117,0
42118,0
42119,0
42120,0
42121,0
42122,0
42123,0
42124,0
42125,0
42126,0
42127,0
42128,0
42129,0
42130,0
42131,0
42132,0
42133,0
42134,0
42135,0
42136,0
42137,0
42138,0
42139,0
42140,0
42141,0
42142,0
42143,0
42144,0
42145,0
42146,0
42147,0
42148,0
42149,0
42150,0
42151,0
42152,0
42153,0
42154,0
42155,0
42156,0
42157,0
42158,0
42159,0
42160,0
42161,0
42162,0
42163,0
42164,0
42165,0
42166,0
42167,0
42168,0
42169,0
42170,0
42171,0
42172,0
42173,0
42174,0
42175,0
42176,0
42177,0
42178,0
42179,0
42180,0
42181,0
42182,0
42183,0
42184,0
42185,0
42186,0
42187,0
42188,0
42189,0
42190,0
42191,0
42192,0
42193,0
42194,0
42195,0
42196,0
42197,0
42198,0
42199,0
42200,0
42201,0
42202,0
42203,0
42204,0
42205,0
42206,0
42207,0
42208,0
42209,0
42210,0
42211,3
42212,3
42213,3
42214,3
42215,3
42216,3
42217,3
42218,3
42219,3
42220,3
42221,3
42222,3
42223,3
42224,3
42225,3
42226,3
42227,3
42228,3
42229,3
42230,3
42231,3
42232,3
42233,3
42234,3
42235,3
42236,3
42237,3
42238,3
42239,3
42240,3
42241,3
42242,3
42243,3
42244,3
42245,3
42246,3
42247,3
42248,3
42249,3
42250,3
42251,3
42252,3
42253,3
42254,3
42255,3
42256,3
42257,3
42258,3
42259,3
42260,3
42261,3
42262,3
42263,3
42264,3
42265,3
42266,3
42267,3
42268,3
42269,3
42270,3
42271,3
42272,3
42273,3
42274,3
42275,3
42276,3
42277,3
42278,3
42279,3
42280,3
42281,3
42282,3
42283,3
42284,3
42285,3
42286,3
42287,3
42288,3
42289,3
42290,3
42291,3
42292,3
42293,3
42294,3
42295,3
42296,3
42297,3
42298,3
42299,3
42300,3
42301,3
42302,3
42303,3
42304,3
42305,3
42306,3
42307,3
42308,3
42309,3
42310,3
42311,3
42312,3
42313,3
42314,3
42315,3
42316,3
42317,3
42318,3
42319,3
42320,3
42321,3
42322,3
42323,3
42324,3
42325,3
42326,3
42327,3
42328,3
42329,3
42330,3
42331,3
42332,3
42333,3
42334,3
42335,3
42336,3
42337,3
42338,3
42339,3
42340,3
42341,3
42342,3
42343,3
42344,3
42345,3
42346,3
42347,3
42348,3
42349,3
42350,3
42351,3
42352,3
42353,3
42354,3
42355,3
42356,3
42357,3
42358,3
42359,3
42360,3
42361,3
42362,3
42363,3
42364,3
42365,3
42366,3
42367,3
42368,3
42369,3
42370,3
42371,3
42372,3
42373,3
42374,3
42375,3
42376,3
42377,3
42378,3
42379,3
42380,3
42381,3
42382,3
42383,3
42384,3
42385,3
42386,3
42387,3
42388,3
42389,3
42390,3
42391,3
42392,3
42393,3
42394,3
42395,3
42396,3
42397,3
42398,3
42399,3
42400,3
42401,3
42402,3
42403,3
42404,3
42405,3
42406,3
42407,3
42408,3
42409,3
42410,3
42411,3
42412,3
42413,3
42414,3
42415,3
42416,3
42417,3
42418,3
42419,3
42420,3
42421,3
42422,3
42423,3
42424,3
42425,3
42426,3
42427,3
42428,3
42429,3
42430,3
42431,3
42432,3
42433,3
42434,3
42435,3
42436,3
42437,3
42438,3
42439,3
42440,3
42441,3
42442,3
42443,3
42444,3
42445,3
42446,3
42447,3
42448,3
42449,3
42450,3
42451,3
42452,3
42453,3
42454,3
42455,3
42456,3
42457,3
42458,3
42459,3
42460,3
42461,3
42462,3
42463,3
42464,3
42465,3
42466,3
42467,3
42468,3
42469,3
42470,3
42471,3
42472,3
42473,3
42474,3
42475,3
42476,3
42477,3
42478,3
42479,3
42480,3
42481,3
42482,3
42483,3
42484,3
42485,3
42486,3
42487,3
42488,3
42489,3
42490,3
42491,3
42492,3
42493,3
42494,3
42495,3
42496,3
42497,3
42498,3
42499,3
42500,3
42501,3
42502,3
42503,3
42504,3
42505,3
42506,3
42507,3
42508,3
42509,3
42510,3
42511,3
42512,3
42513,3
42514,3
42515,3
42516,3
42517,3
42518,3
42519,3
42520,3
42521,3
42522,3
42523,3
42524,3
42525,3
42526,3
42527,3
42528,3
42529,3
42530,3
42531,3
42532,3
42533,3
42534,3
42535,3
42536,3
42537,3
42538,3
42539,3
42540,3
42541,3
42542,3
42543,3
42544,3
42545,3
42546,3
42547,3
42548,3
42549,3
42550,3
42551,3
42552,3
42553,3
42554,3
42555,0
42556,0
42557,0
42558,0
42559,0
42560,0
42561,0
42562,0
42563,0
42564,0
42565,0
42566,0
42567,0
42568,0
42569,0
42570,0
42571,0
42572,0
42573,0
42574,0
42575,0
42576,0
42577,0
42578,0
42579,0
42580,0
42581,0
42582,0
42583,0
42584,0
42585,0
42586,0
42587,0
42588,0
42589,0
42590,0
42591,0
42592,0
42593,0
42594,0
42595,0
42596,0
42597,0
42598,0
42599,0
42600,0
42601,0
42602,0
42603,0
42604,0
42605,0
42606,0
42607,0
42608,0
42609,0
42610,0
42611,0
42612,0
42613,0
42614,0
42615,0
42616,0
42617,0
42618,0
42619,0
42620,0
42621,0
42622,0
42623,0
42624,0
42625,0
42626,0
42627,0
42628,0
42629,0
42630,0
42631,0
42632,0
42633,0
42634,0
42635,0
42636,0
42637,0
42638,0
42639,0
42640,0
42641,0
42642,0
42643,0
42644,0
42645,0
42646,0
42647,0
42648,0
42649,0
42650,0
42651,0
42652,0
42653,0
42654,0
42655,0
42656,0
42657,0
42658,0
42659,0
42660,0
42661,0
42662,0
42663,0
42664,0
42665,0
42666,0
42667,0
42668,0
42669,0
42670,0
42671,0
42672,0
42673,0
42674,0
42675,0
42676,0
42677,0
42678,0
42679,0
42680,0
42681,0
42682,0
42683,0
42684,0
42685,0
42686,0
42687,0
42688,0
42689,0
42690,0
42691,0
42692,0
42693,0
42694,0
42695,0
42696,0
42697,0
42698,0
42699,0
42700,0
42701,0
42702,0
42703,0
42704,0
42705,0
42706,0
42707,0
42708,0
42709,0
42710,0
42711,0
42712,0
42713,0
42714,0
42715,0
42716,0
42717,0
42718,0
42719,0
42720,0
42721,0
42722,0
42723,0
42724,0
42725,0
42726,0
42727,0
42728,0
42729,0
42730,0
42731,0
42732,0
42733,0
42734,0
42735,0
42736,0
42737,0
42738,0
42739,0
42740,0
42741,0
42742,0
42743,0
42744,0
42745,0
42746,0
42747,0
42748,0
42749,0
42750,0
42751,0
42752,0
42753,0
42754,0
42755,0
42756,0
42757,0
42758,0
42759,0
42760,0
42761,0
42762,0
42763,0
42764,0
42765,0
42766,0
42767,0
42768,0
42769,0
42770,0
42771,0
42772,0
42773,0
42774,0
42775,0
42776,0
42777,0
42778,0
42779,0
42780,0
42781,0
42782,0
42783,0
42784,0
42785,0
42786,0
42787,0
42788,0
42789,0
42790,0
42791,0
42792,0
42793,0
42794,0
42795,0
42796,0
42797,0
42798,0
42799,0
42800,0
42801,0
42802,0
42803,0
42804,0
42805,0
42806,0
42807,0
42808,0
42809,0
42810,0
42811,0
42812,0
42813,0
42814,0
42815,0
42816,0
42817,0
42818,0
42819,0
42820,0
42821,0
42822,0
42823,0
42824,0
42825,0
42826,0
42827,0
42828,0
42829,0
42830,0
42831,0
42832,0
42833,0
42834,0
42835,0
42836,0
42837,0
42838,0
42839,0
42840,0
42841,0
42842,0
42843,0
42844,0
42845,0
42846,0
42847,0
42848,0
42849,0
42850,0
42851,0
42852,3
42853,3
42854,3
42855,3
42856,3
42857,3
42858,3
42859,3
42860,3
42861,3
42862,3
42863,3
42864,3
42865,3
42866,3
42867,3
42868,3
42869,3
42870,3
42871,3
42872,3
42873,3
42874,3
42875,3
42876,3
42877,3
42878,3
42879,3
42880,3
42881,3
42882,3
42883,3
42884,3
42885,3
42886,3
42887,3
42888,3
42889,3
42890,3
42891,3
42892,3
42893,3
42894,3
42895,3
42896,3
42897,3
42898,3
42899,3
42900,3
42901,3
42902,3
42903,3
42904,3
42905,3
42906,3
42907,3
42908,3
42909,3
42910,3
42911,3
42912,3
42913,3
42914,3
42915,3
42916,3
42917,3
42918,3
42919,3
42920,3
42921,3
42922,3
42923,3
42924,3
42925,3
42926,3
42927,3
42928,3
42929,3
42930,3
42931,3
42932,3
42933,3
42934,3
42935,3
42936,3
42937,3
42938,3
42939,3
42940,3
42941,3
42942,3
42943,3
42944,3
42945,3
42946,3
42947,3
42948,3
42949,3
42950,3
42951,3
42952,3
42953,3
42954,3
42955,3
42956,3
42957,3
42958,3
42959,3
42960,3
42961,3
42962,3
42963,3
42964,3
42965,3
42966,3
42967,3
42968,3
42969,3
42970,3
42971,3
42972,3
42973,3
42974,3
42975,3
42976,3
42977,3
42978,3
42979,3
42980,3
42981,3
42982,3
42983,3
42984,3
42985,3
42986,3
42987,3
42988,3
42989,3
42990,3
42991,3
42992,3
42993,3
42994,3
42995,3
42996,3
42997,3
42998,3
42999,3
43000,3
43001,3
43002,3
43003,3
43004,3
43005,3
43006,3
43007,3
43008,3
43009,3
43010,3
43011,3
43012,3
43013,3
43014,3
43015,3
43016,3
43017,3
43018,3
43019,3
43020,3
43021,3
43022,3
43023,3
43024,3
43025,3
43026,3
43027,3
43028,3
43029,3
43030,3
43031,3
43032,3
43033,3
43034,3
43035,3
43036,3
43037,3
43038,3
43039,3
43040,3
43041,3
43042,3
43043,3
43044,3
43045,3
43046,3
43047,3
43048,3
43049,3
43050,3
43051,3
43052,3
43053,3
43054,3
43055,3
43056,3
43057,3
43058,3
43059,3
43060,3
43061,3
43062,3
43063,3
43064,3
43065,3
43066,3
43067,3
43068,3
43069,3
43070,3
43071,3
43072,3
43073,3
43074,3
43075,3
43076,3
43077,3
43078,3
43079,3
43080,3
43081,3
43082,3
43083,3
43084,3
43085,3
43086,3
43087,3
43088,3
43089,3
43090,3
43091,3
43092,3
43093,3
43094,3
43095,3
43096,3
43097,3
43098,3
43099,3
43100,3
43101,3
43102,3
43103,3
43104,3
43105,3
43106,3
43107,3
43108,3
43109,3
43110,3
43111,3
43112,3
43113,3
43114,3
43115,3
43116,3
43117,3
43118,3
43119,3
43120,3
43121,3
43122,3
43123,3
43124,3
43125,3
43126,3
43127,3
43128,3
43129,3
43130,3
43131,3
43132,3
43133,3
43134,3
43135,3
43136,3
43137,3
43138,3
43139,3
43140,3
43141,3
43142,3
43143,3
43144,3
43145,3
43146,3
43147,3
43148,3
43149,3
43150,0
43151,0
43152,0
43153,0
43154,0
43155,0
43156,0
43157,0
43158,0
43159,0
43160,0
43161,0
43162,0
43163,0
43164,0
43165,0
43166,0
43167,0
43168,0
43169,0
43170,0
43171,0
43172,0
43173,0
43174,0
43175,0
43176,0
43177,0
43178,0
43179,0
43180,0
43181,0
43182,0
43183,0
43184,0
43185,0
43186,0
43187,0
43188,0
43189,0
43190,0
43191,0
43192,0
43193,0
43194,0
43195,0
43196,0
43197,0
43198,0
43199,0
43200,0
43201,0
43202,0
43203,0
43204,0
43205,0
43206,0
43207,0
43208,0
43209,0
43210,0
43211,0
43212,0
43213,0
43214,0
43215,0
43216,0
43217,0
43218,0
43219,0
43220,0
43221,0
43222,0
43223,0
43224,0
43225,0
43226,0
43227,0
43228,0
43229,0
43230,0
43231,0
43232,0
43233,0
43234,0
43235,0
43236,0
43237,0
43238,0
43239,0
43240,0
43241,0
43242,0
43243,0
43244,0
43245,0
43246,0
43247,0
43248,0
43249,0
43250,0
43251,0
43252,0
43253,0
43254,0
43255,0
43256,0
43257,0
43258,0
43259,0
43260,0
43261,0
43262,0
43263,0
43264,0
43265,0
43266,0
43267,0
43268,0
43269,0
43270,0
43271,0
43272,0
43273,0
43274,0
43275,1
43276,1
43277,1
43278,1
43279,1
43280,1
43281,1
43282,1
43283,1
43284,1
43285,1
43286,1
43287,1
43288,1
43289,1
43290,1
43291,1
43292,1
43293,1
43294,1
43295,1
43296,1
43297,1
43298,1
43299,1
43300,1
43301,1
43302,1
43303,1
43304,1
43305,1
43306,1
43307,1
43308,1
43309,1
43310,1
43311,1
43312,1
43313,1
43314,1
43315,1
43316,1
43317,1
43318,1
43319,1
43320,1
43321,1
43322,1
43323,1
43324,1
43325,1
43326,1
43327,1
43328,1
43329,1
43330,1
43331,1
43332,1
43333,1
43334,1
43335,1
43336,1
43337,1
43338,1
43339,1
43340,1
43341,1
43342,1
43343,1
43344,1
43345,1
43346,1
43347,1
43348,1
43349,1
43350,1
43351,1
43352,1
43353,1
43354,1
43355,1
43356,1
43357,1
43358,1
43359,1
43360,1
43361,1
43362,1
43363,1
43364,1
43365,1
43366,1
43367,1
43368,1
43369,1
43370,1
43371,1
43372,1
43373,1
43374,1
43375,1
43376,1
43377,1
43378,1
43379,1
43380,1
43381,1
43382,1
43383,1
43384,1
43385,1
43386,1
43387,1
43388,1
43389,1
43390,1
43391,1
43392,1
43393,1
43394,1
43395,1
43396,1
43397,1
43398,1
43399,1
43400,1
43401,1
43402,1
43403,1
43404,1
43405,1
43406,1
43407,1
43408,1
43409,1
43410,1
43411,1
43412,1
43413,1
43414,1
43415,1
43416,1
43417,1
43418,1
43419,1
43420,1
43421,1
43422,1
43423,1
43424,1
43425,1
43426,1
43427,1
43428,1
43429,1
43430,1
43431,1
43432,1
43433,1
43434,1
43435,1
43436,1
43437,1
43438,1
43439,1
43440,1
43441,1
43442,1
43443,1
43444,1
43445,1
43446,1
43447,1
43448,1
43449,1
43450,1
43451,1
43452,1
43453,1
43454,1
43455,1
43456,1
43457,1
43458,1
43459,1
43460,1
43461,1
43462,1
43463,1
43464,1
43465,1
43466,1
43467,1
43468,1
43469,1
43470,1
43471,1
43472,1
43473,1
43474,1
43475,1
43476,1
43477,1
43478,1
43479,1
43480,1
43481,1
43482,1
43483,1
43484,1
43485,1
43486,1
43487,1
43488,1
43489,1
43490,1
43491,1
43492,1
43493,1
43494,1
43495,1
43496,1
43497,1
43498,1
43499,1
43500,1
43501,1
43502,1
43503,1
43504,1
43505,1
43506,1
43507,1
43508,1
43509,1
43510,1
43511,1
43512,1
43513,1
43514,1
43515,1
43516,1
43517,1
43518,1
43519,1
43520,1
43521,1
43522,1
43523,1
43524,1
43525,1
43526,1
43527,1
43528,1
43529,1
43530,1
43531,1
43532,1
43533,1
43534,1
43535,1
43536,1
43537,1
43538,1
43539,1
43540,1
43541,1
43542,1
43543,1
43544,1
43545,1
43546,1
43547,1
43548,1
43549,1
43550,1
43551,1
43552,1
43553,1
43554,1
43555,1
43556,1
43557,1
43558,1
43559,1
43560,1
43561,1
43562,1
43563,1
43564,1
43565,1
43566,1
43567,1
43568,1
43569,1
43570,1
43571,1
43572,1
43573,1
43574,1
43575,1
43576,1
43577,1
43578,1
43579,1
43580,1
43581,1
43582,1
43583,1
43584,1
43585,1
43586,1
43587,1
43588,1
43589,1
43590,1
43591,1
43592,1
43593,1
43594,1
43595,1
43596,1
43597,1
43598,1
43599,1
43600,1
43601,1
43602,1
43603,1
43604,1
43605,1
43606,1
43607,1
43608,1
43609,1
43610,1
43611,1
43612,1
43613,1
43614,1
43615,1
43616,1
43617,1
43618,1
43619,1
43620,1
43621,1
43622,1
43623,1
43624,1
43625,1
43626,1
43627,1
43628,1
43629,1
43630,1
43631,1
43632,1
43633,1
43634,1
43635,1
43636,1
43637,1
43638,1
43639,1
43640,1
43641,1
43642,1
43643,1
43644,1
43645,1
43646,1
43647,1
43648,1
43649,1
43650,1
43651,1
43652,1
43653,1
43654,1
43655,1
43656,1
43657,1
43658,1
43659,1
43660,1
43661,1
43662,1
43663,1
43664,1
43665,1
43666,1
43667,1
43668,1
43669,1
43670,1
43671,1
43672,1
43673,1
43674,1
43675,1
43676,1
43677,1
43678,1
43679,1
43680,1
43681,1
43682,1
43683,1
43684,1
43685,1
43686,1
43687,1
43688,1
43689,1
43690,1
43691,1
43692,1
43693,1
43694,1
43695,1
43696,1
43697,1
43698,1
43699,1
43700,1
43701,1
43702,1
43703,1
43704,1
43705,1
43706,1
43707,1
43708,1
43709,1
43710,1
43711,1
43712,1
43713,1
43714,1
43715,1
43716,1
43717,1
43718,1
43719,1
43720,1
43721,1
43722,1
43723,1
43724,1
43725,1
43726,1
43727,1
43728,1
43729,1
43730,1
43731,1
43732,1
43733,1
43734,1
43735,1
43736,1
43737,1
43738,1
43739,1
43740,1
43741,1
43742,1
43743,1
43744,1
43745,1
43746,1
43747,1
43748,1
43749,1
43750,1
43751,1
43752,1
43753,1
43754,1
43755,1
43756,1
43757,1
43758,1
43759,1
43760,1
43761,1
43762,1
43763,1
43764,1
43765,1
43766,1
43767,1
43768,1
43769,1
43770,1
43771,1
43772,1
43773,1
43774,1
43775,1
43776,1
43777,1
43778,1
43779,1
43780,1
43781,1
43782,1
43783,1
43784,1
43785,1
43786,1
43787,1
43788,1
43789,1
43790,1
43791,1
43792,1
43793,1
43794,1
43795,1
43796,1
43797,1
43798,1
43799,1
43800,1
43801,1
43802,1
43803,1
43804,1
43805,1
43806,1
43807,1
43808,1
43809,1
43810,1
43811,1
43812,1
43813,1
43814,1
43815,1
43816,1
43817,1
43818,1
43819,1
43820,1
43821,1
43822,1
43823,1
43824,1
43825,1
43826,1
43827,1
43828,1
43829,1
43830,1
43831,1
43832,1
43833,1
43834,1
43835,1
43836,1
43837,1
43838,1
43839,1
43840,1
43841,1
43842,1
43843,1
43844,1
43845,1
43846,1
43847,1
43848,1
43849,1
43850,1
43851,1
43852,1
43853,1
43854,1
43855,1
43856,1
43857,1
43858,1
43859,1
43860,1
43861,1
43862,1
43863,1
43864,1
43865,1
43866,1
43867,1
43868,1
43869,1
43870,1
43871,1
43872,1
43873,1
43874,1
43875,1
43876,1
43877,1
43878,1
43879,1
43880,1
43881,1
43882,1
43883,1
43884,1
43885,1
43886,1
43887,1
43888,1
43889,1
43890,1
43891,1
43892,1
43893,1
43894,1
43895,1
43896,1
43897,1
43898,1
43899,1
43900,1
43901,1
43902,1
43903,1
43904,1
43905,1
43906,1
43907,1
43908,1
43909,1
43910,1
43911,1
43912,1
43913,1
43914,1
43915,1
43916,1
43917,1
43918,1
43919,1
43920,1
43921,1
43922,1
43923,1
43924,1
43925,1
43926,1
43927,1
43928,1
43929,1
43930,1
43931,1
43932,1
43933,1
43934,1
43935,1
43936,1
43937,1
43938,1
43939,1
43940,1
43941,1
43942,1
43943,1
43944,1
43945,1
43946,1
43947,1
43948,1
43949,1
43950,1
43951,1
43952,1
43953,1
43954,1
43955,1
43956,1
43957,1
43958,1
43959,1
43960,1
43961,1
43962,1
43963,1
43964,1
43965,1
43966,1
43967,1
43968,1
43969,1
43970,1
43971,1
43972,1
43973,1
43974,1
43975,1
43976,1
43977,1
43978,1
43979,1
43980,1
43981,1
43982,1
43983,1
43984,1
43985,1
43986,1
43987,1
43988,1
43989,1
43990,1
43991,1
43992,1
43993,1
43994,1
43995,1
43996,1
43997,1
43998,1
43999,1
44000,1
44001,1
44002,1
44003,1
44004,1
44005,1
44006,1
44007,1
44008,1
44009,1
44010,1
44011,1
44012,1
44013,1
44014,1
44015,1
44016,1
44017,1
44018,1
44019,1
44020,1
44021,1
44022,1
44023,1
44024,1
44025,1
44026,1
44027,1
44028,1
44029,1
44030,1
44031,1
44032,1
44033,1
44034,1
44035,1
44036,1
44037,1
44038,1
44039,1
44040,1
44041,1
44042,1
44043,1
44044,1
44045,1
44046,1
44047,1
44048,1
44049,1
44050,1
44051,1
44052,1
44053,1
44054,1
44055,1
44056,1
44057,1
44058,1
44059,1
44060,1
44061,1
44062,1
44063,1
44064,1
44065,1
44066,1
44067,1
44068,1
44069,1
44070,1
44071,1
44072,1
44073,1
44074,1
44075,1
44076,1
44077,1
44078,1
44079,1
44080,1
44081,1
44082,1
44083,1
44084,1
44085,1
44086,1
44087,1
44088,1
44089,1
44090,1
44091,1
44092,1
44093,1
44094,1
44095,1
44096,1
44097,1
44098,1
44099,1
44100,1
44101,1
44102,1
44103,1
44104,1
44105,1
44106,1
44107,1
44108,1
44109,1
44110,1
44111,1
44112,1
44113,1
44114,1
44115,1
44116,1
44117,1
44118,1
44119,1
44120,1
44121,1
44122,1
44123,1
44124,1
44125,1
44126,1
44127,1
44128,1
44129,1
44130,1
44131,1
44132,1
44133,1
44134,1
44135,1
44136,1
44137,1
44138,1
44139,1
44140,1
44141,1
44142,1
44143,1
44144,1
44145,1
44146,1
44147,1
44148,1
44149,1
44150,1
44151,1
44152,1
44153,1
44154,1
44155,1
44156,1
44157,1
44158,1
44159,1
44160,1
44161,1
44162,1
44163,1
44164,1
44165,1
44166,1
44167,1
44168,1
44169,1
44170,1
44171,1
44172,1
44173,1
44174,1
44175,1
44176,1
44177,1
44178,1
44179,1
44180,1
44181,1
44182,1
44183,1
44184,1
44185,1
44186,1
44187,1
44188,1
44189,1
44190,1
44191,1
44192,1
44193,1
44194,1
44195,1
44196,1
44197,1
44198,1
44199,1
44200,1
44201,1
44202,1
44203,1
44204,1
44205,1
44206,1
44207,1
44208,1
44209,1
44210,1
44211,1
44212,1
44213,1
44214,1
44215,1
44216,1
44217,1
44218,1
44219,1
44220,1
44221,1
44222,1
44223,1
44224,1
44225,1
44226,1
44227,1
44228,1
44229,1
44230,1
44231,1
44232,1
44233,1
44234,1
44235,1
44236,1
44237,1
44238,1
44239,1
44240,1
44241,1
44242,1
44243,1
44244,1
44245,1
44246,1
44247,1
44248,1
44249,1
44250,1
44251,1
44252,1
44253,1
44254,1
44255,1
44256,1
44257,1
44258,1
44259,1
44260,1
44261,1
44262,1
44263,1
44264,1
44265,1
44266,1
44267,1
44268,1
44269,1
44270,1
44271,1
44272,1
44273,1
44274,1
44275,1
44276,1
44277,1
44278,1
44279,1
44280,1
44281,1
44282,1
44283,1
44284,1
44285,1
44286,1
44287,1
44288,1
44289,1
44290,1
44291,1
44292,1
44293,1
44294,1
44295,1
44296,1
44297,1
44298,1
44299,1
44300,1
44301,1
44302,1
44303,1
44304,1
44305,1
44306,1
44307,1
44308,1
44309,1
44310,1
44311,1
44312,1
44313,1
44314,1
44315,1
44316,1
44317,1
44318,1
44319,1
44320,1
44321,1
44322,1
44323,1
44324,1
44325,1
44326,1
44327,1
44328,1
44329,1
44330,1
44331,1
44332,1
44333,1
44334,1
44335,1
44336,1
44337,1
44338,1
44339,1
44340,1
44341,1
44342,1
44343,1
44344,1
44345,1
44346,1
44347,1
44348,1
44349,1
44350,1
44351,1
44352,1
44353,1
44354,1
44355,1
44356,1
44357,1
44358,1
44359,1
44360,1
44361,1
44362,1
44363,1
44364,1
44365,1
44366,1
44367,1
44368,1
44369,1
44370,1
44371,1
44372,1
44373,1
44374,1
44375,1
44376,1
44377,1
44378,1
44379,1
44380,1
44381,1
44382,1
44383,1
44384,1
44385,1
44386,1
44387,1
44388,1
44389,1
44390,1
44391,1
44392,1
44393,1
44394,1
44395,1
44396,1
44397,1
44398,1
44399,1
44400,1
44401,1
44402,1
44403,1
44404,1
44405,1
44406,1
44407,1
44408,1
44409,1
44410,1
44411,1
44412,1
44413,1
44414,1
44415,1
44416,1
44417,1
44418,1
44419,1
44420,1
44421,1
44422,1
44423,1
44424,1
44425,1
44426,1
44427,1
44428,1
44429,1
44430,1
44431,1
44432,1
44433,1
44434,1
44435,1
44436,1
44437,1
44438,1
44439,1
44440,1
44441,1
44442,1
44443,1
44444,1
44445,1
44446,1
44447,1
44448,1
44449,1
44450,1
44451,1
44452,1
44453,1
44454,1
44455,1
44456,1
44457,1
44458,1
44459,1
44460,1
44461,1
44462,1
44463,1
44464,1
44465,1
44466,1
44467,1
44468,1
44469,1
44470,1
44471,1
44472,1
44473,1
44474,1
44475,1
44476,1
44477,1
44478,1
44479,1
44480,1
44481,1
44482,1
44483,1
44484,1
44485,1
44486,1
44487,1
44488,1
44489,1
44490,1
44491,1
44492,1
44493,1
44494,1
44495,1
44496,1
44497,1
44498,1
44499,1
44500,1
44501,1
44502,1
44503,1
44504,1
44505,1
44506,1
44507,1
44508,1
44509,1
44510,1
44511,1
44512,1
44513,1
44514,1
44515,1
44516,1
44517,1
44518,1
44519,1
44520,1
44521,1
44522,1
44523,1
44524,1
44525,1
44526,1
44527,1
44528,1
44529,1
44530,1
44531,1
44532,1
44533,1
44534,1
44535,1
44536,1
44537,1
44538,1
44539,1
44540,1
44541,1
44542,1
44543,1
44544,1
44545,1
44546,1
44547,1
44548,1
44549,1
44550,1
44551,1
44552,1
44553,1
44554,1
44555,1
44556,1
44557,1
44558,1
44559,2
44560,2
44561,2
44562,2
44563,2
44564,2
44565,2
44566,2
44567,2
44568,2
44569,2
44570,2
44571,2
44572,2
44573,2
44574,2
44575,2
44576,2
44577,2
44578,2
44579,2
44580,2
44581,2
44582,2
44583,2
44584,2
44585,2
44586,2
44587,2
44588,2
44589,2
44590,2
44591,2
44592,2
44593,2
44594,2
44595,2
44596,2
44597,2
44598,2
44599,2
44600,2
44601,2
44602,2
44603,2
44604,2
44605,2
44606,2
44607,2
44608,2
44609,2
44610,2
44611,2
44612,2
44613,2
44614,2
44615,2
44616,2
44617,2
44618,2
44619,2
44620,2
44621,2
44622,2
44623,2
44624,2
44625,2
44626,2
44627,2
44628,2
44629,2
44630,2
44631,2
44632,2
44633,2
44634,2
44635,2
44636,2
44637,2
44638,2
44639,2
44640,2
44641,2
44642,2
44643,2
44644,2
44645,2
44646,2
44647,2
44648,2
44649,2
44650,2
44651,2
44652,2
44653,2
44654,2
44655,2
44656,2
44657,2
44658,2
44659,2
44660,2
44661,2
44662,2
44663,2
44664,2
44665,2
44666,2
44667,2
44668,2
44669,2
44670,2
44671,2
44672,2
44673,2
44674,2
44675,2
44676,2
44677,2
44678,2
44679,2
44680,2
44681,2
44682,2
44683,2
44684,2
44685,2
44686,2
44687,2
44688,2
44689,2
44690,2
44691,2
44692,2
44693,2
44694,2
44695,2
44696,2
44697,2
44698,2
44699,2
44700,2
44701,2
44702,2
44703,2
44704,2
44705,2
44706,2
44707,2
44708,2
44709,2
44710,2
44711,2
44712,2
44713,2
44714,2
44715,2
44716,2
44717,2
44718,2
44719,2
44720,2
44721,2
44722,2
44723,2
44724,2
44725,2
44726,2
44727,2
44728,2
44729,2
44730,2
44731,2
44732,2
44733,2
44734,2
44735,2
44736,2
44737,2
44738,2
44739,2
44740,2
44741,2
44742,2
44743,2
44744,2
44745,2
44746,2
44747,2
44748,2
44749,2
44750,2
44751,2
44752,2
44753,2
44754,2
44755,2
44756,2
44757,2
44758,2
44759,2
44760,2
44761,2
44762,2
44763,2
44764,2
44765,2
44766,2
44767,2
44768,2
44769,2
44770,2
44771,2
44772,2
44773,2
44774,2
44775,2
44776,2
44777,2
44778,2
44779,2
44780,2
44781,2
44782,2
44783,2
44784,2
44785,2
44786,2
44787,2
44788,2
44789,2
44790,2
44791,2
44792,2
44793,2
44794,2
44795,2
44796,2
44797,2
44798,2
44799,2
44800,2
44801,2
44802,2
44803,2
44804,2
44805,2
44806,2
44807,2
44808,2
44809,2
44810,2
44811,2
44812,2
44813,2
44814,2
44815,2
44816,2
44817,2
44818,2
44819,2
44820,2
44821,2
44822,2
44823,2
44824,2
44825,2
44826,2
44827,2
44828,2
44829,2
44830,2
44831,2
44832,2
44833,2
44834,2
44835,2
44836,2
44837,2
44838,2
44839,2
44840,2
44841,2
44842,2
44843,2
44844,2
44845,2
44846,2
44847,2
44848,2
44849,2
44850,2
44851,2
44852,2
44853,2
44854,2
44855,2
44856,2
44857,2
44858,2
44859,2
44860,2
44861,2
44862,2
44863,2
44864,2
44865,2
44866,2
44867,2
44868,2
44869,2
44870,2
44871,2
44872,2
44873,2
44874,2
44875,2
44876,2
44877,2
44878,2
44879,2
44880,2
44881,2
44882,2
44883,2
44884,2
44885,2
44886,2
44887,2
44888,2
44889,2
44890,2
44891,2
44892,2
44893,2
44894,2
44895,2
44896,2
44897,2
44898,2
44899,2
44900,2
44901,2
44902,2
44903,2
44904,2
44905,2
44906,2
44907,2
44908,2
44909,2
44910,2
44911,2
44912,2
44913,2
44914,2
44915,2
44916,2
44917,2
44918,2
44919,2
44920,2
44921,2
44922,2
44923,2
44924,2
44925,2
44926,2
44927,2
44928,2
44929,2
44930,2
44931,2
44932,2
44933,2
44934,2
44935,2
44936,2
44937,2
44938,2
44939,2
44940,2
44941,2
44942,2
44943,2
44944,2
44945,2
44946,2
44947,2
44948,2
44949,2
44950,2
44951,2
44952,2
44953,2
44954,2
44955,2
44956,2
44957,2
44958,2
44959,2
44960,2
44961,2
44962,2
44963,2
44964,2
44965,2
44966,2
44967,2
44968,2
44969,2
44970,2
44971,2
44972,2
44973,2
44974,2
44975,2
44976,2
44977,2
44978,2
44979,2
44980,2
44981,2
44982,2
44983,2
44984,2
44985,2
44986,2
44987,2
44988,2
44989,2
44990,2
44991,2
44992,2
44993,2
44994,2
44995,2
44996,2
44997,2
44998,2
44999,2
45000,2
45001,2
45002,2
45003,2
45004,2
45005,2
45006,2
45007,2
45008,2
45009,2
45010,2
45011,2
45012,2
45013,2
45014,2
45015,2
45016,2
45017,2
45018,2
45019,2
45020,2
45021,2
45022,2
45023,2
45024,2
45025,2
45026,2
45027,2
45028,2
45029,2
45030,2
45031,2
45032,2
45033,2
45034,2
45035,2
45036,2
45037,2
45038,2
45039,2
45040,2
45041,2
45042,2
45043,2
45044,2
45045,2
45046,2
45047,2
45048,2
45049,2
45050,2
45051,2
45052,2
45053,2
45054,2
45055,2
45056,2
45057,2
45058,2
45059,2
45060,2
45061,2
45062,2
45063,2
45064,2
45065,2
45066,2
45067,2
45068,2
45069,2
45070,2
45071,2
45072,2
45073,2
45074,2
45075,2
45076,2
45077,2
45078,2
45079,2
45080,2
45081,2
45082,2
45083,2
45084,2
45085,2
45086,2
45087,2
45088,2
45089,2
45090,2
45091,2
45092,2
45093,2
45094,2
45095,2
45096,2
45097,2
45098,2
45099,2
45100,2
45101,2
45102,2
45103,2
45104,2
45105,2
45106,2
45107,2
45108,2
45109,2
45110,2
45111,2
45112,2
45113,2
45114,2
45115,2
45116,2
45117,2
45118,2
45119,2
45120,2
45121,2
45122,2
45123,2
45124,2
45125,2
45126,2
45127,2
45128,2
45129,2
45130,2
45131,2
45132,2
45133,2
45134,2
45135,2
45136,2
45137,2
45138,2
45139,2
45140,2
45141,2
45142,2
45143,2
45144,2
45145,2
45146,2
45147,2
45148,2
45149,2
45150,2
45151,2
45152,2
45153,2
45154,2
45155,2
45156,2
45157,2
45158,2
45159,2
45160,2
45161,2
45162,2
45163,2
45164,2
45165,2
45166,2
45167,2
45168,2
45169,2
45170,2
45171,2
45172,2
45173,2
45174,2
45175,2
45176,2
45177,2
45178,2
45179,2
45180,2
45181,2
45182,2
45183,2
45184,2
45185,2
45186,2
45187,2
45188,2
45189,2
45190,2
45191,2
45192,2
45193,2
45194,2
45195,2
45196,2
45197,2
45198,2
45199,2
45200,2
45201,2
45202,2
45203,2
45204,2
45205,2
45206,2
45207,2
45208,2
45209,2
45210,2
45211,2
45212,2
45213,2
45214,2
45215,2
45216,2
45217,2
45218,2
45219,2
45220,2
45221,2
45222,2
45223,2
45224,2
45225,2
45226,2
45227,2
45228,2
45229,2
45230,2
45231,2
45232,2
45233,2
45234,2
45235,2
45236,2
45237,2
45238,2
45239,2
45240,2
45241,2
45242,2
45243,2
45244,2
45245,2
45246,2
45247,2
45248,2
45249,2
45250,2
45251,2
45252,2
45253,2
45254,2
45255,2
45256,2
45257,2
45258,2
45259,2
45260,2
45261,2
45262,2
45263,2
45264,2
45265,2
45266,2
45267,2
45268,2
45269,2
45270,2
45271,2
45272,2
45273,2
45274,2
45275,2
45276,2
45277,2
45278,2
45279,2
45280,2
45281,2
45282,2
45283,2
45284,2
45285,2
45286,2
45287,2
45288,2
45289,2
45290,2
45291,2
45292,2
45293,2
45294,2
45295,2
45296,2
45297,2
45298,2
45299,2
45300,2
45301,2
45302,2
45303,2
45304,2
45305,2
45306,2
45307,2
45308,2
45309,2
45310,2
45311,2
45312,2
45313,2
45314,2
45315,2
45316,2
45317,2
45318,2
45319,2
45320,2
45321,2
45322,2
45323,2
45324,2
45325,2
45326,2
45327,2
45328,2
45329,2
45330,2
45331,2
45332,2
45333,2
45334,2
45335,2
45336,2
45337,2
45338,2
45339,2
45340,2
45341,2
45342,2
45343,2
45344,2
45345,2
45346,2
45347,2
45348,2
45349,2
45350,2
45351,2
45352,2
45353,2
45354,2
45355,2
45356,2
45357,2
45358,2
45359,2
45360,2
45361,2
45362,2
45363,2
45364,2
45365,2
45366,2
45367,2
45368,2
45369,2
45370,2
45371,2
45372,2
45373,2
45374,2
45375,2
45376,2
45377,2
45378,2
45379,2
45380,2
45381,2
45382,2
45383,2
45384,2
45385,2
45386,2
45387,2
45388,2
45389,2
45390,2
45391,2
45392,2
45393,2
45394,2
45395,2
45396,2
45397,2
45398,2
45399,2
45400,2
45401,2
45402,2
45403,2
45404,2
45405,2
45406,2
45407,2
45408,2
45409,2
45410,2
45411,2
45412,2
45413,2
45414,2
45415,2
45416,2
45417,2
45418,2
45419,2
45420,2
45421,2
45422,2
45423,2
45424,2
45425,2
45426,2
45427,2
45428,2
45429,2
45430,2
45431,2
45432,2
45433,2
45434,2
45435,2
45436,2
45437,2
45438,2
45439,2
45440,2
45441,2
45442,2
45443,2
45444,2
45445,2
45446,2
45447,2
45448,2
45449,2
45450,2
45451,2
45452,2
45453,2
45454,2
45455,2
45456,2
45457,2
45458,2
45459,2
45460,2
45461,2
45462,2
45463,2
45464,2
45465,2
45466,2
45467,2
45468,2
45469,2
45470,2
45471,2
45472,2
45473,2
45474,2
45475,2
45476,2
45477,2
45478,2
45479,2
45480,2
45481,2
45482,2
45483,2
45484,2
45485,2
45486,2
45487,2
45488,2
45489,2
45490,2
45491,2
45492,2
45493,2
45494,2
45495,2
45496,2
45497,2
45498,2
45499,2
45500,2
45501,2
45502,2
45503,2
45504,2
45505,2
45506,2
45507,2
45508,2
45509,2
45510,2
45511,2
45512,2
45513,2
45514,2
45515,2
45516,2
45517,2
45518,2
45519,2
45520,2
45521,2
45522,2
45523,2
45524,2
45525,2
45526,2
45527,2
45528,2
45529,2
45530,2
45531,2
45532,2
45533,2
45534,2
45535,2
45536,2
45537,2
45538,2
45539,2
45540,2
45541,2
45542,2
45543,2
45544,2
45545,2
45546,2
45547,2
45548,2
45549,2
45550,2
45551,2
45552,2
45553,2
45554,2
45555,2
45556,2
45557,2
45558,2
45559,2
45560,2
45561,2
45562,2
45563,2
45564,2
45565,2
45566,2
45567,2
45568,2
45569,2
45570,2
45571,2
45572,2
45573,2
45574,2
45575,2
45576,2
45577,2
45578,2
45579,2
45580,2
45581,2
45582,2
45583,2
45584,2
45585,2
45586,2
45587,2
45588,2
45589,2
45590,2
45591,2
45592,2
45593,2
45594,2
45595,2
45596,2
45597,2
45598,2
45599,2
45600,2
45601,2
45602,2
45603,2
45604,2
45605,2
45606,2
45607,2
45608,2
45609,2
45610,2
45611,2
45612,2
45613,2
45614,2
45615,2
45616,2
45617,2
45618,2
45619,2
45620,2
45621,2
45622,2
45623,2
45624,2
45625,2
45626,2
45627,2
45628,2
45629,2
45630,2
45631,2
45632,2
45633,2
45634,2
45635,2
45636,2
45637,2
45638,2
45639,2
45640,2
45641,2
45642,2
45643,2
45644,2
45645,2
45646,2
45647,2
45648,2
45649,2
45650,2
45651,2
45652,2
45653,2
45654,2
45655,2
45656,2
45657,2
45658,2
45659,2
45660,2
45661,2
45662,2
45663,2
45664,2
45665,2
45666,2
45667,2
45668,2
45669,2
45670,2
45671,2
45672,2
45673,2
45674,2
45675,2
45676,2
45677,2
45678,2
45679,2
45680,2
45681,2
45682,2
45683,2
45684,2
45685,2
45686,2
45687,2
45688,2
45689,2
45690,2
45691,2
45692,2
45693,2
45694,2
45695,2
45696,2
45697,2
45698,2
45699,2
45700,2
45701,2
45702,2
45703,2
45704,2
45705,2
45706,2
45707,2
45708,2
45709,2
45710,2
45711,2
45712,2
45713,2
45714,2
45715,2
45716,2
45717,2
45718,2
45719,2
45720,2
45721,2
45722,2
45723,2
45724,2
45725,2
45726,2
45727,2
45728,2
45729,2
45730,2
45731,2
45732,2
45733,2
45734,2
45735,2
45736,2
45737,2
45738,2
45739,2
45740,2
45741,2
45742,2
45743,2
45744,2
45745,2
45746,2
45747,2
45748,2
45749,2
45750,2
45751,2
45752,2
45753,2
45754,2
45755,2
45756,2
45757,2
45758,2
45759,2
45760,2
45761,2
45762,2
45763,2
45764,2
45765,2
45766,2
45767,2
45768,2
45769,2
45770,2
45771,2
45772,2
45773,2
45774,2
45775,0
45776,0
45777,0
45778,0
45779,0
45780,0
45781,0
45782,0
45783,0
45784,0
45785,0
45786,0
45787,0
45788,0
45789,0
45790,0
45791,0
45792,0
45793,0
45794,0
45795,0
45796,0
45797,0
45798,0
45799,0
45800,0
45801,0
45802,0
45803,0
45804,0
45805,0
45806,0
45807,0
45808,0
45809,0
45810,0
45811,0
45812,0
45813,0
45814,0
45815,0
45816,0
45817,0
45818,0
45819,0
45820,0
45821,0
45822,0
45823,0
45824,0
45825,0
45826,0
45827,0
45828,0
45829,0
45830,0
45831,0
45832,0
45833,0
45834,0
45835,0
45836,0
45837,0
45838,0
45839,0
45840,0
45841,0
45842,0
45843,0
45844,0
45845,0
45846,0
45847,0
45848,0
45849,0
45850,0
45851,0
45852,0
45853,0
45854,0
45855,0
45856,0
45857,0
45858,0
45859,0
45860,0
45861,0
45862,0
45863,0
45864,0
45865,0
45866,0
45867,0
45868,0
45869,0
45870,0
45871,0
45872,0
45873,0
45874,0
45875,0
45876,0
45877,0
45878,0
45879,0
45880,0
45881,0
45882,0
45883,0
45884,0
45885,0
45886,0
45887,0
45888,0
45889,0
45890,0
45891,0
45892,0
45893,0
45894,0
45895,0
45896,0
45897,0
45898,0
45899,0
45900,0
45901,0
45902,0
45903,0
45904,0
45905,0
45906,0
45907,0
45908,0
45909,0
45910,0
45911,0
45912,0
45913,0
45914,0
45915,0
45916,0
45917,0
45918,0
45919,0
45920,0
45921,0
45922,0
45923,0
45924,0
45925,0
45926,0
45927,0
45928,0
45929,0
45930,0
45931,0
45932,0
45933,0
45934,0
45935,0
45936,0
45937,0
45938,0
45939,0
45940,0
45941,0
45942,0
45943,0
45944,0
45945,0
45946,0
45947,0
45948,0
45949,0
45950,0
45951,0
45952,0
45953,0
45954,0
45955,0
45956,0
45957,0
45958,0
45959,0
45960,0
45961,0
45962,0
45963,0
45964,0
45965,0
45966,0
45967,0
45968,0
45969,0
45970,0
45971,0
45972,0
45973,0
45974,0
45975,0
45976,0
45977,0
45978,0
45979,0
45980,0
45981,0
45982,0
45983,0
45984,0
45985,0
45986,0
45987,0
45988,0
45989,0
45990,0
45991,0
45992,0
45993,0
45994,0
45995,0
45996,0
45997,0
45998,0
45999,0
46000,0
46001,0
46002,0
46003,3
46004,3
46005,3
46006,3
46007,3
46008,3
46009,3
46010,3
46011,3
46012,3
46013,3
46014,3
46015,3
46016,3
46017,3
46018,3
46019,3
46020,3
46021,3
46022,3
46023,3
46024,3
46025,3
46026,3
46027,3
46028,3
46029,3
46030,3
46031,3
46032,3
46033,3
46034,3
46035,3
46036,3
46037,3
46038,3
46039,3
46040,3
46041,3
46042,3
46043,3
46044,3
46045,3
46046,3
46047,3
46048,3
46049,3
46050,3
46051,3
46052,3
46053,3
46054,3
46055,3
46056,3
46057,3
46058,3
46059,3
46060,3
46061,3
46062,3
46063,3
46064,3
46065,3
46066,3
46067,3
46068,3
46069,3
46070,3
46071,3
46072,3
46073,3
46074,3
46075,3
46076,3
46077,3
46078,3
46079,3
46080,3
46081,3
46082,3
46083,3
46084,3
46085,3
46086,3
46087,3
46088,3
46089,3
46090,3
46091,3
46092,3
46093,3
46094,3
46095,3
46096,3
46097,3
46098,3
46099,3
46100,3
46101,3
46102,3
46103,3
46104,3
46105,3
46106,3
46107,3
46108,3
46109,3
46110,3
46111,3
46112,3
46113,3
46114,3
46115,3
46116,3
46117,3
46118,3
46119,3
46120,3
46121,3
46122,3
46123,3
46124,3
46125,3
46126,3
46127,3
46128,3
46129,3
46130,3
46131,3
46132,3
46133,3
46134,3
46135,3
46136,3
46137,3
46138,3
46139,3
46140,3
46141,3
46142,3
46143,3
46144,3
46145,3
46146,3
46147,3
46148,3
46149,3
46150,3
46151,3
46152,3
46153,3
46154,3
46155,3
46156,3
46157,3
46158,3
46159,3
46160,3
46161,3
46162,3
46163,3
46164,3
46165,3
46166,3
46167,3
46168,3
46169,3
46170,3
46171,3
46172,3
46173,3
46174,3
46175,3
46176,3
46177,3
46178,3
46179,3
46180,3
46181,3
46182,3
46183,3
46184,3
46185,3
46186,3
46187,3
46188,3
46189,3
46190,3
46191,3
46192,3
46193,3
46194,3
46195,3
46196,3
46197,3
46198,3
46199,3
46200,3
46201,3
46202,3
46203,3
46204,3
46205,3
46206,3
46207,3
46208,3
46209,3
46210,3
46211,3
46212,3
46213,3
46214,3
46215,3
46216,3
46217,3
46218,3
46219,3
46220,3
46221,3
46222,3
46223,3
46224,3
46225,3
46226,3
46227,3
46228,3
46229,3
46230,3
46231,3
46232,3
46233,3
46234,3
46235,3
46236,3
46237,3
46238,3
46239,3
46240,3
46241,3
46242,3
46243,3
46244,3
46245,3
46246,3
46247,3
46248,3
46249,3
46250,3
46251,3
46252,3
46253,3
46254,3
46255,3
46256,3
46257,3
46258,3
46259,3
46260,3
46261,3
46262,3
46263,3
46264,3
46265,3
46266,3
46267,3
46268,3
46269,3
46270,3
46271,3
46272,3
46273,3
46274,3
46275,3
46276,3
46277,3
46278,3
46279,3
46280,3
46281,3
46282,3
46283,3
46284,3
46285,3
46286,3
46287,3
46288,3
46289,3
46290,3
46291,3
46292,3
46293,3
46294,0
46295,0
46296,0
46297,0
46298,0
46299,0
46300,0
46301,0
46302,0
46303,0
46304,0
46305,0
46306,0
46307,0
46308,0
46309,0
46310,0
46311,0
46312,0
46313,0
46314,0
46315,0
46316,0
46317,0
46318,0
46319,0
46320,0
46321,0
46322,0
46323,0
46324,0
46325,0
46326,0
46327,0
46328,0
46329,0
46330,0
46331,0
46332,0
46333,0
46334,0
46335,0
46336,0
46337,0
46338,0
46339,0
46340,0
46341,0
46342,0
46343,0
46344,0
46345,0
46346,0
46347,0
46348,0
46349,0
46350,0
46351,0
46352,0
46353,0
46354,0
46355,0
46356,0
46357,0
46358,0
46359,0
46360,0
46361,0
46362,0
46363,0
46364,0
46365,0
46366,0
46367,0
46368,0
46369,0
46370,0
46371,0
46372,0
46373,0
46374,0
46375,0
46376,0
46377,0
46378,0
46379,0
46380,0
46381,0
46382,0
46383,0
46384,0
46385,0
46386,0
46387,0
46388,0
46389,0
46390,0
46391,0
46392,0
46393,0
46394,0
46395,0
46396,0
46397,0
46398,0
46399,0
46400,0
46401,0
46402,0
46403,0
46404,0
46405,0
46406,0
46407,0
46408,0
46409,0
46410,0
46411,0
46412,0
46413,0
46414,0
46415,0
46416,0
46417,0
46418,0
46419,0
46420,0
46421,0
46422,0
46423,0
46424,0
46425,0
46426,0
46427,0
46428,0
46429,0
46430,0
46431,0
46432,0
46433,0
46434,0
46435,0
46436,0
46437,0
46438,0
46439,0
46440,0
46441,0
46442,0
46443,0
46444,0
46445,0
46446,0
46447,0
46448,0
46449,0
46450,0
46451,0
46452,0
46453,0
46454,0
46455,0
46456,0
46457,0
46458,0
46459,0
46460,0
46461,0
46462,0
46463,0
46464,0
46465,0
46466,0
46467,0
46468,0
46469,0
46470,0
46471,0
46472,0
46473,0
46474,0
46475,0
46476,0
46477,0
46478,0
46479,0
46480,0
46481,0
46482,0
46483,0
46484,0
46485,0
46486,0
46487,0
46488,0
46489,0
46490,0
46491,0
46492,0
46493,0
46494,0
46495,0
46496,0
46497,0
46498,0
46499,0
46500,0
46501,0
46502,0
46503,0
46504,0
46505,0
46506,0
46507,0
46508,0
46509,0
46510,0
46511,0
46512,0
46513,0
46514,0
46515,0
46516,0
46517,0
46518,0
46519,3
46520,3
46521,3
46522,3
46523,3
46524,3
46525,3
46526,3
46527,3
46528,3
46529,3
46530,3
46531,3
46532,3
46533,3
46534,3
46535,3
46536,3
46537,3
46538,3
46539,3
46540,3
46541,3
46542,3
46543,3
46544,3
46545,3
46546,3
46547,3
46548,3
46549,3
46550,3
46551,3
46552,3
46553,3
46554,3
46555,3
46556,3
46557,3
46558,3
46559,3
46560,3
46561,3
46562,3
46563,3
46564,3
46565,3
46566,3
46567,3
46568,3
46569,3
46570,3
46571,3
46572,3
46573,3
46574,3
46575,3
46576,3
46577,3
46578,3
46579,3
46580,3
46581,3
46582,3
46583,3
46584,3
46585,3
46586,3
46587,3
46588,3
46589,3
46590,3
46591,3
46592,3
46593,3
46594,3
46595,3
46596,3
46597,3
46598,3
46599,3
46600,3
46601,3
46602,3
46603,3
46604,3
46605,3
46606,3
46607,3
46608,3
46609,3
46610,3
46611,3
46612,3
46613,3
46614,3
46615,3
46616,3
46617,3
46618,3
46619,3
46620,3
46621,3
46622,3
46623,3
46624,3
46625,3
46626,3
46627,3
46628,3
46629,3
46630,3
46631,3
46632,3
46633,3
46634,3
46635,3
46636,3
46637,3
46638,3
46639,3
46640,3
46641,3
46642,3
46643,3
46644,3
46645,3
46646,3
46647,3
46648,3
46649,3
46650,3
46651,3
46652,3
46653,3
46654,3
46655,3
46656,3
46657,3
46658,3
46659,3
46660,3
46661,3
46662,3
46663,3
46664,3
46665,3
46666,3
46667,3
46668,3
46669,3
46670,3
46671,3
46672,3
46673,3
46674,3
46675,3
46676,3
46677,3
46678,3
46679,3
46680,3
46681,3
46682,3
46683,3
46684,3
46685,3
46686,3
46687,3
46688,3
46689,3
46690,3
46691,3
46692,3
46693,3
46694,3
46695,3
46696,3
46697,3
46698,3
46699,3
46700,3
46701,3
46702,3
46703,3
46704,3
46705,3
46706,3
46707,3
46708,3
46709,3
46710,3
46711,3
46712,3
46713,3
46714,3
46715,3
46716,3
46717,3
46718,3
46719,3
46720,3
46721,3
46722,3
46723,3
46724,3
46725,3
46726,3
46727,3
46728,3
46729,3
46730,3
46731,3
46732,3
46733,3
46734,3
46735,3
46736,3
46737,3
46738,3
46739,3
46740,3
46741,3
46742,3
46743,3
46744,3
46745,3
46746,3
46747,3
46748,3
46749,3
46750,3
46751,3
46752,3
46753,3
46754,3
46755,3
46756,3
46757,3
46758,3
46759,3
46760,3
46761,3
46762,3
46763,3
46764,3
46765,3
46766,3
46767,3
46768,3
46769,3
46770,3
46771,3
46772,3
46773,3
46774,3
46775,3
46776,3
46777,3
46778,3
46779,3
46780,3
46781,3
46782,3
46783,3
46784,3
46785,3
46786,3
46787,3
46788,3
46789,3
46790,3
46791,3
46792,3
46793,3
46794,3
46795,3
46796,3
46797,3
46798,3
46799,3
46800,3
46801,3
46802,3
46803,3
46804,3
46805,3
46806,3
46807,3
46808,0
46809,0
46810,0
46811,0
46812,0
46813,0
46814,0
46815,0
46816,0
46817,0
46818,0
46819,0
46820,0
46821,0
46822,0
46823,0
46824,0
46825,0
46826,0
46827,0
46828,0
46829,0
46830,0
46831,0
46832,0
46833,0
46834,0
46835,0
46836,0
46837,0
46838,0
46839,0
46840,0
46841,0
46842,0
46843,0
46844,0
46845,0
46846,0
46847,0
46848,0
46849,0
46850,0
46851,0
46852,0
46853,0
46854,0
46855,0
46856,0
46857,0
46858,0
46859,0
46860,0
46861,0
46862,0
46863,0
46864,0
46865,0
46866,0
46867,0
46868,0
46869,0
46870,0
46871,0
46872,0
46873,0
46874,0
46875,0
46876,0
46877,0
46878,0
46879,0
46880,0
46881,0
46882,0
46883,0
46884,0
46885,0
46886,0
46887,0
46888,0
46889,0
46890,0
46891,0
46892,0
46893,0
46894,0
46895,0
46896,0
46897,0
46898,0
46899,0
46900,0
46901,0
46902,0
46903,0
46904,0
46905,0
46906,0
46907,0
46908,0
46909,0
46910,0
46911,0
46912,0
46913,0
46914,0
46915,0
46916,0
46917,0
46918,0
46919,0
46920,0
46921,0
46922,0
46923,0
46924,0
46925,0
46926,0
46927,0
46928,0
46929,0
46930,0
46931,0
46932,0
46933,0
46934,0
46935,0
46936,0
46937,0
46938,0
46939,0
46940,0
46941,0
46942,0
46943,0
46944,0
46945,0
46946,0
46947,0
46948,0
46949,0
46950,0
46951,0
46952,0
46953,0
46954,0
46955,0
46956,0
46957,0
46958,0
46959,0
46960,0
46961,0
46962,0
46963,0
46964,0
46965,0
46966,0
46967,0
46968,0
46969,0
46970,0
46971,0
46972,0
46973,0
46974,0
46975,0
46976,0
46977,0
46978,0
46979,0
46980,0
46981,0
46982,0
46983,0
46984,0
46985,0
46986,0
46987,0
46988,0
46989,0
46990,0
46991,0
46992,0
46993,0
46994,0
46995,0
46996,0
46997,0
46998,0
46999,0
47000,0
47001,0
47002,0
47003,0
47004,0
47005,0
47006,0
47007,0
47008,0
47009,0
47010,0
47011,0
47012,0
47013,0
47014,0
47015,0
47016,0
47017,0
47018,0
47019,0
47020,0
47021,0
47022,0
47023,0
47024,0
47025,0
47026,0
47027,0
47028,0
47029,0
47030,0
47031,0
47032,0
47033,0
47034,0
47035,0
47036,0
47037,3
47038,3
47039,3
47040,3
47041,3
47042,3
47043,3
47044,3
47045,3
47046,3
47047,3
47048,3
47049,3
47050,3
47051,3
47052,3
47053,3
47054,3
47055,3
47056,3
47057,3
47058,3
47059,3
47060,3
47061,3
47062,3
47063,3
47064,3
47065,3
47066,3
47067,3
47068,3
47069,3
47070,3
47071,3
47072,3
47073,3
47074,3
47075,3
47076,3
47077,3
47078,3
47079,3
47080,3
47081,3
47082,3
47083,3
47084,3
47085,3
47086,3
47087,3
47088,3
47089,3
47090,3
47091,3
47092,3
47093,3
47094,3
47095,3
47096,3
47097,3
47098,3
47099,3
47100,3
47101,3
47102,3
47103,3
47104,3
47105,3
47106,3
47107,3
47108,3
47109,3
47110,3
47111,3
47112,3
47113,3
47114,3
47115,3
47116,3
47117,3
47118,3
47119,3
47120,3
47121,3
47122,3
47123,3
47124,3
47125,3
47126,3
47127,3
47128,3
47129,3
47130,3
47131,3
47132,3
47133,3
47134,3
47135,3
47136,3
47137,3
47138,3
47139,3
47140,3
47141,3
47142,3
47143,3
47144,3
47145,3
47146,3
47147,3
47148,3
47149,3
47150,3
47151,3
47152,3
47153,3
47154,3
47155,3
47156,3
47157,3
47158,3
47159,3
47160,3
47161,3
47162,3
47163,3
47164,3
47165,3
47166,3
47167,3
47168,3
47169,3
47170,3
47171,3
47172,3
47173,3
47174,3
47175,3
47176,3
47177,3
47178,3
47179,3
47180,3
47181,3
47182,3
47183,3
47184,3
47185,3
47186,3
47187,3
47188,3
47189,3
47190,3
47191,3
47192,3
47193,3
47194,3
47195,3
47196,3
47197,3
47198,3
47199,3
47200,3
47201,3
47202,3
47203,3
47204,3
47205,3
47206,3
47207,3
47208,3
47209,3
47210,3
47211,3
47212,3
47213,3
47214,3
47215,3
47216,3
47217,3
47218,3
47219,3
47220,3
47221,3
47222,3
47223,3
47224,3
47225,3
47226,3
47227,3
47228,3
47229,3
47230,3
47231,3
47232,3
47233,3
47234,3
47235,3
47236,3
47237,3
47238,3
47239,3
47240,3
47241,3
47242,3
47243,3
47244,3
47245,3
47246,3
47247,3
47248,3
47249,3
47250,3
47251,3
47252,3
47253,3
47254,3
47255,3
47256,3
47257,3
47258,3
47259,3
47260,3
47261,3
47262,3
47263,3
47264,3
47265,3
47266,3
47267,3
47268,3
47269,3
47270,3
47271,3
47272,3
47273,3
47274,3
47275,3
47276,3
47277,3
47278,3
47279,3
47280,3
47281,3
47282,3
47283,3
47284,3
47285,3
47286,3
47287,3
47288,3
47289,3
47290,3
47291,3
47292,3
47293,3
47294,3
47295,3
47296,3
47297,3
47298,3
47299,3
47300,3
47301,3
47302,3
47303,3
47304,3
47305,3
47306,3
47307,3
47308,3
47309,3
47310,3
47311,3
47312,3
47313,3
47314,3
47315,3
47316,3
47317,3
47318,3
47319,3
47320,3
47321,3
47322,3
47323,3
47324,3
47325,3
47326,3
47327,3
47328,3
47329,3
47330,3
47331,3
47332,3
47333,0
47334,0
47335,0
47336,0
47337,0
47338,0
47339,0
47340,0
47341,0
47342,0
47343,0
47344,0
47345,0
47346,0
47347,0
47348,0
47349,0
47350,0
47351,0
47352,0
47353,0
47354,0
47355,0
47356,0
47357,0
47358,0
47359,0
47360,0
47361,0
47362,0
47363,0
47364,0
47365,0
47366,0
47367,0
47368,0
47369,0
47370,0
47371,0
47372,0
47373,0
47374,0
47375,0
47376,0
47377,0
47378,0
47379,0
47380,0
47381,0
47382,0
47383,0
47384,0
47385,0
47386,0
47387,0
47388,0
47389,0
47390,0
47391,0
47392,0
47393,0
47394,0
47395,0
47396,0
47397,0
47398,0
47399,0
47400,0
47401,0
47402,0
47403,0
47404,0
47405,0
47406,0
47407,0
47408,0
47409,0
47410,0
47411,0
47412,0
47413,0
47414,0
47415,0
47416,0
47417,0
47418,0
47419,0
47420,0
47421,0
47422,0
47423,1
47424,1
47425,1
47426,1
47427,1
47428,1
47429,1
47430,1
47431,1
47432,1
47433,1
47434,1
47435,1
47436,1
47437,1
47438,1
47439,1
47440,1
47441,1
47442,1
47443,1
47444,1
47445,1
47446,1
47447,1
47448,1
47449,1
47450,1
47451,1
47452,1
47453,1
47454,1
47455,1
47456,1
47457,1
47458,1
47459,1
47460,1
47461,1
47462,1
47463,1
47464,1
47465,1
47466,1
47467,1
47468,1
47469,1
47470,1
47471,1
47472,1
47473,1
47474,1
47475,1
47476,1
47477,1
47478,1
47479,1
47480,1
47481,1
47482,1
47483,1
47484,1
47485,1
47486,1
47487,1
47488,1
47489,1
47490,1
47491,1
47492,1
47493,1
47494,1
47495,1
47496,1
47497,1
47498,1
47499,1
47500,1
47501,1
47502,1
47503,1
47504,1
47505,1
47506,1
47507,1
47508,1
47509,1
47510,1
47511,1
47512,1
47513,1
47514,1
47515,1
47516,1
47517,1
47518,1
47519,1
47520,1
47521,1
47522,1
47523,1
47524,1
47525,1
47526,1
47527,1
47528,1
47529,1
47530,1
47531,1
47532,1
47533,1
47534,1
47535,1
47536,1
47537,1
47538,1
47539,1
47540,1
47541,1
47542,1
47543,1
47544,1
47545,1
47546,1
47547,1
47548,1
47549,1
47550,1
47551,1
47552,1
47553,1
47554,1
47555,1
47556,1
47557,1
47558,1
47559,1
47560,1
47561,1
47562,1
47563,1
47564,1
47565,1
47566,1
47567,1
47568,1
47569,1
47570,1
47571,1
47572,1
47573,1
47574,1
47575,1
47576,1
47577,1
47578,1
47579,1
47580,1
47581,1
47582,1
47583,1
47584,1
47585,1
47586,1
47587,1
47588,1
47589,1
47590,1
47591,1
47592,1
47593,1
47594,1
47595,1
47596,1
47597,1
47598,1
47599,1
47600,1
47601,1
47602,1
47603,1
47604,1
47605,1
47606,1
47607,1
47608,1
47609,1
47610,1
47611,1
47612,1
47613,1
47614,1
47615,1
47616,1
47617,1
47618,1
47619,1
47620,1
47621,1
47622,1
47623,1
47624,1
47625,1
47626,1
47627,1
47628,1
47629,1
47630,1
47631,1
47632,1
47633,1
47634,1
47635,1
47636,1
47637,1
47638,1
47639,1
47640,1
47641,1
47642,1
47643,1
47644,1
47645,1
47646,1
47647,1
47648,1
47649,1
47650,1
47651,1
47652,1
47653,1
47654,1
47655,1
47656,1
47657,1
47658,1
47659,1
47660,1
47661,1
47662,1
47663,1
47664,1
47665,1
47666,1
47667,1
47668,1
47669,1
47670,1
47671,1
47672,1
47673,1
47674,1
47675,1
47676,1
47677,1
47678,1
47679,1
47680,1
47681,1
47682,1
47683,1
47684,1
47685,1
47686,1
47687,1
47688,1
47689,1
47690,1
47691,1
47692,1
47693,1
47694,1
47695,1
47696,1
47697,1
47698,1
47699,1
47700,1
47701,1
47702,1
47703,1
47704,1
47705,1
47706,1
47707,1
47708,1
47709,1
47710,1
47711,1
47712,1
47713,1
47714,1
47715,1
47716,1
47717,1
47718,1
47719,1
47720,1
47721,1
47722,1
47723,1
47724,1
47725,1
47726,1
47727,1
47728,1
47729,1
47730,1
47731,1
47732,1
47733,1
47734,1
47735,1
47736,1
47737,1
47738,1
47739,1
47740,1
47741,1
47742,1
47743,1
47744,1
47745,1
47746,1
47747,1
47748,1
47749,1
47750,1
47751,1
47752,1
47753,1
47754,1
47755,1
47756,1
47757,1
47758,1
47759,1
47760,1
47761,1
47762,1
47763,1
47764,1
47765,1
47766,1
47767,1
47768,1
47769,1
47770,1
47771,1
47772,1
47773,1
47774,1
47775,1
47776,1
47777,1
47778,1
47779,1
47780,1
47781,1
47782,1
47783,1
47784,1
47785,1
47786,1
47787,1
47788,1
47789,1
47790,1
47791,1
47792,1
47793,1
47794,1
47795,1
47796,1
47797,1
47798,1
47799,1
47800,1
47801,1
47802,1
47803,1
47804,1
47805,1
47806,1
47807,1
47808,1
47809,1
47810,1
47811,1
47812,1
47813,1
47814,1
47815,1
47816,1
47817,1
47818,1
47819,1
47820,1
47821,1
47822,1
47823,1
47824,1
47825,1
47826,1
47827,1
47828,1
47829,1
47830,1
47831,1
47832,1
47833,1
47834,1
47835,1
47836,1
47837,1
47838,1
47839,1
47840,1
47841,1
47842,1
47843,1
47844,1
47845,1
47846,1
47847,1
47848,1
47849,1
47850,1
47851,1
47852,1
47853,1
47854,1
47855,1
47856,1
47857,1
47858,1
47859,1
47860,1
47861,1
47862,1
47863,1
47864,1
47865,1
47866,1
47867,1
47868,1
47869,1
47870,1
47871,1
47872,1
47873,1
47874,1
47875,1
47876,1
47877,1
47878,1
47879,1
47880,1
47881,1
47882,1
47883,1
47884,1
47885,1
47886,1
47887,1
47888,1
47889,1
47890,1
47891,1
47892,1
47893,1
47894,1
47895,1
47896,1
47897,1
47898,1
47899,1
47900,1
47901,1
47902,1
47903,1
47904,1
47905,1
47906,1
47907,1
47908,1
47909,1
47910,1
47911,1
47912,1
47913,1
47914,1
47915,1
47916,1
47917,1
47918,1
47919,1
47920,1
47921,1
47922,1
47923,1
47924,1
47925,1
47926,1
47927,1
47928,1
47929,1
47930,1
47931,1
47932,1
47933,1
47934,1
47935,1
47936,1
47937,1
47938,1
47939,1
47940,1
47941,1
47942,1
47943,1
47944,1
47945,1
47946,1
47947,1
47948,1
47949,1
47950,1
47951,1
47952,1
47953,1
47954,1
47955,1
47956,1
47957,1
47958,1
47959,1
47960,1
47961,1
47962,1
47963,1
47964,1
47965,1
47966,1
47967,1
47968,1
47969,1
47970,1
47971,1
47972,1
47973,1
47974,1
47975,1
47976,1
47977,1
47978,1
47979,1
47980,1
47981,1
47982,1
47983,1
47984,1
47985,1
47986,1
47987,1
47988,1
47989,1
47990,1
47991,1
47992,1
47993,1
47994,1
47995,1
47996,1
47997,1
47998,1
47999,1
48000,1
48001,1
48002,1
48003,1
48004,1
48005,1
48006,1
48007,1
48008,1
48009,1
48010,1
48011,1
48012,1
48013,1
48014,1
48015,1
48016,1
48017,1
48018,1
48019,1
48020,1
48021,1
48022,1
48023,1
48024,1
48025,1
48026,1
48027,1
48028,1
48029,1
48030,1
48031,1
48032,1
48033,1
48034,1
48035,1
48036,1
48037,1
48038,1
48039,1
48040,1
48041,1
48042,1
48043,1
48044,1
48045,1
48046,1
48047,1
48048,1
48049,1
48050,1
48051,1
48052,1
48053,1
48054,1
48055,1
48056,1
48057,1
48058,1
48059,1
48060,1
48061,1
48062,1
48063,1
48064,1
48065,1
48066,1
48067,1
48068,1
48069,1
48070,1
48071,1
48072,1
48073,1
48074,1
48075,1
48076,1
48077,1
48078,1
48079,1
48080,1
48081,1
48082,1
48083,1
48084,1
48085,1
48086,1
48087,1
48088,1
48089,1
48090,1
48091,1
48092,1
48093,1
48094,1
48095,1
48096,1
48097,1
48098,1
48099,1
48100,1
48101,1
48102,1
48103,1
48104,1
48105,1
48106,1
48107,1
48108,1
48109,1
48110,1
48111,1
48112,1
48113,1
48114,1
48115,1
48116,1
48117,1
48118,1
48119,1
48120,1
48121,1
48122,1
48123,1
48124,1
48125,1
48126,1
48127,1
48128,1
48129,1
48130,1
48131,1
48132,1
48133,1
48134,1
48135,1
48136,1
48137,1
48138,1
48139,1
48140,1
48141,1
48142,1
48143,1
48144,1
48145,1
48146,1
48147,1
48148,1
48149,1
48150,1
48151,1
48152,1
48153,1
48154,1
48155,1
48156,1
48157,1
48158,1
48159,1
48160,1
48161,1
48162,1
48163,1
48164,1
48165,1
48166,1
48167,1
48168,1
48169,1
48170,1
48171,1
48172,1
48173,1
48174,1
48175,1
48176,1
48177,1
48178,1
48179,1
48180,1
48181,1
48182,1
48183,1
48184,1
48185,1
48186,1
48187,1
48188,1
48189,1
48190,1
48191,1
48192,1
48193,1
48194,1
48195,1
48196,1
48197,1
48198,1
48199,1
48200,1
48201,1
48202,1
48203,1
48204,1
48205,1
48206,1
48207,1
48208,1
48209,1
48210,1
48211,1
48212,1
48213,1
48214,1
48215,1
48216,1
48217,1
48218,1
48219,1
48220,1
48221,1
48222,1
48223,1
48224,1
48225,1
48226,1
48227,1
48228,1
48229,1
48230,1
48231,1
48232,1
48233,1
48234,1
48235,1
48236,1
48237,1
48238,1
48239,1
48240,1
48241,1
48242,1
48243,1
48244,1
48245,1
48246,1
48247,1
48248,1
48249,1
48250,1
48251,1
48252,1
48253,1
48254,1
48255,1
48256,1
48257,1
48258,1
48259,1
48260,1
48261,1
48262,1
48263,1
48264,1
48265,1
48266,1
48267,1
48268,1
48269,1
48270,1
48271,1
48272,1
48273,1
48274,1
48275,1
48276,1
48277,1
48278,1
48279,1
48280,1
48281,1
48282,1
48283,1
48284,1
48285,1
48286,1
48287,1
48288,1
48289,1
48290,1
48291,1
48292,1
48293,1
48294,1
48295,1
48296,1
48297,1
48298,1
48299,1
48300,1
48301,1
48302,1
48303,1
48304,1
48305,1
48306,1
48307,1
48308,1
48309,1
48310,1
48311,1
48312,1
48313,1
48314,1
48315,1
48316,1
48317,1
48318,1
48319,1
48320,1
48321,1
48322,1
48323,1
48324,1
48325,1
48326,1
48327,1
48328,1
48329,1
48330,1
48331,1
48332,1
48333,1
48334,1
48335,1
48336,1
48337,1
48338,1
48339,1
48340,1
48341,1
48342,1
48343,1
48344,1
48345,1
48346,1
48347,1
48348,1
48349,1
48350,1
48351,1
48352,1
48353,1
48354,1
48355,1
48356,1
48357,1
48358,1
48359,1
48360,1
48361,1
48362,1
48363,1
48364,1
48365,1
48366,1
48367,1
48368,1
48369,1
48370,1
48371,1
48372,1
48373,1
48374,1
48375,1
48376,1
48377,1
48378,1
48379,1
48380,1
48381,1
48382,1
48383,1
48384,1
48385,1
48386,1
48387,1
48388,1
48389,1
48390,1
48391,1
48392,1
48393,1
48394,1
48395,1
48396,1
48397,1
48398,1
48399,1
48400,1
48401,1
48402,1
48403,1
48404,1
48405,1
48406,1
48407,1
48408,1
48409,1
48410,1
48411,1
48412,1
48413,1
48414,1
48415,1
48416,1
48417,1
48418,1
48419,1
48420,1
48421,1
48422,1
48423,1
48424,1
48425,1
48426,1
48427,1
48428,1
48429,1
48430,1
48431,1
48432,1
48433,1
48434,1
48435,1
48436,1
48437,1
48438,1
48439,1
48440,1
48441,1
48442,1
48443,1
48444,1
48445,1
48446,1
48447,1
48448,1
48449,1
48450,1
48451,1
48452,1
48453,1
48454,1
48455,1
48456,1
48457,1
48458,1
48459,1
48460,1
48461,1
48462,1
48463,1
48464,1
48465,1
48466,1
48467,1
48468,1
48469,1
48470,1
48471,1
48472,1
48473,1
48474,1
48475,1
48476,1
48477,1
48478,1
48479,1
48480,1
48481,1
48482,1
48483,1
48484,1
48485,1
48486,1
48487,1
48488,1
48489,1
48490,1
48491,1
48492,1
48493,1
48494,1
48495,1
48496,1
48497,1
48498,1
48499,1
48500,1
48501,1
48502,1
48503,1
48504,1
48505,1
48506,1
48507,1
48508,1
48509,1
48510,1
48511,1
48512,1
48513,1
48514,1
48515,1
48516,1
48517,1
48518,1
48519,1
48520,1
48521,1
48522,1
48523,1
48524,1
48525,1
48526,1
48527,1
48528,1
48529,1
48530,1
48531,1
48532,1
48533,1
48534,1
48535,1
48536,1
48537,1
48538,1
48539,1
48540,1
48541,1
48542,1
48543,1
48544,1
48545,1
48546,2
48547,2
48548,2
48549,2
48550,2
48551,2
48552,2
48553,2
48554,2
48555,2
48556,2
48557,2
48558,2
48559,2
48560,2
48561,2
48562,2
48563,2
48564,2
48565,2
48566,2
48567,2
48568,2
48569,2
48570,2
48571,2
48572,2
48573,2
48574,2
48575,2
48576,2
48577,2
48578,2
48579,2
48580,2
48581,2
48582,2
48583,2
48584,2
48585,2
48586,2
48587,2
48588,2
48589,2
48590,2
48591,2
48592,2
48593,2
48594,2
48595,2
48596,2
48597,2
48598,2
48599,2
48600,2
48601,2
48602,2
48603,2
48604,2
48605,2
48606,2
48607,2
48608,2
48609,2
48610,2
48611,2
48612,2
48613,2
48614,2
48615,2
48616,2
48617,2
48618,2
48619,2
48620,2
48621,2
48622,2
48623,2
48624,2
48625,2
48626,2
48627,2
48628,2
48629,2
48630,2
48631,2
48632,2
48633,2
48634,2
48635,2
48636,2
48637,2
48638,2
48639,2
48640,2
48641,2
48642,2
48643,2
48644,2
48645,2
48646,2
48647,2
48648,2
48649,2
48650,2
48651,2
48652,2
48653,2
48654,2
48655,2
48656,2
48657,2
48658,2
48659,2
48660,2
48661,2
48662,2
48663,2
48664,2
48665,2
48666,2
48667,2
48668,2
48669,2
48670,2
48671,2
48672,2
48673,2
48674,2
48675,2
48676,2
48677,2
48678,2
48679,2
48680,2
48681,2
48682,2
48683,2
48684,2
48685,2
48686,2
48687,2
48688,2
48689,2
48690,2
48691,2
48692,2
48693,2
48694,2
48695,2
48696,2
48697,2
48698,2
48699,2
48700,2
48701,2
48702,2
48703,2
48704,2
48705,2
48706,2
48707,2
48708,2
48709,2
48710,2
48711,2
48712,2
48713,2
48714,2
48715,2
48716,2
48717,2
48718,2
48719,2
48720,2
48721,2
48722,2
48723,2
48724,2
48725,2
48726,2
48727,2
48728,2
48729,2
48730,2
48731,2
48732,2
48733,2
48734,2
48735,2
48736,2
48737,2
48738,2
48739,2
48740,2
48741,2
48742,2
48743,2
48744,2
48745,2
48746,2
48747,2
48748,2
48749,2
48750,2
48751,2
48752,2
48753,2
48754,2
48755,2
48756,2
48757,2
48758,2
48759,2
48760,2
48761,2
48762,2
48763,2
48764,2
48765,2
48766,2
48767,2
48768,2
48769,2
48770,2
48771,2
48772,2
48773,2
48774,2
48775,2
48776,2
48777,2
48778,2
48779,2
48780,2
48781,2
48782,2
48783,2
48784,2
48785,2
48786,2
48787,2
48788,2
48789,2
48790,2
48791,2
48792,2
48793,2
48794,2
48795,2
48796,2
48797,2
48798,2
48799,2
48800,2
48801,2
48802,2
48803,2
48804,2
48805,2
48806,2
48807,2
48808,2
48809,2
48810,2
48811,2
48812,2
48813,2
48814,2
48815,2
48816,2
48817,2
48818,2
48819,2
48820,2
48821,2
48822,2
48823,2
48824,2
48825,2
48826,2
48827,2
48828,2
48829,2
48830,2
48831,2
48832,2
48833,2
48834,2
48835,2
48836,2
48837,2
48838,2
48839,2
48840,2
48841,2
48842,2
48843,2
48844,2
48845,2
48846,2
48847,2
48848,2
48849,2
48850,2
48851,2
48852,2
48853,2
48854,2
48855,2
48856,2
48857,2
48858,2
48859,2
48860,2
48861,2
48862,2
48863,2
48864,2
48865,2
48866,2
48867,2
48868,2
48869,2
