case_number,latitude,longitude,cluster
JK154494,41.778885,-87.66421,3
JK193121,41.9161,-87.708626,0
JK208472,41.683292,-87.61677,6
JK159953,41.858433,-87.71766,4
JK204774,41.89195,-87.628075,2
JK158657,41.88453,-87.68937,4
JK224051,41.903076,-87.68367,4
JK144152,41.873184,-87.7438,4
JK218812,41.876907,-87.628426,2
JK212877,41.867783,-87.66031,4
JK190544,41.88309,-87.68014,4
JK140423,41.798977,-87.591774,5
JK149823,41.77008,-87.62829,5
JK198392,41.902924,-87.69729,4
JK182408,41.982708,-87.73863,1
JK228110,41.7648,-87.57694,7
JK149303,41.812233,-87.61152,2
JK142083,41.813263,-87.69313,3
JK235871,41.90512,-87.76576,0
JK201107,41.85392,-87.63263,2
JK156159,41.734165,-87.56148,7
JK216400,41.884514,-87.67428,4
JK152664,41.874485,-87.71834,4
JK220405,41.75755,-87.63569,5
JK146843,41.88217,-87.77038,0
JK144552,41.787888,-87.58791,7
JK188435,41.79443,-87.59032,5
JK189895,41.8066,-87.685524,3
JK210217,41.929745,-87.68427,1
JK220583,41.994305,-87.67765,1
JK212482,41.73287,-87.570755,7
JK216910,41.82637,-87.63288,2
JK145308,41.96833,-87.72001,1
JK174975,41.72934,-87.64343,6
JK146973,41.921906,-87.64264,1
JK155500,41.847233,-87.67571,4
JK218696,41.881184,-87.68508,4
JK166292,41.87136,-87.62958,2
JK166465,41.722916,-87.60451,7
JK228160,41.752605,-87.58712,7
JK168874,41.86507,-87.732475,4
JK212680,41.77834,-87.703125,3
JK174086,41.82026,-87.605095,2
JK177767,41.82286,-87.690636,3
JK153986,41.925102,-87.67199,1
JK196899,41.937317,-87.69288,0
JK143108,41.782806,-87.6903,3
JK152288,41.689983,-87.64109,6
JK207591,41.830116,-87.64122,2
JK204264,41.85519,-87.62387,2
JK192138,41.968437,-87.71005,1
JK167218,41.790672,-87.5932,5
JK169414,41.993355,-87.683586,1
JK185149,41.913456,-87.638664,2
JK211863,41.960945,-87.72813,1
JK223335,41.8799,-87.683174,4
JK145824,41.883076,-87.7496,0
JK177286,41.805046,-87.601616,5
JK188369,41.721195,-87.664024,6
JK192196,41.968533,-87.654816,1
JK188667,41.991898,-87.67911,1
JK189113,41.66821,-87.63798,6
JK238777,41.72622,-87.56729,7
JK191728,41.895912,-87.72243,0
JK213915,41.80422,-87.72266,3
JK234886,41.779015,-87.6156,5
JK207631,41.933872,-87.70543,0
JK235442,41.783318,-87.593124,7
JK156754,41.780125,-87.68366,3
JK209433,41.78483,-87.64491,3
JK219734,41.88239,-87.624374,2
JK159190,41.933292,-87.66943,1
JK149205,41.689922,-87.6496,6
JK192407,41.74811,-87.72424,3
JK198618,41.85869,-87.63189,2
JK231851,41.75483,-87.67205,5
JK224644,41.866997,-87.62742,2
JK183189,41.944473,-87.645515,1
JK227305,41.803673,-87.70385,3
JK219776,41.888756,-87.63399,2
JK181436,41.862907,-87.65686,4
JK184869,41.693485,-87.62398,6
JK208996,41.954617,-87.70804,1
JK230936,41.717705,-87.56886,7
JK216965,41.970707,-87.72447,1
JK196166,41.747826,-87.6658,5
JK170836,41.956005,-87.67714,1
JK202534,41.975773,-87.7051,1
JK217594,41.72109,-87.6714,6
JK164467,41.873184,-87.7438,4
JK218228,41.788986,-87.74148,3
JK188466,41.765594,-87.62102,5
JK161081,41.886024,-87.61914,2
JK168911,41.769196,-87.62269,5
JK217560,41.912663,-87.681984,1
JK189608,41.91754,-87.78281,0
JK154491,41.853836,-87.62552,2
JK222828,41.933685,-87.72156,0
JK218218,41.765736,-87.66382,5
JK191779,41.934658,-87.74672,0
JK183423,41.895733,-87.68778,4
JK185916,41.7293,-87.63194,6
JK195288,41.887695,-87.65746,4
JK174772,41.777122,-87.645935,5
JK176155,41.752335,-87.600365,7
JK199329,41.719757,-87.63456,6
JK190476,41.768772,-87.587555,7
JK141122,41.794483,-87.58043,5
JK174719,41.74939,-87.66705,5
JK193595,41.790028,-87.64626,3
JK195405,41.75819,-87.627625,5
JK147775,41.7567,-87.60865,5
JK148375,41.768517,-87.61533,5
JK188929,41.80937,-87.6176,5
JK190703,41.94234,-87.757645,0
JK218510,41.783882,-87.64732,3
JK156523,41.700634,-87.64264,6
JK209018,41.87864,-87.62769,2
JK170502,41.78051,-87.642624,5
JK142787,41.75607,-87.602875,5
JK221632,41.702736,-87.53597,7
JK195613,41.9254,-87.65231,1
JK188021,41.988403,-87.718124,1
JK160892,41.761135,-87.6309,5
JK180680,41.895878,-87.706566,0
JK158585,41.895527,-87.649605,1
JK207609,41.769566,-87.69071,3
JK176357,41.80114,-87.684006,3
JK143289,41.87376,-87.69955,4
JK186972,41.691315,-87.71704,6
JK187970,41.853996,-87.63455,2
JK198997,41.89362,-87.71661,0
JK216443,41.7217,-87.62552,6
JK214914,41.88601,-87.6302,2
JK179439,41.881886,-87.64006,4
JK185604,41.968235,-87.72857,1
JK191267,41.88243,-87.627846,2
JK170261,41.871376,-87.68293,4
JK141825,41.921345,-87.77685,0
JK157118,41.96164,-87.665695,1
JK213669,41.91932,-87.724174,0
JK208693,41.967537,-87.71334,1
JK181286,41.902725,-87.719734,0
JK143554,41.67558,-87.6322,6
JK211224,41.93133,-87.7619,0
JK186214,41.770813,-87.5752,7
JK219297,41.859245,-87.694016,4
JK171468,41.921017,-87.71077,0
JK209498,41.899387,-87.75694,0
JK140768,41.974327,-87.65776,1
JK152696,41.957012,-87.64977,1
JK186171,41.901123,-87.695114,4
JK168770,41.751595,-87.6659,5
JK207647,41.940796,-87.67597,1
JK151163,41.722363,-87.58387,7
JK158421,41.91144,-87.766815,0
JK223725,41.732357,-87.65644,6
JK142340,41.764347,-87.575096,7
JK207690,41.771038,-87.66277,5
JK160093,41.892696,-87.62675,2
JK143628,41.791027,-87.62498,5
JK229717,41.958046,-87.71549,1
JK165601,41.94725,-87.653595,1
JK156559,41.900154,-87.73115,0
JK185051,41.877167,-87.643974,4
JK227246,41.757614,-87.58611,7
JK185950,41.92196,-87.63922,1
JK207011,41.852577,-87.71236,4
JK173555,41.871517,-87.73073,4
JK231425,41.925404,-87.70931,0
JK211289,41.895023,-87.65166,1
JK170386,41.941853,-87.64549,1
JK226978,41.894104,-87.62622,2
JK167187,41.924423,-87.68519,1
JK150823,41.85393,-87.62384,2
JK234265,41.73517,-87.703316,3
JK200037,41.845085,-87.61885,2
JK219108,41.7179,-87.63758,6
JK227408,41.873333,-87.66282,4
JK174755,41.746704,-87.61965,5
JK219246,41.73306,-87.66541,6
JK211612,41.785355,-87.69723,3
JK183872,41.729527,-87.63737,6
JK216628,41.96491,-87.639084,1
JK227082,41.913376,-87.670204,1
JK205644,41.78795,-87.630325,5
JK169213,41.901123,-87.69501,4
JK210266,41.923214,-87.7547,0
JK192132,41.877773,-87.62929,2
JK161078,41.785664,-87.70333,3
JK182817,41.80839,-87.61656,5
JK225264,41.874557,-87.69372,4
JK169089,41.95246,-87.66944,1
JK142425,41.877823,-87.65518,4
JK222092,41.892956,-87.7616,0
JK170242,41.79897,-87.582306,5
JK213513,41.727665,-87.6446,6
JK188058,41.874405,-87.648125,4
JK197644,41.678143,-87.6148,6
JK181664,41.8967,-87.62639,2
JK175293,41.750496,-87.61249,7
JK181356,41.79102,-87.625206,5
JK167772,41.772366,-87.65218,5
JK188670,41.786884,-87.62226,5
JK143431,41.69132,-87.62103,6
JK160204,41.990616,-87.68319,1
JK218852,41.92449,-87.725945,0
JK156017,41.796314,-87.5809,5
JK199015,41.974438,-87.81119,0
JK220551,41.85588,-87.73366,4
JK183254,41.700134,-87.56198,7
JK144723,41.885674,-87.646736,4
JK146186,41.96673,-87.76745,0
JK195822,41.974403,-87.76703,0
JK201558,41.759205,-87.63207,5
JK199405,41.811382,-87.73495,3
JK214188,41.853268,-87.7053,4
JK159929,41.830967,-87.62975,2
JK218633,41.77453,-87.59972,7
JK210889,41.881943,-87.73435,4
JK165900,41.80246,-87.65266,3
JK191406,41.982456,-87.65798,1
JK205319,41.76131,-87.66131,5
JK171521,41.778294,-87.7019,3
JK145632,41.94084,-87.73272,0
JK141663,41.85765,-87.67711,4
JK228246,41.844822,-87.63427,2
JK173546,41.976658,-87.81442,0
JK171277,41.705677,-87.600945,6
JK150476,41.717823,-87.567825,7
JK170178,41.752914,-87.55122,7
JK146326,41.752075,-87.67141,5
JK209763,41.719276,-87.62982,6
JK210160,41.906487,-87.682236,1
JK189789,41.877014,-87.7011,4
JK152371,41.939568,-87.724625,0
JK190142,41.880108,-87.64731,4
JK165034,41.92308,-87.76596,0
JK225310,41.72999,-87.65074,6
JK190402,41.875042,-87.633644,2
JK216079,41.794827,-87.580444,5
JK168335,41.76873,-87.723724,3
JK205874,41.970455,-87.763054,0
JK160796,41.754658,-87.58216,7
JK184607,41.76238,-87.59003,7
JK191962,41.74972,-87.64645,5
JK150193,41.71184,-87.65026,6
JK175415,41.704094,-87.67084,6
JK193374,41.808052,-87.66251,3
JK213336,41.893394,-87.76662,0
JK196211,41.8857,-87.64203,4
JK188032,41.944885,-87.649414,1
JK190983,41.96343,-87.668144,1
JK143784,41.98844,-87.792145,0
JK182972,41.845318,-87.62212,2
JK148285,41.8081,-87.669815,3
JK219586,41.8857,-87.64203,4
JK197268,41.89284,-87.61772,2
JK202442,41.878716,-87.73847,4
JK145375,41.91161,-87.67937,1
JK156536,41.86253,-87.65243,4
JK165611,41.91788,-87.74239,0
JK201510,41.768932,-87.56985,7
JK220050,41.696,-87.6232,6
JK217376,41.903305,-87.67007,1
JK149102,41.85938,-87.66136,4
JK213752,41.707855,-87.64894,6
JK196992,41.782093,-87.659424,3
JK227565,41.71399,-87.66115,6
JK150743,41.803673,-87.70385,3
JK186345,41.77958,-87.64478,5
JK170114,41.840385,-87.63583,2
JK158039,41.75128,-87.563805,7
JK165227,41.750694,-87.60395,7
JK214612,41.850357,-87.676155,4
JK141826,41.872486,-87.64089,4
JK151471,41.87173,-87.71847,4
JK226881,41.77859,-87.67268,3
JK196987,41.929745,-87.68427,1
JK189053,41.68851,-87.60833,6
JK140665,41.85781,-87.70543,4
JK193963,41.869312,-87.66334,4
JK234641,41.76915,-87.58443,7
JK156231,41.884125,-87.699646,4
JK158076,41.9529,-87.78754,0
JK183466,41.908607,-87.75592,0
JK202466,41.75996,-87.70024,3
JK196195,41.89582,-87.619156,2
JK163630,41.734867,-87.54578,7
JK226441,41.896137,-87.76544,0
JK239883,41.74417,-87.649925,5
JK171368,41.748543,-87.61001,7
JK216675,41.902897,-87.64445,2
JK143150,41.905834,-87.63843,2
JK144409,41.75152,-87.583176,7
JK230633,41.946335,-87.76677,0
JK180139,41.78674,-87.6647,3
JK207010,41.759743,-87.57922,7
JK221138,41.77868,-87.7213,3
JK234014,41.900005,-87.6373,2
JK176712,41.84504,-87.73343,4
JK143558,41.761597,-87.57694,7
JK225899,41.866642,-87.77417,0
JK158283,41.652843,-87.60867,6
JK186757,41.967396,-87.714554,1
JK227249,41.766804,-87.60562,5
JK146819,41.839943,-87.735374,4
JK190522,41.789597,-87.68251,3
JK212563,41.902866,-87.70321,0
JK157650,41.84098,-87.64935,2
JK205864,41.830612,-87.623245,2
JK214558,41.723053,-87.6287,6
JK207901,41.865265,-87.6225,2
JK183136,41.925465,-87.64792,1
JK161189,41.767124,-87.57755,7
JK186914,41.87293,-87.75648,4
JK202858,41.881733,-87.75158,0
JK201853,41.767677,-87.68577,3
JK171219,41.884495,-87.62714,2
JK235920,41.93742,-87.73294,0
JK147934,41.964264,-87.64831,1
JK152490,41.845104,-87.62212,2
JK226834,41.953014,-87.7031,1
JK173638,41.850277,-87.68126,4
JK235774,41.98288,-87.79144,0
JK220357,41.77097,-87.586266,7
JK153734,41.91852,-87.699356,0
JK167779,41.67013,-87.62963,6
JK172524,41.73627,-87.62777,6
JK185536,41.809395,-87.709755,3
JK210322,41.79116,-87.579834,5
JK222362,41.689823,-87.62637,6
JK149592,41.743446,-87.60137,7
JK147247,41.983967,-87.70988,1
JK210407,41.861385,-87.73727,4
JK235491,41.891838,-87.759224,0
JK219075,41.785957,-87.80127,3
JK243066,41.947235,-87.655014,1
JK201642,41.992786,-87.688515,1
JK156770,41.880936,-87.709335,4
JK166131,41.654503,-87.605896,6
JK232459,41.688145,-87.64468,6
JK175550,41.859097,-87.70429,4
JK172522,41.891747,-87.62345,2
JK203818,41.73586,-87.62415,6
JK161258,41.888702,-87.64757,4
JK222075,41.762337,-87.65162,5
JK171654,41.8809,-87.71222,4
JK204752,41.818405,-87.61876,2
JK213078,41.92449,-87.725945,0
JK203911,41.88093,-87.709564,4
JK160500,41.84829,-87.693504,4
JK181696,41.72293,-87.53735,7
JK206564,41.77962,-87.60287,5
JK192205,41.843983,-87.62692,2
JK200864,41.878555,-87.664345,4
JK160184,41.75617,-87.567535,7
JK155471,41.837204,-87.70606,4
JK182681,41.936897,-87.64916,1
JK208046,41.89448,-87.70653,0
JK193578,41.92862,-87.739845,0
JK166689,41.79058,-87.71687,3
JK194683,41.79921,-87.58551,5
JK158905,41.863857,-87.70681,4
JK192078,41.939114,-87.72557,0
JK180593,41.979954,-87.77567,0
JK217493,41.87319,-87.74347,4
JK141063,41.820915,-87.698364,3
JK235141,41.774334,-87.607056,5
JK233912,41.814346,-87.621346,2
JK202569,41.777237,-87.69255,3
JK185829,41.90662,-87.754654,0
JK143649,41.879032,-87.63695,2
JK207482,41.908897,-87.71798,0
JK196768,41.73351,-87.56058,7
JK144203,41.88679,-87.7063,4
JK142210,41.777126,-87.650795,5
JK220944,41.73287,-87.61318,7
JK144772,41.92718,-87.64009,1
JK229043,41.892628,-87.63116,2
JK192597,41.88321,-87.629906,2
JK209110,41.960228,-87.78613,0
JK202129,41.895004,-87.62153,2
JK200366,41.80866,-87.66097,3
JK152100,41.76636,-87.65779,5
JK180973,41.748848,-87.600266,7
JK204594,41.747597,-87.56252,7
JK230335,41.978992,-87.65994,1
JK156606,41.954884,-87.66907,1
JK161637,41.777863,-87.601616,5
JK164979,41.896103,-87.62819,2
JK199112,41.74568,-87.55885,7
JK200556,41.734035,-87.65855,6
JK214051,41.878124,-87.63321,2
JK233758,41.77781,-87.59301,7
JK202985,41.841896,-87.66337,2
JK219642,41.88061,-87.70296,4
JK224368,41.673553,-87.61641,6
JK202121,41.806892,-87.62439,5
JK192350,41.69064,-87.60516,6
JK177873,41.723885,-87.63029,6
JK193451,41.87454,-87.76161,0
JK142985,41.880985,-87.76815,0
JK183856,41.7781,-87.63383,5
JK157807,41.894333,-87.71384,0
JK201287,41.825794,-87.60075,2
JK221531,41.975517,-87.72957,1
JK158975,41.91597,-87.67594,1
JK153309,41.895653,-87.697014,4
JK218340,41.766,-87.663826,5
JK212972,41.793407,-87.58488,5
JK157168,41.94032,-87.64441,1
JK162337,41.92627,-87.6409,1
JK164877,41.89212,-87.68584,4
JK216774,41.880993,-87.70428,4
JK178811,41.884857,-87.76334,0
JK235075,41.844505,-87.705864,4
JK174746,41.823906,-87.61144,2
JK197884,41.774387,-87.63734,5
JK200701,41.89068,-87.68566,4
JK183589,41.775158,-87.58818,7
JK225515,41.779617,-87.65377,5
JK228059,41.87425,-87.62921,2
JK208628,41.793724,-87.77532,3
JK141082,41.73918,-87.624214,5
JK181618,41.863583,-87.72266,4
JK212751,41.887794,-87.767296,0
JK146626,41.870773,-87.733406,4
JK170274,41.7866,-87.620636,5
JK146945,41.869232,-87.69524,4
JK148368,41.953438,-87.74626,0
JK214709,41.80246,-87.68552,3
JK190802,41.754402,-87.55064,7
JK221340,41.78057,-87.59107,7
JK165476,41.73351,-87.56058,7
JK164931,41.852833,-87.63337,2
JK158934,41.891758,-87.71904,0
JK186568,41.906754,-87.64709,1
JK212234,41.9506,-87.752975,0
JK193413,41.917526,-87.759125,0
JK157221,41.691433,-87.641136,6
JK176580,41.78649,-87.62225,5
JK143175,41.779198,-87.6156,5
JK179003,41.758385,-87.57002,7
JK153330,41.87256,-87.72366,4
JK148854,41.81095,-87.70285,3
JK202424,41.891094,-87.70642,0
JK197988,41.883324,-87.72901,4
JK234999,41.93152,-87.74786,0
JK175158,41.67785,-87.63873,6
JK236008,41.93556,-87.77004,0
JK163105,41.77842,-87.69703,3
JK201240,41.882324,-87.73553,4
JK147338,41.93786,-87.68814,1
JK236122,41.877674,-87.62766,2
JK186092,41.886005,-87.658875,4
JK141770,41.751255,-87.60692,7
JK144545,41.885345,-87.70981,4
JK186517,41.9263,-87.76972,0
JK148644,41.854565,-87.70169,4
JK181392,41.77172,-87.70782,3
JK142759,41.781666,-87.597855,7
JK219283,41.794174,-87.703575,3
JK179272,41.86976,-87.62412,2
JK192334,41.93388,-87.782135,0
JK232194,41.900192,-87.628296,2
JK185409,41.678757,-87.66021,6
JK150663,41.864098,-87.71395,4
JK215178,41.877113,-87.723816,4
JK156150,41.787857,-87.71627,3
JK201683,41.870125,-87.65224,4
JK147600,41.903927,-87.629654,2
JK196724,41.81426,-87.62297,2
JK141464,41.952908,-87.78726,0
JK176587,41.707207,-87.62084,6
JK198623,41.88171,-87.753456,0
JK159535,41.729427,-87.67747,6
JK154552,41.70584,-87.66921,6
JK197104,41.96732,-87.71822,1
JK210803,41.766556,-87.680084,5
JK164814,41.740925,-87.63996,5
JK170078,41.910725,-87.678,1
JK231376,41.7336,-87.63503,6
JK204328,41.880238,-87.765274,0
JK160031,41.997612,-87.793976,0
JK142164,41.696312,-87.61755,6
JK204626,41.80986,-87.64557,3
JK198889,41.90672,-87.75098,0
JK143496,41.680943,-87.5371,7
JK149763,41.67339,-87.62492,6
JK164883,41.988632,-87.81283,0
JK174266,41.929745,-87.68427,1
JK198535,41.838226,-87.632286,2
JK220704,41.879692,-87.73153,4
JK152228,41.875805,-87.750786,4
JK233950,41.933186,-87.75964,0
JK195171,41.968426,-87.71123,1
JK232390,41.779015,-87.66421,3
JK220598,41.89026,-87.629616,2
JK165028,41.757454,-87.62313,5
JK227860,41.9093,-87.68116,1
JK165174,41.866333,-87.66638,4
JK168893,41.86175,-87.712845,4
JK207866,41.766987,-87.61167,5
JK188515,41.805843,-87.66367,3
JK153901,41.74558,-87.55399,7
JK144237,41.94769,-87.64626,1
JK195438,41.728336,-87.58502,7
JK233407,41.965656,-87.73657,1
JK218215,41.76662,-87.6185,5
JK230987,41.921562,-87.71201,0
JK193320,41.84388,-87.62043,2
JK147503,41.90577,-87.76487,0
JK213789,41.908432,-87.63851,2
JK144832,41.762955,-87.623245,5
JK202237,41.910534,-87.65383,1
JK219581,41.801132,-87.61773,5
JK235413,41.673325,-87.634544,6
JK219588,41.97527,-87.75352,0
JK143001,41.874214,-87.63168,2
JK186862,41.713333,-87.62846,6
JK157731,41.772217,-87.62835,5
JK226112,41.852882,-87.63553,2
JK208550,41.82142,-87.62478,2
JK232411,41.83806,-87.70484,4
JK158449,41.705677,-87.600945,6
JK184063,41.905823,-87.62798,2
JK145715,41.92428,-87.74318,0
JK178511,41.78334,-87.6157,5
JK206194,41.85257,-87.72586,4
JK165694,41.893543,-87.6297,2
JK167801,41.88486,-87.750336,0
JK218754,41.771137,-87.668846,5
JK154531,41.969627,-87.65483,1
JK208963,41.96525,-87.66819,1
JK226672,41.92348,-87.75366,0
JK165442,41.92046,-87.67083,1
JK145693,41.874863,-87.75383,4
JK211143,41.778988,-87.665474,3
JK223430,41.982162,-87.6685,1
JK204834,41.89003,-87.63034,2
JK150379,41.93005,-87.68592,1
JK190344,41.85444,-87.71755,4
JK231642,41.959896,-87.77212,0
JK215569,41.780876,-87.77405,3
JK216293,41.794464,-87.77056,3
JK173982,41.78063,-87.65089,3
JK152145,41.80967,-87.59443,5
JK209560,41.692577,-87.62379,6
JK176957,41.934982,-87.79805,0
JK230952,41.870735,-87.723976,4
JK176253,41.871574,-87.73372,4
JK196270,41.85273,-87.70139,4
JK149442,41.96226,-87.652336,1
JK156516,41.76346,-87.57931,7
JK178506,41.722923,-87.59481,7
JK194069,41.879383,-87.634125,2
JK145889,41.994427,-87.6709,1
JK201180,41.81877,-87.68471,3
JK145670,41.901783,-87.71896,0
JK157564,41.801514,-87.61774,5
JK208630,41.93173,-87.64077,1
JK197064,41.773064,-87.69202,3
JK231715,41.775932,-87.77744,3
JK190329,41.65862,-87.60555,6
JK211174,41.98176,-87.71248,1
JK172981,41.898373,-87.62504,2
JK170402,41.88233,-87.62784,2
JK221408,41.93824,-87.68074,1
JK231397,41.947803,-87.66403,1
JK192097,41.948677,-87.67938,1
JK201420,41.885933,-87.64865,4
JK166276,41.858303,-87.71275,4
JK218632,41.934402,-87.657005,1
JK188707,41.890015,-87.63167,2
JK215249,41.975517,-87.72937,1
JK216650,41.768497,-87.63723,5
JK199959,41.79634,-87.59037,5
JK174810,41.717686,-87.53837,7
JK154666,41.87568,-87.62657,2
JK208599,41.817654,-87.623055,2
JK230589,41.82965,-87.61445,2
JK222996,41.861885,-87.71407,4
JK158181,41.94651,-87.756935,0
JK219907,41.882526,-87.62438,2
JK197289,41.85275,-87.640816,2
JK235437,41.853058,-87.65019,4
JK142819,41.946648,-87.70209,1
JK212787,41.78772,-87.72644,3
JK171958,41.938747,-87.64047,1
JK225827,41.750313,-87.61127,7
JK215543,41.884533,-87.738495,4
JK206536,41.765488,-87.57629,7
JK170305,41.896133,-87.62549,2
JK158298,41.849155,-87.70883,4
JK180448,41.762318,-87.59762,7
JK202912,41.75842,-87.55497,7
JK161264,41.84344,-87.71476,4
JK160492,41.793262,-87.6427,3
JK198702,41.88473,-87.755226,0
JK202873,41.76331,-87.58754,7
JK145338,41.756504,-87.55751,7
JK196288,41.931213,-87.67689,1
JK157391,41.75028,-87.72032,3
JK198693,41.79733,-87.7519,3
JK151566,41.837967,-87.6171,2
JK204710,41.664734,-87.63183,6
JK159869,41.79576,-87.590355,5
JK152320,41.906277,-87.67001,1
JK205935,41.72654,-87.62233,6
JK205895,41.786243,-87.72786,3
JK202376,41.928375,-87.68228,1
JK171463,41.767838,-87.66511,5
JK174461,41.865383,-87.71783,4
JK179992,41.754593,-87.74153,3
JK202780,41.952576,-87.66116,1
JK216845,41.772705,-87.57403,7
JK179720,41.761127,-87.62807,5
JK199470,41.76301,-87.55957,7
JK236039,41.889416,-87.631065,2
JK185127,41.936424,-87.685555,1
JK176960,41.939224,-87.716606,0
JK148185,41.691788,-87.67972,6
JK202938,41.909664,-87.74273,0
JK202906,41.787514,-87.70461,3
JK214010,41.979984,-87.7702,0
JK213505,41.90365,-87.6474,2
JK238221,41.68042,-87.66244,6
JK209536,41.664413,-87.62822,6
JK210389,41.89365,-87.75929,0
JK158566,41.87425,-87.62921,2
JK175967,41.777676,-87.74227,3
JK179101,41.76874,-87.71626,3
JK210243,41.890648,-87.71861,0
JK177061,41.653587,-87.61854,6
JK145706,41.847553,-87.702675,4
JK233669,41.91677,-87.70526,0
JK168853,41.820103,-87.69276,3
JK148887,41.89919,-87.62565,2
JK148591,41.89195,-87.62966,2
JK168218,41.928513,-87.69182,1
JK174915,41.75581,-87.60287,5
JK230467,41.883045,-87.68285,4
JK185150,41.80204,-87.620346,5
JK225944,41.721195,-87.664024,6
JK204365,41.79519,-87.588005,5
JK227973,41.898,-87.73234,0
JK233209,41.869526,-87.725296,4
JK225577,41.746,-87.55036,7
JK183706,41.960102,-87.637474,1
JK185221,41.884964,-87.64979,4
JK233331,41.820255,-87.60039,2
JK214927,41.9005,-87.63772,2
JK171238,41.867428,-87.62627,2
JK233692,41.92639,-87.70303,0
JK158900,41.810802,-87.60392,5
JK212009,41.887684,-87.7749,0
JK200862,41.802063,-87.61864,5
JK224449,41.88193,-87.702194,4
JK187815,41.733383,-87.631874,6
JK214454,41.964382,-87.881134,0
JK182582,41.945866,-87.767914,0
JK169265,41.883205,-87.63335,2
JK205114,41.866302,-87.714264,4
JK221030,41.758587,-87.60508,5
JK163548,41.963467,-87.7413,0
JK173439,41.905373,-87.65975,1
JK215130,41.82388,-87.61345,2
JK204297,41.750843,-87.58947,7
JK152048,41.88322,-87.62592,2
JK192275,41.76329,-87.59006,7
JK201860,41.863377,-87.656456,4
JK230057,41.89445,-87.7114,0
JK152156,41.788734,-87.73757,3
JK200333,41.867188,-87.71647,4
JK204047,41.845036,-87.63549,2
JK165827,41.90993,-87.772736,0
JK172322,41.879875,-87.6848,4
JK183905,41.95362,-87.73041,0
JK151891,41.726322,-87.63216,6
JK223915,41.794174,-87.703575,3
JK141334,41.955112,-87.67758,1
JK153722,41.87661,-87.62765,2
JK158745,41.968464,-87.70768,1
JK227941,41.7421,-87.543,7
JK227830,41.88461,-87.73188,4
JK167880,41.86697,-87.65844,4
JK204761,41.869446,-87.74486,4
JK168804,41.906597,-87.65983,1
JK174515,41.90394,-87.72633,0
JK203281,41.910675,-87.649185,1
JK184803,41.771515,-87.58521,7
JK236138,41.91141,-87.74979,0
JK150365,41.7897,-87.687584,3
JK226528,41.881016,-87.70243,4
JK208573,41.93543,-87.7834,0
JK174206,41.961872,-87.64814,1
JK193715,41.69751,-87.61106,6
JK171155,41.7887,-87.60496,5
JK220434,41.860153,-87.73111,4
JK199650,41.76726,-87.5751,7
JK170486,41.823196,-87.66176,3
JK212108,41.65814,-87.61367,6
JK179453,41.753204,-87.73041,3
JK219628,41.85726,-87.64663,2
JK225573,41.97432,-87.75654,0
JK164688,41.878582,-87.74633,4
JK182353,41.988857,-87.78399,0
JK151188,41.799313,-87.64529,3
JK192798,41.789474,-87.7108,3
JK214447,41.95483,-87.71158,1
JK146270,41.793068,-87.67184,3
JK233266,41.8318,-87.61698,2
JK203052,41.793198,-87.66578,3
JK154950,41.84993,-87.706825,4
JK235416,41.734806,-87.6063,7
JK237006,41.897987,-87.72986,0
JK226636,41.94679,-87.65619,1
JK220426,41.767414,-87.589485,7
JK143352,41.78307,-87.66727,3
JK218846,41.7866,-87.620636,5
JK159978,41.966053,-87.65789,1
JK226463,41.79986,-87.62098,5
JK223547,41.87714,-87.72153,4
JK182578,41.73755,-87.60485,7
JK153264,41.896526,-87.67952,4
JK209518,41.788246,-87.6223,5
JK170163,41.78295,-87.60436,5
JK141387,41.878475,-87.63521,2
JK161414,41.897022,-87.62978,2
JK185838,41.7844,-87.663124,3
JK151040,41.9254,-87.652336,1
JK220635,41.72759,-87.58502,7
JK194911,41.87661,-87.758545,0
JK156135,41.74404,-87.65478,5
JK187761,41.7802,-87.68733,3
JK153556,41.904137,-87.74925,0
JK224726,41.785778,-87.66559,3
JK214431,41.91024,-87.69485,4
JK155856,41.792522,-87.70721,3
JK215073,41.868904,-87.65674,4
JK221982,41.79451,-87.60622,5
JK221255,41.90986,-87.63855,2
JK198676,41.693203,-87.62312,6
JK210093,41.77311,-87.586296,7
JK168561,41.769924,-87.63727,5
JK170642,41.911552,-87.770355,0
JK214665,41.745388,-87.545494,7
JK188212,41.87418,-87.667854,4
JK186927,41.876587,-87.62873,2
JK228135,41.79143,-87.65966,3
JK196654,41.930897,-87.697586,0
JK166084,41.893444,-87.77009,0
JK164492,41.8849,-87.650955,4
JK187783,41.8402,-87.70368,4
JK178125,41.897873,-87.71395,0
JK163140,41.88133,-87.73059,4
JK187023,41.871883,-87.68619,4
JK237380,41.943733,-87.6407,1
JK213927,41.87231,-87.742874,4
JK154774,41.72826,-87.61854,7
JK186066,41.746437,-87.68435,3
JK200999,41.859833,-87.72987,4
JK193376,41.802593,-87.6563,3
JK193265,41.90396,-87.62748,2
JK198719,41.893223,-87.63153,2
JK225682,41.852127,-87.6789,4
JK191031,41.8124,-87.619675,2
JK213535,41.906517,-87.77309,0
JK194184,41.815845,-87.62301,2
JK212542,41.893456,-87.61702,2
JK173133,41.88118,-87.620804,2
JK199290,41.88214,-87.77231,0
JK149351,41.877598,-87.68203,4
JK184832,41.882065,-87.627495,2
JK230628,41.77827,-87.75048,3
JK213226,41.801167,-87.75276,3
JK202079,41.746815,-87.60511,7
JK168867,41.81351,-87.70519,3
JK224487,41.940613,-87.65656,1
JK141852,41.946457,-87.72122,0
JK228101,41.93696,-87.75038,0
JK228254,41.8923,-87.77505,0
JK183612,41.76493,-87.57627,7
JK219589,41.87103,-87.67637,4
JK166863,41.91105,-87.678505,1
JK169440,41.910156,-87.70383,0
JK166942,41.93426,-87.72337,0
JK210725,41.75565,-87.63442,5
JK142595,41.804718,-87.61948,5
JK182938,41.7515,-87.58523,7
JK207025,41.882538,-87.62785,2
JK185560,41.933636,-87.63931,1
JK206918,41.683937,-87.72174,6
JK159046,41.815903,-87.62302,2
JK203978,41.72723,-87.66525,6
JK164297,41.936615,-87.729576,0
JK210222,41.903477,-87.63143,2
JK187930,41.6926,-87.621635,6
JK200242,41.703938,-87.53045,7
JK204788,41.722363,-87.583824,7
JK235259,41.859905,-87.72621,4
JK209723,41.91165,-87.68237,1
JK164727,41.678078,-87.61935,6
JK221799,41.862988,-87.70375,4
JK219045,41.75958,-87.655014,5
JK201643,41.90649,-87.64018,2
JK168404,41.89457,-87.72239,0
JK160955,41.85031,-87.67908,4
JK225902,41.94032,-87.64441,1
JK228187,41.689037,-87.66768,6
JK204214,41.836643,-87.6584,2
JK225762,41.968155,-87.702866,1
JK233985,41.797012,-87.599686,5
JK179368,41.880123,-87.64731,4
JK154776,41.877586,-87.68304,4
JK201824,41.883244,-87.73586,4
JK170213,41.91341,-87.63744,2
JK217272,41.993977,-87.71321,1
JK170582,41.93758,-87.69659,0
JK156627,41.90332,-87.66919,1
JK221605,41.883472,-87.74661,4
JK186787,41.679615,-87.64314,6
JK230651,41.751453,-87.624565,5
JK165008,41.75901,-87.5645,7
JK203923,41.844112,-87.62845,2
JK200005,41.87352,-87.71848,4
JK152407,41.987377,-87.71633,1
JK210168,41.67977,-87.62916,6
JK193955,41.884777,-87.637054,2
JK203145,41.888954,-87.714905,0
JK183736,41.77335,-87.58476,7
JK159494,41.717644,-87.57401,7
JK178903,41.74614,-87.66697,5
JK169974,41.824547,-87.633064,2
JK158563,41.851048,-87.708885,4
JK174446,41.78683,-87.68245,3
JK187509,41.953438,-87.74626,0
JK183451,41.898373,-87.62504,2
JK152807,41.872643,-87.71628,4
JK230499,41.923447,-87.698235,0
JK189884,41.851406,-87.73383,4
JK197935,41.975773,-87.7051,1
JK176079,41.81603,-87.723885,3
JK150892,41.731094,-87.54695,7
JK165258,41.966187,-87.73212,1
JK172198,41.6961,-87.69981,6
JK212490,41.879955,-87.68004,4
JK148792,41.769867,-87.64453,5
JK156598,41.95566,-87.7732,0
JK152195,41.910625,-87.668,1
JK142864,41.866135,-87.65735,4
JK207071,41.889202,-87.617615,2
JK181416,41.781475,-87.60109,5
JK224634,41.748074,-87.656105,5
JK182159,41.80438,-87.58478,5
JK168176,41.76785,-87.5665,7
JK230273,41.71584,-87.61399,6
JK148271,41.91755,-87.759254,0
JK197096,41.878635,-87.68313,4
JK190940,41.917446,-87.787704,0
JK164927,41.771797,-87.69493,3
JK145117,41.97576,-87.70678,1
JK186870,41.84458,-87.701805,4
JK233510,41.903816,-87.68828,4
JK219381,41.773006,-87.575264,7
JK145096,41.935844,-87.743126,0
JK161490,41.69096,-87.68728,6
JK184794,41.874783,-87.76027,0
JK192056,41.74351,-87.70344,3
JK224245,41.799217,-87.7808,3
JK229259,41.871887,-87.70424,4
JK146642,41.802654,-87.65874,3
JK167703,41.76238,-87.59016,7
JK214314,41.77854,-87.67511,3
JK149630,41.74739,-87.703545,3
JK216836,41.894947,-87.75489,0
JK158042,41.950565,-87.67464,1
JK158807,41.891693,-87.62615,2
JK149938,41.78516,-87.620605,5
JK181243,41.945885,-87.65546,1
JK206869,41.765358,-87.673546,5
JK143045,41.804756,-87.61948,5
JK150230,41.85519,-87.62387,2
JK180648,41.858597,-87.67433,4
JK156969,41.893948,-87.63753,2
JK175955,41.737366,-87.552246,7
JK146541,41.84162,-87.617195,2
JK178167,41.920372,-87.787994,0
JK232711,41.958473,-87.65088,1
JK228950,41.812572,-87.613914,2
JK208488,41.886753,-87.65138,4
JK183575,41.749382,-87.72516,3
JK198767,41.842075,-87.71107,4
JK236425,41.84698,-87.68222,4
JK217287,41.90942,-87.76199,0
JK182758,41.936295,-87.65271,1
JK151258,41.839443,-87.64389,2
JK230826,41.79359,-87.64271,3
JK149744,41.92608,-87.64965,1
JK213510,41.90971,-87.677444,1
JK199667,41.894264,-87.61668,2
JK182471,41.902718,-87.72063,0
JK226471,41.88291,-87.694824,4
JK215955,41.86818,-87.709274,4
JK219704,41.900013,-87.73608,0
JK159652,41.924915,-87.68639,1
JK142915,41.866135,-87.65735,4
JK214766,41.798256,-87.69515,3
JK195140,41.86854,-87.63924,2
JK207826,41.756054,-87.55242,7
JK156132,41.777363,-87.647156,5
JK197439,41.740917,-87.631966,5
JK182732,41.932785,-87.64571,1
JK161632,41.77449,-87.62276,5
JK207688,41.85751,-87.66131,4
JK234539,41.778046,-87.6004,5
JK233751,41.97063,-87.65971,1
JK232472,41.75034,-87.63672,5
JK167210,41.727455,-87.59249,7
JK206906,41.79519,-87.588005,5
JK228761,41.73626,-87.62807,6
JK226848,41.815365,-87.67122,3
JK147466,41.931873,-87.720505,0
JK168485,41.969067,-87.72316,1
JK204029,41.755154,-87.63279,5
JK184334,41.77868,-87.6642,3
JK235056,41.922928,-87.7696,0
JK229931,41.709023,-87.56332,7
JK227462,41.81509,-87.702614,3
JK196672,41.750782,-87.62582,5
JK204251,41.764347,-87.5752,7
JK198130,41.78529,-87.76725,3
JK155590,41.72392,-87.66365,6
JK185110,41.90237,-87.765656,0
JK154226,41.810223,-87.70992,3
JK222993,41.84282,-87.66047,2
JK186147,41.781265,-87.72772,3
JK175734,41.969685,-87.674194,1
JK157672,41.75231,-87.654305,5
JK155170,41.94594,-87.66884,1
JK158860,41.717216,-87.6431,6
JK217355,41.784786,-87.61897,5
JK171249,41.89568,-87.77082,0
JK183230,41.79949,-87.5935,5
JK160762,41.744503,-87.651146,5
JK180760,41.935394,-87.652435,1
JK232847,41.814163,-87.618286,2
JK192496,41.765736,-87.58059,7
JK235390,41.74254,-87.65353,5
JK150724,41.88487,-87.75401,0
JK203587,41.899498,-87.72376,0
JK169797,41.78295,-87.60436,5
JK163559,41.968765,-87.68866,1
JK175590,41.86333,-87.71533,4
JK164816,41.90938,-87.666435,1
JK204393,41.83577,-87.637695,2
JK156068,41.96858,-87.693054,1
JK229833,41.8795,-87.62676,2
JK178972,41.90991,-87.676735,1
JK216421,41.803444,-87.61007,5
JK159251,41.967808,-87.67257,1
JK148575,41.863464,-87.65223,4
JK154282,41.92062,-87.68683,1
JK212320,41.869637,-87.633484,2
JK169157,41.881943,-87.63419,2
JK211118,41.749477,-87.66463,5
JK144839,41.830532,-87.610275,2
JK212178,41.763443,-87.60917,5
JK217906,41.8835,-87.62788,2
JK227472,41.729755,-87.655594,6
JK210552,41.72209,-87.555214,7
JK226687,41.964695,-87.71967,1
JK169730,41.71861,-87.551025,7
JK167711,41.82502,-87.66553,3
JK169020,41.77021,-87.641716,5
JK153094,41.656437,-87.54351,7
JK175240,41.720455,-87.65897,6
JK189916,41.877472,-87.67822,4
JK169329,41.830013,-87.67827,3
JK210653,41.90734,-87.71011,0
JK226977,41.75355,-87.56575,7
JK144372,41.870922,-87.709366,4
JK207781,41.78655,-87.63278,5
JK236063,41.949005,-87.65687,1
JK169649,41.74649,-87.681915,3
JK207418,41.89132,-87.68794,4
JK173998,41.795525,-87.75258,3
JK204607,41.88072,-87.72628,4
JK208481,41.96338,-87.67181,1
JK233711,41.86822,-87.66405,4
JK235775,41.79956,-87.61772,5
JK199839,41.91107,-87.64145,2
JK199359,41.743523,-87.633064,5
JK188240,41.9711,-87.66775,1
JK159441,41.97537,-87.744026,0
JK200158,41.902756,-87.67115,1
JK144757,41.88322,-87.62665,2
JK234967,41.859837,-87.70297,4
JK148928,41.929386,-87.70789,0
JK196588,41.878555,-87.664345,4
JK229444,41.903854,-87.736176,0
JK170801,41.871704,-87.696045,4
JK219527,41.809296,-87.591965,5
JK199109,41.778675,-87.80097,3
JK152743,41.892624,-87.704,0
JK198290,41.944145,-87.6809,1
JK160818,41.81488,-87.61341,2
JK207470,41.794827,-87.580444,5
JK235372,41.76807,-87.616936,5
JK214409,41.761726,-87.56482,7
JK236015,41.879955,-87.68004,4
JK153434,41.8366,-87.61677,2
JK180957,41.754257,-87.58447,7
JK158537,41.910072,-87.65311,1
JK219857,41.67516,-87.63701,6
JK170193,41.90985,-87.6687,1
JK168584,41.8366,-87.61677,2
JK196864,41.879032,-87.63695,2
JK153973,41.925842,-87.70234,0
JK194303,41.851757,-87.70595,4
JK148533,41.886345,-87.77486,0
JK148918,41.812355,-87.631096,2
JK176113,41.798775,-87.65378,3
JK229368,41.878136,-87.63206,2
JK221984,41.893223,-87.63153,2
JK175476,41.773067,-87.60985,5
JK210693,41.75988,-87.57368,7
JK213704,41.7799,-87.63583,5
JK156419,41.953438,-87.74626,0
JK154614,41.697685,-87.61716,6
JK204400,41.84458,-87.701805,4
JK218599,41.780575,-87.57673,7
JK180382,41.860374,-87.71281,4
JK174182,41.80143,-87.62101,5
JK155143,41.909637,-87.7453,0
JK186361,41.97555,-87.656395,1
JK166611,41.767048,-87.5751,7
JK199719,41.895527,-87.70923,0
JK200887,41.908432,-87.63851,2
JK160005,41.742588,-87.57031,7
JK202474,41.782547,-87.64094,5
JK171216,41.844025,-87.62692,2
JK186295,41.928978,-87.73315,0
JK216931,41.893646,-87.63118,2
JK166384,41.77791,-87.60953,5
JK157199,41.771763,-87.64324,5
JK206558,41.935337,-87.65515,1
JK194602,41.887222,-87.66081,4
JK227669,41.786144,-87.70997,3
JK197020,41.708096,-87.564995,7
JK162615,41.88515,-87.65212,4
JK232949,41.818825,-87.68471,3
JK237348,41.77676,-87.78242,3
JK196600,41.779675,-87.716034,3
JK241767,41.966393,-87.65354,1
JK213826,41.6956,-87.622,6
JK163794,41.880703,-87.630226,2
JK142343,41.77993,-87.591484,7
JK229191,41.881348,-87.67452,4
JK227342,41.90314,-87.63445,2
JK170192,41.8861,-87.769966,0
JK158105,41.890366,-87.62667,2
JK157552,41.909637,-87.71189,0
JK144192,41.7826,-87.665504,3
JK207103,41.669735,-87.63442,6
JK223039,41.895794,-87.76182,0
JK190117,41.907673,-87.67324,1
JK224356,41.896515,-87.735985,0
JK168237,41.85286,-87.624855,2
JK156156,41.901318,-87.75085,0
JK207586,41.900772,-87.62682,2
JK160666,41.907467,-87.692055,4
JK221228,41.749424,-87.66584,5
JK209960,41.757565,-87.62636,5
JK207220,41.749332,-87.5577,7
JK203097,41.753235,-87.66027,5
JK184947,41.887905,-87.62556,2
JK202545,41.88131,-87.76157,0
JK179060,41.88465,-87.627914,2
JK171587,41.86711,-87.64956,4
JK202043,41.883476,-87.62788,2
JK149635,41.692547,-87.699646,6
JK211530,41.885326,-87.63392,2
JK149293,41.777725,-87.73982,3
JK183751,41.90581,-87.76142,0
JK224196,41.881336,-87.75632,0
JK185270,41.657883,-87.537476,7
JK210021,41.712437,-87.65572,6
JK141304,41.930042,-87.766205,0
JK194540,41.87006,-87.704506,4
JK213066,41.89284,-87.61772,2
JK185363,41.900368,-87.6283,2
JK166497,41.883118,-87.64905,4
JK141507,41.85989,-87.622375,2
JK142605,41.882,-87.72928,4
JK162349,41.86057,-87.627266,2
JK191973,41.814346,-87.72383,3
JK182939,41.68706,-87.62941,6
JK225946,41.997177,-87.6862,1
JK235306,41.8835,-87.62788,2
JK179224,41.930904,-87.64402,1
JK141285,41.95785,-87.67539,1
JK213558,41.886127,-87.64132,4
JK198428,41.961105,-87.71488,1
JK197202,41.989243,-87.66512,1
JK205657,41.68095,-87.62275,6
JK182393,41.946648,-87.70209,1
JK201956,41.67536,-87.634605,6
JK147699,41.937057,-87.69776,0
JK228181,41.887794,-87.76725,0
JK191991,41.902718,-87.75578,0
JK164626,41.783142,-87.62055,5
JK185538,41.9249,-87.68795,1
JK140860,41.770996,-87.69922,3
JK224257,41.84173,-87.643036,2
JK211005,41.900673,-87.6638,1
JK214295,41.891026,-87.6191,2
JK232998,41.79498,-87.66826,3
JK199855,41.689533,-87.66296,6
JK235752,41.697403,-87.64741,6
JK208327,41.912704,-87.705734,0
JK217241,41.725887,-87.65914,6
JK211434,41.788788,-87.622314,5
JK217001,41.90437,-87.63146,2
JK205971,41.866184,-87.724464,4
JK171108,41.821472,-87.603516,2
JK173009,41.86681,-87.62582,2
JK191508,41.751163,-87.6122,7
JK236074,41.747387,-87.585884,7
JK190901,41.877823,-87.65518,4
JK177538,41.760067,-87.55666,7
JK206297,41.74577,-87.55764,7
JK148742,41.874496,-87.71432,4
JK157357,41.900448,-87.75249,0
JK173256,41.83854,-87.6096,2
JK142344,41.80417,-87.65606,3
JK176138,41.87777,-87.65817,4
JK211611,41.677284,-87.64189,6
JK160483,41.895733,-87.68778,4
JK233829,41.750065,-87.55488,7
JK213281,41.76085,-87.65037,5
JK217104,41.89945,-87.68303,4
JK162473,41.93186,-87.64085,1
JK229455,41.865547,-87.719505,4
JK197494,41.84113,-87.657104,2
JK221244,41.878513,-87.766426,0
JK193300,41.809124,-87.631905,2
JK206211,41.963627,-87.653336,1
JK215581,41.917603,-87.73634,0
JK189566,41.78655,-87.62225,5
JK207709,41.77675,-87.67143,3
JK149048,41.768097,-87.66388,5
JK216787,41.874496,-87.71722,4
JK188117,41.735435,-87.64728,5
JK195851,41.717686,-87.53837,7
JK150643,41.901596,-87.72505,0
JK186580,41.892815,-87.62419,2
JK211850,41.778606,-87.72678,3
JK213196,41.877823,-87.65518,4
JK196496,41.83228,-87.64857,2
JK226941,41.977055,-87.65643,1
JK236294,41.74865,-87.62576,5
JK215378,41.854855,-87.651474,4
JK235213,41.795147,-87.671906,3
JK141219,41.908916,-87.65105,1
JK194126,41.896183,-87.62035,2
JK142551,41.87395,-87.631676,2
JK175159,41.867214,-87.642555,2
JK162348,41.855255,-87.65256,4
JK215392,41.873577,-87.76462,0
JK145786,41.924297,-87.74216,0
JK150502,41.85773,-87.63597,2
JK217976,41.882717,-87.766594,0
JK179237,41.803673,-87.70385,3
JK180193,41.722546,-87.56896,7
JK232223,41.8029,-87.60642,5
JK185483,41.743206,-87.654274,5
JK206264,41.79045,-87.61749,5
JK197159,41.816196,-87.64489,2
JK223542,41.894077,-87.677864,4
JK176973,41.92683,-87.75932,0
JK167838,41.844326,-87.718796,4
JK207644,41.963444,-87.66698,1
JK141175,41.885376,-87.74384,0
JK198454,41.70952,-87.52633,7
JK163839,41.864697,-87.71293,4
JK150862,41.775562,-87.64711,5
JK189293,41.79443,-87.59032,5
JK164896,41.892757,-87.708916,0
JK198810,41.78049,-87.78381,3
JK175306,41.907093,-87.74853,0
JK214289,41.888165,-87.62294,2
JK189219,41.952473,-87.64428,1
JK234902,41.785194,-87.645645,3
JK195926,41.735855,-87.65874,6
JK177348,41.75604,-87.556725,7
JK176020,41.783173,-87.73877,3
JK149415,41.784733,-87.60441,5
JK182589,41.692833,-87.60432,6
JK174773,41.750954,-87.63419,5
JK169409,41.740314,-87.5685,7
JK141618,41.879234,-87.624344,2
JK209384,41.76928,-87.56823,7
JK143775,41.85463,-87.67591,4
JK155232,41.837082,-87.643814,2
JK221775,41.86335,-87.72509,4
JK151537,41.940926,-87.66385,1
JK201200,41.878555,-87.748314,4
JK166915,41.727585,-87.66283,6
JK207143,41.87654,-87.62925,2
JK233005,41.827156,-87.62167,2
JK141922,41.92476,-87.702896,0
JK216008,41.89594,-87.74707,0
JK195431,41.776794,-87.6042,5
JK214679,41.75193,-87.64407,5
JK176620,41.730663,-87.61438,7
JK142876,41.903774,-87.63932,2
JK221144,41.74585,-87.65968,5
JK193649,41.86703,-87.728836,4
JK190157,41.713406,-87.634544,6
JK148029,41.83446,-87.68523,4
JK180959,41.781616,-87.61566,5
JK172431,41.921906,-87.64264,1
JK223859,41.953526,-87.738365,0
JK156877,41.866287,-87.71573,4
JK212728,41.849045,-87.70883,4
JK199603,41.969036,-87.65913,1
JK164078,41.953438,-87.74626,0
JK199629,41.87692,-87.73909,4
JK170030,41.841984,-87.722046,4
JK229023,41.883587,-87.65669,4
JK200600,41.74441,-87.64386,5
JK218793,41.96666,-87.704185,1
JK218037,41.967945,-87.7543,0
JK155991,41.75975,-87.61028,5
JK142699,41.89347,-87.632645,2
JK155245,41.854733,-87.72972,4
JK197047,41.90465,-87.70815,0
JK160615,41.93768,-87.684296,1
JK234106,41.736664,-87.551414,7
JK218131,41.805126,-87.608894,5
JK165537,41.655426,-87.61672,6
JK179151,41.718296,-87.55102,7
JK220957,41.90286,-87.77054,0
JK178765,41.85102,-87.61896,2
JK182059,41.69751,-87.61106,6
JK202097,41.867207,-87.64309,2
JK223368,41.890324,-87.65461,4
JK154310,41.94323,-87.67728,1
JK190156,41.749683,-87.66585,5
JK163801,41.8021,-87.587746,5
JK222949,41.974453,-87.72577,1
JK229828,41.766632,-87.61286,5
JK195627,41.907013,-87.721565,0
JK204395,41.689007,-87.61914,6
JK226942,41.73875,-87.63883,5
JK168966,41.94813,-87.64951,1
JK213364,41.793148,-87.65727,3
JK233636,41.890083,-87.70517,0
JK201442,41.99721,-87.72321,1
JK183906,41.953472,-87.74355,0
JK230400,41.869003,-87.68429,4
JK201218,41.907925,-87.64819,1
JK189692,41.80158,-87.61576,5
JK174497,41.718773,-87.65288,6
JK200751,41.947296,-87.65116,1
JK205111,41.88524,-87.69394,4
JK227072,41.729618,-87.55125,7
JK188986,41.764683,-87.66379,5
JK177431,41.86964,-87.71552,4
JK157825,41.88916,-87.634445,2
JK158835,41.795216,-87.58501,5
JK165757,41.774395,-87.598495,7
JK140946,41.89399,-87.75434,0
JK162775,41.953644,-87.72801,0
JK197376,41.9975,-87.67044,1
JK176521,41.92556,-87.64192,1
JK219805,41.959923,-87.64986,1
JK155974,41.65585,-87.595764,6
JK177697,41.876587,-87.62873,2
JK195046,41.952797,-87.68357,1
JK198201,41.951427,-87.65991,1
JK186306,41.88797,-87.62166,2
JK210932,41.750954,-87.62466,5
JK195380,41.766155,-87.641975,5
JK161014,41.887142,-87.62455,2
JK153444,41.778877,-87.70884,3
JK236837,41.771633,-87.64822,5
JK216816,41.874958,-87.7463,4
JK165703,41.89949,-87.618866,2
JK198116,41.805264,-87.5865,5
JK232893,41.83421,-87.623314,2
JK190695,41.94145,-87.78619,0
JK143119,41.75314,-87.66026,5
JK181769,41.907673,-87.651436,1
JK231000,41.869114,-87.656746,4
JK157054,41.91115,-87.63598,2
JK156540,41.678566,-87.62052,6
JK148828,41.88446,-87.63646,2
JK170561,41.87188,-87.673836,4
JK200740,41.892292,-87.675514,4
JK196159,41.980038,-87.77025,0
JK180799,41.896713,-87.62534,2
JK166845,41.90111,-87.76804,0
JK199931,41.925415,-87.71213,0
JK175623,41.759747,-87.59204,7
JK157741,41.84949,-87.70029,4
JK182903,41.852123,-87.62548,2
JK208395,41.85786,-87.66226,4
JK178616,41.783817,-87.58848,7
JK193977,41.90324,-87.67415,1
JK153196,41.899998,-87.73854,0
JK229818,41.972477,-87.72694,1
JK212310,41.766655,-87.6282,5
JK182220,41.881218,-87.73059,4
JK226539,41.917534,-87.754616,0
JK156970,41.767445,-87.586365,7
JK226266,41.98403,-87.7004,1
JK166102,41.880936,-87.70916,4
JK172803,41.765224,-87.61041,5
JK190105,41.885384,-87.70727,4
JK147178,41.95827,-87.75731,0
JK173348,41.73203,-87.608536,7
JK234323,41.88247,-87.627846,2
JK142833,41.876167,-87.7265,4
JK235538,41.706486,-87.61497,6
JK244044,41.713467,-87.621635,6
JK230966,41.94008,-87.64237,1
JK182508,41.885662,-87.7534,0
JK169910,41.796326,-87.60386,5
JK234038,41.772514,-87.60819,5
JK198393,41.894936,-87.68076,4
JK166847,41.74557,-87.692505,3
JK232870,41.919834,-87.71032,0
JK210157,41.909664,-87.74273,0
JK155310,41.861874,-87.65653,4
JK185166,41.91026,-87.73245,0
JK153017,41.928234,-87.68208,1
JK161840,41.751827,-87.559235,7
JK163406,41.768772,-87.587555,7
JK218509,41.947693,-87.72744,0
JK169903,41.997826,-87.684265,1
JK205835,41.92386,-87.66753,1
JK178672,41.931587,-87.6471,1
JK235024,41.852882,-87.63553,2
JK231764,41.717884,-87.56986,7
JK217518,41.941044,-87.734634,0
JK192577,41.80861,-87.62282,5
JK165717,41.69464,-87.65217,6
JK219885,41.856186,-87.62717,2
JK171656,41.93842,-87.712456,0
JK231577,41.702793,-87.62697,6
JK144485,41.851562,-87.723885,4
JK187384,41.86978,-87.6849,4
JK232905,41.914253,-87.715065,0
JK192596,41.851852,-87.69941,4
JK164576,41.84086,-87.62685,2
JK191240,41.75331,-87.65018,5
JK189537,41.96489,-87.65478,1
JK204312,41.968765,-87.68866,1
JK177084,41.810257,-87.62286,5
JK168729,41.775852,-87.609474,5
JK234779,41.86697,-87.65844,4
JK173966,41.89491,-87.758766,0
JK178359,41.882706,-87.75516,0
JK190327,41.908554,-87.70942,0
JK200629,41.89785,-87.722496,0
JK187330,41.77931,-87.67435,3
JK154374,41.881718,-87.62776,2
JK236217,41.89543,-87.719666,0
JK213467,41.69713,-87.62438,6
JK171417,41.77408,-87.60579,5
JK174214,41.930416,-87.762344,0
JK215140,41.854534,-87.72359,4
JK218446,41.967945,-87.75413,0
JK173122,41.99449,-87.69588,1
JK166537,41.691814,-87.63751,6
JK194901,41.868217,-87.630455,2
JK234550,41.880543,-87.64315,4
JK187307,41.837963,-87.61747,2
JK235191,41.86615,-87.72681,4
JK162023,41.875233,-87.62762,2
JK175050,41.896713,-87.62534,2
JK208372,41.99851,-87.694786,1
JK221767,41.943947,-87.64938,1
JK192279,41.751488,-87.642845,5
JK204822,41.75011,-87.64403,5
JK226465,41.83314,-87.61532,2
JK220782,41.96428,-87.66778,1
JK235269,41.797153,-87.67318,3
JK146933,41.742657,-87.63202,5
JK210980,41.882805,-87.70503,4
JK210625,41.92143,-87.75484,0
JK146909,41.86818,-87.709274,4
JK155614,41.938496,-87.816536,0
JK179872,41.6753,-87.631,6
JK215675,41.880962,-87.707085,4
JK198512,41.7813,-87.726494,3
JK147295,41.881184,-87.68498,4
JK146482,41.932953,-87.66842,1
JK212102,41.654854,-87.60756,6
JK195135,41.691597,-87.63391,6
JK157919,41.81159,-87.72048,3
JK148111,41.98288,-87.79144,0
JK152290,41.872456,-87.733925,4
JK145820,41.700035,-87.56319,7
JK149390,41.773052,-87.66892,5
JK204369,41.77124,-87.68586,3
JK204552,41.816017,-87.704285,3
JK172215,41.8892,-87.75784,0
JK155987,41.871532,-87.74493,4
JK192122,41.76752,-87.674706,5
JK175711,41.761894,-87.57496,7
JK233904,41.927708,-87.70725,0
JK220627,41.869408,-87.65734,4
JK231813,41.750935,-87.565,7
JK215102,41.933594,-87.73031,0
JK230012,41.82507,-87.69958,3
JK220906,41.881466,-87.627754,2
JK142731,41.789722,-87.67418,3
JK150003,41.753685,-87.65261,5
JK157849,41.89906,-87.72162,0
JK190218,41.75007,-87.554855,7
JK218715,41.81724,-87.61681,2
JK157010,41.85585,-87.723625,4
JK164283,41.80154,-87.61614,5
JK164575,41.751015,-87.62082,5
JK152222,41.809853,-87.662575,3
JK162620,41.750523,-87.62298,5
JK179221,41.899734,-87.624146,2
JK234102,41.93931,-87.643166,1
JK226048,41.890827,-87.63023,2
JK174278,41.92629,-87.785545,0
JK223407,41.879772,-87.66926,4
JK226091,41.87499,-87.640976,4
JK207216,41.777634,-87.61556,5
JK147146,41.896217,-87.72,0
JK235861,41.996365,-87.69959,1
JK159316,41.88308,-87.65122,4
JK180785,41.953438,-87.74626,0
JK190997,41.75658,-87.70871,3
JK213025,41.754593,-87.74153,3
JK165309,41.8468,-87.62353,2
JK168398,41.879593,-87.63229,2
JK161772,41.830116,-87.64122,2
JK203683,41.685356,-87.619865,6
JK195974,41.720528,-87.65899,6
JK239864,41.759693,-87.58961,7
JK151795,41.884117,-87.699974,4
JK146772,41.87003,-87.708824,4
JK229522,41.853863,-87.634834,2
JK171079,41.747555,-87.66823,5
JK180567,41.952686,-87.8106,0
JK172297,41.75194,-87.55055,7
JK227171,41.843613,-87.70379,4
JK152935,41.769855,-87.5711,7
JK198501,41.91651,-87.67638,1
JK156887,41.695988,-87.59665,6
JK202904,41.777863,-87.61315,5
JK176129,41.751217,-87.68288,3
JK234000,41.72656,-87.608376,7
JK140431,41.967228,-87.71455,1
JK192044,41.74764,-87.60419,7
JK171784,41.747646,-87.60336,7
JK152824,41.974434,-87.78911,0
JK202173,41.774628,-87.69815,3
JK210440,41.78044,-87.60373,5
JK195533,41.837822,-87.735306,4
JK180316,41.87939,-87.63326,2
JK181610,41.95397,-87.69911,1
JK164041,41.779438,-87.708,3
JK173088,41.911343,-87.63471,2
JK228499,41.74888,-87.57837,7
JK213300,41.88548,-87.71434,4
JK201603,41.94071,-87.65129,1
JK146779,41.85827,-87.71153,4
JK178414,41.73693,-87.58439,7
JK150357,41.885902,-87.632454,2
JK190001,41.87516,-87.73405,4
JK213553,41.860134,-87.72378,4
JK162696,41.88556,-87.65365,4
JK162108,41.933407,-87.66246,1
JK196290,41.83981,-87.61714,2
JK199232,41.77548,-87.79095,3
JK191743,41.894073,-87.67826,4
JK233796,41.880913,-87.681526,4
JK172526,41.954037,-87.68683,1
JK231039,41.82961,-87.62394,2
JK182702,41.718117,-87.5618,7
JK169754,41.930473,-87.77473,0
JK235086,41.997227,-87.65844,1
JK194674,41.687225,-87.70067,6
JK212244,41.851578,-87.68073,4
JK231548,41.817417,-87.69133,3
JK223980,41.938446,-87.70347,0
JK224094,41.763695,-87.68933,3
JK214212,41.922752,-87.645,1
JK208466,41.918762,-87.80609,0
JK215341,41.68076,-87.64095,6
JK172868,41.88656,-87.716064,4
JK188470,41.93743,-87.64918,1
JK222672,41.819363,-87.61508,2
JK158456,41.88185,-87.64161,4
JK142870,41.795124,-87.67433,3
JK210967,41.944656,-87.761795,0
JK168368,41.98064,-87.655106,1
JK215309,41.703228,-87.60389,6
JK218848,41.81604,-87.62626,2
JK202386,41.930897,-87.697586,0
JK142549,41.77324,-87.67618,3
JK201450,41.806145,-87.68436,3
JK150582,41.789833,-87.79515,3
JK146462,41.879642,-87.66675,4
JK198033,41.865154,-87.71396,4
JK225555,41.923626,-87.79189,0
JK171229,41.903305,-87.67007,1
JK158013,41.807007,-87.604324,5
JK182087,41.760605,-87.58464,7
JK194913,41.89284,-87.61772,2
JK184337,41.920982,-87.687515,1
JK186585,41.888454,-87.765144,0
JK193363,41.768707,-87.653336,5
JK198969,41.742294,-87.64866,5
JK148379,41.910534,-87.73746,0
JK172697,41.894047,-87.74661,0
JK205085,41.90553,-87.71058,0
JK143026,41.87464,-87.68869,4
JK222862,41.962173,-87.67899,1
JK144403,41.65697,-87.59769,6
JK145492,41.878586,-87.746056,4
JK180241,41.75622,-87.636566,5
JK176094,41.887814,-87.620544,2
JK142521,41.66099,-87.645515,6
JK153896,41.972733,-87.733086,1
JK198612,41.77592,-87.592964,7
JK233649,41.873184,-87.7438,4
JK181954,41.90393,-87.62931,2
JK158403,41.878635,-87.7256,4
JK176891,41.898537,-87.683136,4
JK215379,41.982155,-87.82056,0
JK203472,41.911865,-87.71251,0
JK146455,41.80695,-87.72356,3
JK161786,41.74829,-87.7326,3
JK222220,41.69952,-87.61478,6
JK239569,41.975323,-87.66691,1
JK188404,41.741425,-87.621124,5
JK179775,41.880783,-87.62668,2
JK167803,41.900024,-87.62306,2
JK191924,41.793613,-87.61595,5
JK218346,41.744015,-87.57517,7
JK170862,41.97486,-87.89037,0
JK223889,41.877075,-87.68385,4
JK196869,41.926994,-87.7472,0
JK148746,41.662273,-87.637794,6
JK176777,41.736393,-87.559715,7
JK235942,41.874905,-87.694565,4
JK211281,41.699184,-87.64259,6
JK221529,41.892994,-87.62675,2
JK202154,41.784416,-87.76198,3
JK187211,41.749477,-87.55043,7
JK156246,41.85683,-87.66987,4
JK158353,41.920692,-87.65588,1
JK221875,41.761524,-87.61033,5
JK142926,41.703274,-87.6433,6
JK208647,41.735054,-87.545784,7
JK182213,41.87661,-87.62765,2
JK229880,41.968765,-87.68866,1
JK226901,41.90351,-87.717804,0
JK233370,41.773006,-87.575264,7
JK147795,41.89347,-87.632645,2
JK191632,41.884735,-87.67184,4
JK227406,41.968765,-87.68866,1
JK214857,41.74776,-87.662155,5
JK204352,41.947227,-87.65555,1
JK231606,41.882923,-87.62786,2
JK208749,41.749073,-87.5577,7
JK155360,41.939922,-87.65321,1
JK217789,41.919662,-87.70528,0
JK169545,41.783447,-87.64129,5
JK219721,41.70621,-87.62666,6
JK176892,41.861336,-87.62569,2
JK200267,41.936817,-87.78588,0
JK194815,41.937263,-87.79074,0
JK231452,41.773033,-87.572815,7
JK185225,41.759666,-87.58756,7
JK147734,41.70806,-87.64894,6
JK217328,41.87611,-87.68486,4
JK185415,41.83653,-87.71208,4
JK163425,41.75935,-87.64304,5
JK176831,41.75485,-87.563866,7
JK155106,41.79767,-87.74969,3
JK187472,41.85666,-87.684105,4
JK229272,41.68901,-87.618835,6
JK227898,41.76216,-87.56281,7
JK169927,41.91535,-87.725716,0
JK174328,41.863888,-87.725105,4
JK230712,41.939262,-87.713356,0
JK219698,41.84517,-87.65556,2
JK196456,41.783363,-87.61087,5
JK228416,41.842865,-87.609856,2
JK164976,41.90929,-87.647255,1
JK222239,41.728924,-87.569435,7
JK182602,41.877823,-87.738525,4
JK149256,41.735867,-87.733604,3
JK229626,41.859837,-87.70297,4
JK228255,41.705936,-87.535286,7
JK162229,41.939262,-87.713356,0
JK194708,41.88323,-87.76496,0
JK157144,41.764523,-87.693855,3
JK213446,41.90362,-87.64897,2
JK164539,41.737488,-87.61293,7
JK169786,41.891403,-87.62806,2
JK188068,41.75991,-87.63387,5
JK192502,41.748714,-87.6088,7
JK156896,41.873184,-87.7438,4
JK179001,41.895878,-87.706566,0
JK203715,41.94045,-87.651085,1
JK230059,41.698063,-87.69988,6
JK142599,41.75981,-87.64007,5
JK146890,41.94045,-87.651085,1
JK161267,41.94356,-87.654785,1
JK230853,41.893623,-87.716705,0
JK146363,41.84392,-87.62692,2
JK225443,41.956917,-87.67726,1
JK163372,41.85271,-87.70894,4
JK227991,41.86968,-87.71065,4
JK185863,41.913235,-87.66776,1
JK144477,41.946335,-87.76677,0
JK158856,41.760426,-87.6038,5
JK168009,41.93692,-87.67164,1
JK196885,41.895035,-87.74421,0
JK197424,41.75148,-87.66468,5
JK212412,41.92508,-87.67374,1
JK180516,41.727665,-87.6446,6
JK165982,41.75757,-87.60536,5
JK226109,41.86622,-87.72182,4
JK174586,41.69257,-87.6244,6
JK178440,41.89226,-87.74701,0
JK221349,41.879414,-87.75249,4
JK164614,41.90674,-87.725204,0
JK182142,41.847927,-87.64502,2
JK184350,41.69191,-87.63873,6
JK161849,41.989914,-87.80915,0
JK155440,41.81988,-87.60679,2
JK192236,41.97274,-87.709816,1
JK189220,41.980038,-87.77025,0
JK208038,41.88243,-87.627846,2
JK147139,41.963436,-87.71811,1
JK225999,41.87003,-87.708824,4
JK153103,41.89429,-87.66495,1
JK179952,41.949352,-87.67369,1
JK212693,41.73137,-87.669075,6
JK216600,41.89737,-87.70042,4
JK156683,41.794174,-87.703575,3
JK212609,41.839115,-87.64631,2
JK180604,41.968876,-87.73175,1
JK219913,41.854652,-87.71021,4
JK159854,41.808834,-87.61658,5
JK165685,41.90074,-87.63284,2
JK216896,41.762962,-87.657295,5
JK186541,41.71801,-87.65799,6
JK193504,41.782383,-87.70323,3
JK203856,41.95318,-87.76731,0
JK151937,41.777622,-87.605865,5
JK157279,41.752403,-87.60278,7
JK234840,41.7621,-87.685616,3
JK179937,41.767887,-87.62684,5
JK148880,41.940517,-87.65412,1
JK233694,41.90269,-87.64064,2
JK185493,41.915295,-87.730484,0
JK224276,41.895996,-87.62549,2
JK204007,41.900864,-87.72411,0
JK210564,41.678677,-87.67895,6
JK167822,41.880352,-87.65564,4
JK204174,41.96592,-87.65781,1
JK213393,41.753567,-87.564644,7
JK156852,41.926277,-87.74268,0
JK194443,41.916073,-87.7253,0
JK152152,41.76421,-87.68323,3
JK220198,41.83135,-87.67161,3
JK152893,41.99484,-87.74834,0
JK155917,41.992786,-87.688515,1
JK182280,41.8836,-87.65767,4
JK230650,41.90182,-87.63307,2
JK233233,41.868217,-87.630455,2
JK164907,41.76312,-87.621635,5
JK202829,41.92002,-87.717834,0
JK237437,41.770042,-87.63727,5
JK232072,41.773384,-87.58199,7
JK189820,41.87941,-87.63134,2
JK179414,41.880108,-87.64731,4
JK198020,41.94613,-87.67005,1
JK198305,41.760883,-87.65724,5
JK200875,41.92288,-87.63976,1
JK209368,41.890648,-87.71861,0
JK193279,41.809124,-87.631905,2
JK196764,41.926716,-87.68802,1
JK215780,41.909454,-87.75945,0
JK175383,41.78649,-87.62225,5
JK202953,41.96214,-87.69238,1
JK230323,41.88049,-87.745964,4
JK202135,41.85751,-87.66131,4
JK181254,41.89382,-87.773315,0
JK181253,41.77055,-87.72865,3
JK228562,41.683937,-87.72183,6
JK233970,41.765217,-87.56893,7
JK231523,41.654556,-87.61588,6
JK215273,41.65917,-87.54909,7
JK201772,41.92367,-87.7863,0
JK198564,41.844246,-87.69465,4
JK195331,41.73717,-87.65824,6
JK205070,41.813553,-87.67117,3
JK236945,41.77943,-87.66582,3
JK233672,41.745266,-87.60016,7
JK174897,41.872818,-87.7019,4
JK196494,41.88197,-87.631775,2
JK239410,41.964462,-87.661,1
JK204613,41.776833,-87.68358,3
JK186183,41.892822,-87.625404,2
JK176945,41.725468,-87.58262,7
JK222196,41.71859,-87.643135,6
JK146865,41.73771,-87.74096,3
JK175753,41.883354,-87.76165,0
JK167744,41.7401,-87.59581,7
JK232706,41.921135,-87.66373,1
JK195888,41.697823,-87.595665,6
JK232080,41.99156,-87.65543,1
JK237435,41.940052,-87.81659,0
JK210583,41.89257,-87.621956,2
JK195470,41.75368,-87.64046,5
JK224534,41.895866,-87.73103,0
JK195413,41.91273,-87.68973,4
JK226764,41.791473,-87.66452,3
JK140993,41.850975,-87.69654,4
JK232235,41.653637,-87.60207,6
JK186437,41.947227,-87.65538,1
JK144726,41.75238,-87.634346,5
JK177936,41.78977,-87.664474,3
JK224845,41.796997,-87.651306,3
JK141207,41.981052,-87.66837,1
JK195128,41.903305,-87.67007,1
JK174036,41.861774,-87.71529,4
JK191404,41.95912,-87.653465,1
JK197703,41.85063,-87.62545,2
JK155415,41.9531,-87.77358,0
JK195074,41.88123,-87.682335,4
JK234099,41.860203,-87.70671,4
JK223840,41.793926,-87.673584,3
JK204727,41.99504,-87.80355,0
JK156417,41.82386,-87.615166,2
JK201912,41.90464,-87.63451,2
JK205508,41.889244,-87.62858,2
JK203404,41.85451,-87.6857,4
JK165415,41.931778,-87.72791,0
JK188638,41.883583,-87.70936,4
JK172778,41.888077,-87.65337,4
JK192274,41.817726,-87.62306,2
JK160094,41.97084,-87.7634,0
JK192430,41.733303,-87.64842,5
JK197399,41.941353,-87.83138,0
JK208056,41.785267,-87.614456,5
JK147439,41.881718,-87.62776,2
JK159474,41.81045,-87.593346,5
JK167191,41.902386,-87.67602,1
JK209698,41.896687,-87.68533,4
JK192580,41.97537,-87.744026,0
JK166637,41.87698,-87.68143,4
JK151638,41.896385,-87.72,0
JK228169,41.75528,-87.62466,5
JK183124,41.94087,-87.69568,0
JK208563,41.918804,-87.70213,0
JK196104,41.916702,-87.80602,0
JK190949,41.704094,-87.531654,7
JK176555,41.98379,-87.774345,0
JK165041,41.949333,-87.648476,1
JK171225,41.92149,-87.74623,0
JK187104,41.790154,-87.62073,5
JK210025,41.870975,-87.70416,4
JK212968,41.89628,-87.67951,4
JK194555,41.9204,-87.71525,0
JK196810,41.95025,-87.78279,0
JK166221,41.68996,-87.61329,6
JK189041,41.81291,-87.72377,3
JK178019,41.872902,-87.69431,4
JK235359,41.945988,-87.757835,0
JK179471,41.812244,-87.60443,5
JK159496,41.709835,-87.62958,6
JK228910,41.729347,-87.54564,7
JK195284,41.757736,-87.59199,7
JK163751,41.880993,-87.70448,4
JK210734,41.99835,-87.68015,1
JK211364,41.764328,-87.577225,7
JK212715,41.73292,-87.57805,7
JK191357,41.828506,-87.61709,2
JK200610,41.75702,-87.65027,5
JK183832,41.76139,-87.655815,5
JK192265,41.857105,-87.65482,4
JK212154,41.7558,-87.63443,5
JK201965,41.9842,-87.71135,1
JK153952,41.74887,-87.606384,7
JK196048,41.65917,-87.63768,6
JK181319,41.88049,-87.74589,4
JK208785,41.78388,-87.70206,3
JK140945,41.70662,-87.59429,6
JK150047,41.696396,-87.611916,6
JK189422,41.8777,-87.624306,2
JK219197,41.866215,-87.72189,4
JK209891,41.718822,-87.64314,6
JK224802,41.881363,-87.64735,4
JK220294,41.785805,-87.73573,3
JK223911,41.872593,-87.7212,4
JK222768,41.78295,-87.60436,5
JK149962,41.830444,-87.670746,3
JK179637,41.746212,-87.63541,5
JK190003,41.891834,-87.71216,0
JK175269,41.80367,-87.59053,5
JK176656,41.805847,-87.66854,3
JK229280,41.957973,-87.74822,0
JK197849,41.868164,-87.62744,2
JK160900,41.74331,-87.58452,7
JK182435,41.73627,-87.62777,6
JK231287,41.846542,-87.6886,4
JK223761,41.77412,-87.7263,3
JK188810,41.90182,-87.63307,2
JK149195,41.941013,-87.71918,0
JK148204,41.76527,-87.63997,5
JK213099,41.967896,-87.650085,1
JK162280,41.863377,-87.656456,4
JK179718,41.895344,-87.654015,1
JK193025,41.945763,-87.777435,0
JK198408,41.86704,-87.728264,4
JK211858,41.702175,-87.67424,6
JK142325,41.748528,-87.663826,5
JK177912,41.8795,-87.626884,2
JK212730,41.959522,-87.77092,0
JK221189,41.913376,-87.670204,1
JK213370,41.804115,-87.60306,5
JK206081,41.879498,-87.62696,2
JK227256,41.915714,-87.746056,0
JK199746,41.7983,-87.70003,3
JK167417,41.959396,-87.70116,1
JK223387,41.895733,-87.68778,4
JK232095,41.702866,-87.622215,6
JK191586,41.871883,-87.76017,0
JK201769,41.813213,-87.60304,5
JK184960,41.965927,-87.68473,1
JK201918,41.84865,-87.675446,4
JK203135,41.905746,-87.665115,1
JK175173,41.74564,-87.580605,7
JK142634,41.793304,-87.7162,3
JK229061,41.70658,-87.66951,6
JK222394,41.82408,-87.63377,2
JK155952,41.862896,-87.711174,4
JK202080,41.859768,-87.72011,4
JK188304,41.893303,-87.62632,2
JK191278,41.882393,-87.627846,2
JK203511,41.847317,-87.703896,4
JK146005,41.823666,-87.60307,2
JK174507,41.790756,-87.73993,3
JK221538,41.729378,-87.66044,6
JK148117,41.90417,-87.628685,2
JK163354,41.76785,-87.5665,7
JK170970,41.6916,-87.62969,6
JK181176,41.765297,-87.5665,7
JK177157,41.927734,-87.75951,0
JK218864,41.942276,-87.64104,1
JK184521,41.84614,-87.70019,4
JK173032,41.82059,-87.64584,2
JK225277,41.953644,-87.72801,0
JK227738,41.708553,-87.6138,6
JK224828,41.881363,-87.64735,4
JK191705,41.76455,-87.63098,5
JK199828,41.935337,-87.655106,1
JK223485,41.74839,-87.61808,5
JK175821,41.76497,-87.57628,7
JK180046,41.867233,-87.641304,2
JK177636,41.966137,-87.688835,1
JK158557,41.97663,-87.749306,0
JK196921,41.86854,-87.63924,2
JK172203,41.830677,-87.61035,2
JK145466,41.880703,-87.630226,2
JK204021,41.844055,-87.63339,2
JK227382,41.865154,-87.71371,4
JK159737,41.69021,-87.61821,6
JK210849,41.750523,-87.65201,5
JK212216,41.87173,-87.71848,4
JK141344,41.807625,-87.67466,3
JK155997,41.90224,-87.67816,1
JK210520,41.930527,-87.707855,0
JK169935,41.88571,-87.66429,4
JK185094,41.93483,-87.67942,1
JK199851,41.6981,-87.69988,6
JK198204,41.750484,-87.62298,5
JK192349,41.6719,-87.64171,6
JK227840,41.777782,-87.61727,5
JK182834,41.837902,-87.62192,2
JK222577,41.758457,-87.56636,7
JK160004,41.873764,-87.62965,2
JK200347,41.868164,-87.62744,2
JK144119,41.74906,-87.70238,3
JK230932,41.79517,-87.788,3
JK206376,41.654823,-87.6051,6
JK209577,41.81073,-87.60172,5
JK214430,41.815575,-87.69246,3
JK212541,41.92514,-87.63586,1
JK155772,41.993893,-87.660385,1
JK185995,41.806835,-87.634514,2
JK151133,41.65487,-87.55078,7
JK194255,41.73885,-87.64856,5
JK141687,41.82938,-87.68869,3
JK182800,41.875057,-87.62922,2
JK162410,41.776318,-87.75773,3
JK182316,41.787334,-87.70338,3
JK225289,41.907368,-87.70807,0
JK191551,41.69807,-87.62172,6
JK175694,41.89084,-87.64706,4
JK194621,41.673256,-87.642975,6
JK200222,41.764774,-87.62975,5
JK164446,41.798798,-87.66471,3
JK171673,41.782143,-87.686165,3
JK232724,41.72759,-87.58502,7
JK205660,41.886326,-87.76176,0
JK153752,41.955738,-87.75235,0
JK168254,41.879383,-87.634125,2
JK170449,41.881992,-87.62988,2
JK210782,41.882164,-87.77073,0
JK154823,41.86681,-87.62582,2
JK204139,41.771725,-87.64944,5
JK231396,41.966877,-87.746506,0
JK226377,41.787357,-87.625885,5
JK171138,41.893738,-87.63118,2
JK192280,41.794853,-87.67311,3
JK224439,41.778984,-87.635025,5
JK148979,41.881622,-87.656845,4
JK174274,41.781868,-87.591385,7
JK207331,41.880444,-87.74966,0
JK228794,41.75311,-87.67443,5
JK149204,41.750877,-87.58004,7
JK204522,41.930744,-87.696396,0
JK154796,41.912323,-87.74988,0
JK184396,41.885487,-87.726425,4
JK197903,41.891693,-87.62611,2
JK188965,41.91732,-87.75801,0
JK184529,41.75628,-87.606575,5
JK180397,41.70721,-87.54012,7
JK154819,41.776665,-87.68358,3
JK200854,41.847927,-87.72376,4
JK160074,41.88067,-87.63319,2
JK225825,41.866302,-87.71421,4
JK172451,41.981274,-87.80465,0
JK177429,41.876705,-87.6447,4
JK149852,41.81313,-87.633484,2
JK159715,41.811443,-87.59847,5
JK210602,41.866333,-87.66638,4
JK202343,41.692463,-87.61215,6
JK220362,41.895405,-87.72196,0
JK158721,41.966053,-87.65789,1
JK218116,41.85538,-87.70943,4
JK164429,41.9567,-87.77738,0
JK178432,41.804207,-87.594185,5
JK210164,41.94773,-87.6604,1
JK229636,41.93812,-87.73161,0
JK158667,41.88947,-87.62959,2
JK199896,41.857414,-87.69395,4
JK171353,41.804813,-87.74919,3
JK215742,41.76072,-87.65037,5
JK168114,41.930542,-87.745094,0
JK192117,41.949333,-87.648476,1
JK215456,41.991226,-87.69821,1
JK184074,41.893906,-87.640785,2
JK201681,41.901836,-87.63197,2
JK232660,41.79562,-87.620865,5
JK192095,41.746395,-87.68702,3
JK161977,41.871685,-87.764565,0
JK220640,41.657257,-87.61624,6
JK222378,41.86779,-87.65976,4
JK156096,41.937973,-87.71244,0
JK239581,41.761375,-87.56005,7
JK213736,41.930992,-87.78608,0
JK187252,41.907032,-87.69698,4
JK216829,41.72629,-87.561485,7
JK224854,41.89347,-87.632645,2
JK203039,41.874214,-87.63168,2
JK141986,41.84271,-87.62689,2
JK173060,41.74799,-87.70159,3
JK197146,41.870243,-87.68704,4
JK231090,41.952953,-87.783745,0
JK221069,41.88556,-87.65365,4
JK190890,41.898895,-87.66158,1
JK193016,41.97538,-87.76878,0
JK211528,41.91895,-87.776764,0
JK216260,41.934998,-87.715614,0
JK202639,41.766006,-87.58337,7
JK169000,41.95293,-87.785225,0
JK162415,41.939278,-87.63952,1
JK206845,41.850746,-87.73339,4
JK214451,41.794678,-87.674324,3
JK150919,41.721737,-87.623055,6
JK184523,41.8882,-87.75535,0
JK221455,41.90481,-87.75584,0
JK225486,41.898186,-87.65757,1
JK209005,41.903305,-87.67007,1
JK152287,41.890152,-87.62031,2
JK199472,41.87951,-87.626564,2
JK169567,41.895844,-87.66728,1
JK228877,41.884434,-87.64197,4
JK190726,41.86971,-87.62748,2
JK235364,41.831844,-87.66676,3
JK216086,41.80265,-87.65509,3
JK216726,41.755386,-87.64172,5
JK152070,41.791683,-87.64995,3
JK209621,41.846413,-87.69857,4
JK142606,41.734417,-87.589294,7
JK234873,41.814316,-87.606674,5
JK178624,41.802425,-87.591515,5
JK202141,41.732677,-87.559425,7
JK192520,41.751884,-87.72037,3
JK157162,41.789864,-87.7744,3
JK165413,41.932964,-87.6916,0
JK156103,41.886017,-87.63394,2
JK197958,41.655804,-87.596176,6
JK204454,41.743896,-87.69247,3
JK232041,41.930813,-87.68908,1
JK148345,41.88351,-87.652084,4
JK225350,41.779446,-87.66491,3
JK219357,41.74564,-87.61451,7
JK145274,41.839806,-87.62797,2
JK230782,41.88091,-87.71174,4
JK218158,41.751213,-87.5711,7
JK155669,41.76003,-87.66366,5
JK236614,41.7547,-87.56508,7
JK142304,41.750973,-87.68287,3
JK220270,41.89794,-87.69429,4
JK189424,41.88783,-87.753815,0
JK231979,41.707096,-87.62884,6
JK200507,41.87173,-87.71662,4
JK188994,41.760216,-87.56217,7
JK229335,41.758213,-87.62412,5
JK170175,41.798756,-87.780785,3
JK184534,41.759884,-87.56639,7
JK153121,41.69528,-87.62651,6
JK154455,41.893246,-87.67292,4
JK181019,41.930904,-87.64402,1
JK224910,41.92394,-87.63067,1
JK186312,41.878605,-87.68504,4
JK233147,41.79341,-87.63297,5
JK147730,41.763054,-87.61523,5
JK219499,41.94379,-87.67153,1
JK186583,41.937206,-87.76645,0
JK230753,41.824913,-87.62311,2
JK150390,41.92046,-87.67083,1
JK150463,41.903893,-87.63186,2
JK178635,41.87072,-87.63261,2
JK195030,41.89284,-87.61772,2
JK150697,41.96654,-87.71752,1
JK152749,41.809692,-87.59214,5
JK189902,41.910156,-87.772736,0
JK159200,41.881718,-87.62776,2
JK186493,41.808807,-87.60436,5
JK224295,41.9406,-87.75073,0
JK230709,41.771435,-87.636,5
JK201003,41.86038,-87.613625,2
JK223483,41.9705,-87.73303,1
JK223176,41.93743,-87.76646,0
JK183912,41.859776,-87.728645,4
JK228618,41.836464,-87.62284,2
JK154800,41.718437,-87.67835,6
JK230189,41.800663,-87.58744,5
JK149167,41.869736,-87.625885,2
JK163025,41.83314,-87.61532,2
JK148955,41.700443,-87.54378,7
JK225923,41.845528,-87.69885,4
JK156321,41.77709,-87.64714,5
JK187720,41.827164,-87.61173,2
JK237913,41.79612,-87.582565,5
JK225678,41.750492,-87.654305,5
JK193544,41.776783,-87.69699,3
JK210335,41.89185,-87.7105,0
JK208312,41.97439,-87.66698,1
JK230666,41.74949,-87.60236,7
JK233324,41.902615,-87.637405,2
JK230118,41.870552,-87.62617,2
JK182417,41.97486,-87.89037,0
JK159891,41.849667,-87.63194,2
JK227275,41.909824,-87.76558,0
JK156382,41.775875,-87.703064,3
JK219549,41.74587,-87.55036,7
JK196183,41.82268,-87.61242,2
JK233541,41.984432,-87.76409,0
JK232927,41.998436,-87.67705,1
JK143942,41.90393,-87.62931,2
JK178961,41.758213,-87.62412,5
JK175656,41.745052,-87.61799,5
JK160163,41.906967,-87.73626,0
JK185463,41.783092,-87.60725,5
JK147167,41.996605,-87.7119,1
JK209183,41.72486,-87.62229,6
JK201765,41.788986,-87.74148,3
JK227202,41.70266,-87.62221,6
JK212517,41.678635,-87.62053,6
JK167088,41.79463,-87.62703,5
JK165808,41.86291,-87.71014,4
JK166324,41.972557,-87.707375,1
JK156340,41.84582,-87.692825,4
JK144516,41.862896,-87.71137,4
JK172976,41.90437,-87.63146,2
JK209669,41.847157,-87.68551,4
JK165276,41.795536,-87.6549,3
JK219803,41.965508,-87.71572,1
JK242978,41.95549,-87.679695,1
JK169449,41.884106,-87.701904,4
JK141821,41.888165,-87.62294,2
JK143206,41.935677,-87.76149,0
JK146711,41.920612,-87.70053,0
JK170497,41.87393,-87.755936,4
JK226668,41.89607,-87.667595,1
JK161494,41.68071,-87.62755,6
JK230483,41.866478,-87.69883,4
JK206569,41.765446,-87.62691,5
JK228984,41.88513,-87.71975,4
JK173174,41.890926,-87.67068,4
JK195956,41.913742,-87.765656,0
JK148034,41.765987,-87.62656,5
JK183956,41.977654,-87.697556,1
JK213109,41.92187,-87.680244,1
JK207945,41.807056,-87.606514,5
JK199569,41.909588,-87.74889,0
JK215234,41.927483,-87.70481,0
JK231346,41.758755,-87.587425,7
JK196024,41.780636,-87.58599,7
JK147221,41.89906,-87.72179,0
JK233263,41.87745,-87.6949,4
JK180076,41.89338,-87.62158,2
JK195442,41.756096,-87.64466,5
JK216707,41.759277,-87.6333,5
JK188851,41.930977,-87.68909,1
JK172505,41.703213,-87.64898,6
JK193560,41.941357,-87.78619,0
JK183785,41.9827,-87.66004,1
JK163195,41.74587,-87.55279,7
JK153001,41.69082,-87.61909,6
JK231352,41.78022,-87.68489,3
JK151259,41.985184,-87.7285,1
JK170302,41.796375,-87.58398,5
JK175765,41.77165,-87.64822,5
JK193893,41.940205,-87.78225,0
JK148014,41.888382,-87.64756,4
JK190810,41.8442,-87.72866,4
JK212604,41.791733,-87.783005,3
JK150216,41.764137,-87.6819,3
JK231142,41.96467,-87.7214,1
JK165375,41.81393,-87.59814,5
JK213794,41.760452,-87.65764,5
JK207515,41.85751,-87.66131,4
JK141087,41.722767,-87.62441,6
JK166270,41.75672,-87.60749,5
JK166670,41.913193,-87.67387,1
JK145029,41.74946,-87.720894,3
JK196622,41.770958,-87.59112,7
JK141150,41.87963,-87.73648,4
JK173750,41.808754,-87.65343,3
JK183595,41.931858,-87.72139,0
JK204486,41.85255,-87.723526,4
JK192717,41.842243,-87.695145,4
JK162865,41.931583,-87.74282,0
JK194334,41.863956,-87.70682,4
JK150658,41.858444,-87.71275,4
JK211066,41.757614,-87.58611,7
JK221633,41.77834,-87.703125,3
JK203779,41.847008,-87.69932,4
JK193017,41.94791,-87.75069,0
JK205688,41.70524,-87.63147,6
JK212980,41.754593,-87.74153,3
JK166315,41.878586,-87.74603,4
JK186124,41.89789,-87.628235,2
JK197659,41.778618,-87.603905,5
JK233797,41.97107,-87.74411,0
JK194777,41.90646,-87.76332,0
JK223168,41.7678,-87.7182,3
JK170328,41.887657,-87.678055,4
JK180687,41.93084,-87.64652,1
JK192341,41.948677,-87.6793,1
JK193453,41.755913,-87.65757,5
JK165102,41.878098,-87.6358,2
JK199250,41.79804,-87.70737,3
JK170683,41.689873,-87.622375,6
JK228653,41.973145,-87.70006,1
JK182181,41.785847,-87.60758,5
JK196029,41.937794,-87.72066,0
JK212232,41.932194,-87.64475,1
JK147583,41.760796,-87.56712,7
JK204157,41.759666,-87.58753,7
JK152746,41.760612,-87.67342,5
JK179406,41.73041,-87.65719,6
JK175205,41.781746,-87.69712,3
JK146829,41.756004,-87.61665,5
JK176809,41.805733,-87.645454,3
JK225360,41.879208,-87.64784,4
JK143915,41.974438,-87.81119,0
JK220347,41.931137,-87.69759,0
JK192038,41.930016,-87.782005,0
JK225361,41.72113,-87.62743,6
JK147057,41.94045,-87.651085,1
JK203425,41.877823,-87.65518,4
JK234255,41.653736,-87.5955,6
JK210683,41.762802,-87.63094,5
JK187892,41.751812,-87.73295,3
JK186116,41.886574,-87.66317,4
JK160344,41.852863,-87.62448,2
JK161554,41.890385,-87.75176,0
JK176385,41.74585,-87.65968,5
JK193909,41.837467,-87.6487,2
JK178880,41.93863,-87.76229,0
JK195301,41.828762,-87.61443,2
JK148812,41.696983,-87.6401,6
JK189374,41.874214,-87.63168,2
JK168149,41.85073,-87.71375,4
JK224407,41.89994,-87.69681,4
JK194732,41.954536,-87.651146,1
JK216116,41.76957,-87.657875,5
JK203174,41.80696,-87.65115,3
JK161094,41.880333,-87.75803,0
JK169117,41.759792,-87.59083,7
JK167533,41.885437,-87.661255,4
JK229476,41.75256,-87.582115,7
JK156234,41.93265,-87.6532,1
JK149750,41.662308,-87.64505,6
JK232972,41.881718,-87.62776,2
JK222786,41.71082,-87.59701,6
JK157152,41.91435,-87.692215,4
JK145763,41.88624,-87.615746,2
JK199765,41.886017,-87.62452,2
JK165285,41.720062,-87.57102,7
JK178697,41.70241,-87.66964,6
JK198007,41.844074,-87.62844,2
JK169423,41.87438,-87.72398,4
JK193974,41.77034,-87.61699,5
JK178360,41.889748,-87.67568,4
JK206655,41.77027,-87.715195,3
JK235584,41.988438,-87.66509,1
JK170342,41.845,-87.651054,2
JK236206,41.889954,-87.71652,0
JK224907,41.79805,-87.75267,3
JK175067,41.957466,-87.75975,0
JK145573,41.72905,-87.57796,7
JK236321,41.76185,-87.59696,7
JK234645,41.956852,-87.68176,1
JK204459,41.884563,-87.69638,4
JK186727,41.915535,-87.71088,0
JK144328,41.969395,-87.70455,1
JK189165,41.89689,-87.628204,2
JK226944,41.793613,-87.61595,5
JK170269,41.86283,-87.71706,4
JK153837,41.94779,-87.76058,0
JK226004,41.892815,-87.62419,2
JK219362,41.91868,-87.77188,0
JK167918,41.85608,-87.65998,4
JK145268,41.880894,-87.74774,4
JK224668,41.97413,-87.76636,0
JK198047,41.744473,-87.65843,5
JK181943,41.879776,-87.72453,4
JK186060,41.74303,-87.60501,7
JK222640,41.906662,-87.731316,0
JK215923,41.950653,-87.72753,0
JK236067,41.717793,-87.56986,7
JK146368,41.651253,-87.547165,7
JK213309,41.893307,-87.76789,0
JK209467,41.903996,-87.64323,2
JK191445,41.658367,-87.60062,6
JK160572,41.951187,-87.650345,1
JK146501,41.867306,-87.671364,4
JK207986,41.903828,-87.63613,2
JK237601,41.768177,-87.629845,5
JK160295,41.83391,-87.62647,2
JK164477,41.89071,-87.61436,2
JK244191,41.892483,-87.62414,2
JK149780,41.87672,-87.70109,4
JK197848,41.82625,-87.60986,2
JK153562,41.920597,-87.6486,1
JK229933,41.722847,-87.64204,6
JK200566,41.97009,-87.76269,0
JK179441,41.78167,-87.61206,5
JK181620,41.764446,-87.698555,3
JK200275,41.950512,-87.652,1
JK154032,41.93897,-87.652534,1
JK160235,41.895878,-87.706566,0
JK144531,41.908432,-87.63851,2
JK218830,41.72225,-87.55107,7
JK214396,41.70045,-87.65599,6
JK187425,41.92627,-87.6409,1
JK205383,41.800476,-87.59181,5
JK158695,41.89667,-87.62863,2
JK167657,41.710213,-87.625984,6
JK205985,41.901333,-87.7533,0
JK161270,41.662304,-87.6366,6
JK214759,41.904984,-87.67842,1
JK204505,41.74149,-87.7079,3
JK211643,41.78572,-87.69968,3
JK195843,41.73586,-87.62415,6
JK212812,41.823383,-87.61698,2
JK230970,41.80531,-87.589,5
JK217107,41.782772,-87.69274,3
JK194386,41.88465,-87.627914,2
JK152149,41.96014,-87.72855,1
JK185499,41.909935,-87.721924,0
JK176856,41.73647,-87.54582,7
JK205491,41.6789,-87.659,6
JK194894,41.75913,-87.6333,5
JK164293,41.804165,-87.656334,3
JK161610,41.753605,-87.561775,7
JK232691,41.955654,-87.71473,1
JK187359,41.89034,-87.71621,0
JK145875,41.87523,-87.728645,4
JK185675,41.78162,-87.60841,5
JK195363,41.752865,-87.61926,5
JK184391,41.884495,-87.62746,2
JK166333,41.999203,-87.66311,1
JK153151,41.7996,-87.61772,5
JK207062,41.767868,-87.58727,7
JK212853,41.894947,-87.75486,0
JK153676,41.723343,-87.609344,7
JK171966,41.946457,-87.64465,1
JK174492,41.76493,-87.57627,7
JK232842,41.924175,-87.654785,1
JK156112,41.882236,-87.76551,0
JK180980,41.767605,-87.57144,7
JK179219,41.993046,-87.66036,1
JK141212,41.80261,-87.667244,3
JK232450,41.886303,-87.714745,4
JK212400,41.89009,-87.70472,0
JK212828,41.732456,-87.579254,7
JK197796,41.862816,-87.71847,4
JK147499,41.87532,-87.72148,4
JK202554,41.773018,-87.612656,5
JK181355,41.72945,-87.55125,7
JK186022,41.996254,-87.69715,1
JK201346,41.802895,-87.71607,3
JK197476,41.846443,-87.69607,4
JK186551,41.939972,-87.69525,0
JK142714,41.887447,-87.712105,0
JK186146,41.9026,-87.67237,1
JK162632,41.954174,-87.677505,1
JK171159,41.689938,-87.63746,6
JK142896,41.76139,-87.655716,5
JK225613,41.77962,-87.65364,5
JK142752,41.8437,-87.72453,4
JK213606,41.859905,-87.72498,4
JK192009,41.72155,-87.603294,7
JK206509,41.94776,-87.66767,1
JK178921,41.834606,-87.72307,4
JK191777,41.836773,-87.65477,2
JK233763,41.917072,-87.75665,0
JK191353,41.68042,-87.66244,6
JK192504,41.866116,-87.729195,4
JK236226,41.986065,-87.72852,1
JK185448,41.862843,-87.70201,4
JK208225,41.946644,-87.779884,0
JK182537,41.89119,-87.756294,0
JK185067,41.90309,-87.682915,4
JK191746,41.80535,-87.72105,3
JK173056,41.846416,-87.698265,4
JK180601,41.693073,-87.66741,6
JK225921,41.89738,-87.70042,4
JK152003,41.67855,-87.62052,6
JK230159,41.704086,-87.61855,6
JK146580,41.807285,-87.604324,5
JK155702,41.917408,-87.70593,0
JK203937,41.82945,-87.60694,2
JK210703,41.866848,-87.66952,4
JK201579,41.88113,-87.63674,2
JK178047,41.799843,-87.702515,3
JK231531,41.94266,-87.73279,0
JK217857,41.775795,-87.61552,5
JK190320,41.795513,-87.59136,5
JK165288,41.894947,-87.62375,2
JK225068,41.90304,-87.68559,4
JK144297,41.90347,-87.629974,2
JK190687,41.903442,-87.629974,2
JK160641,41.706882,-87.64692,6
JK171557,41.88117,-87.72568,4
JK214810,41.80329,-87.71453,3
JK160174,41.860092,-87.72256,4
JK186187,41.749477,-87.55043,7
JK187729,41.816105,-87.5994,2
JK172315,41.873394,-87.64092,4
JK182123,41.7038,-87.60449,6
JK150565,41.868008,-87.72395,4
JK223269,41.700626,-87.56399,7
JK146496,41.89667,-87.62863,2
JK235419,41.966805,-87.650055,1
JK213515,41.86751,-87.686966,4
JK224363,41.94652,-87.64312,1
JK151456,41.754726,-87.6842,3
JK210404,41.910908,-87.648964,1
JK160548,41.939316,-87.70943,0
JK146533,41.83607,-87.61304,2
JK213511,41.908344,-87.76338,0
JK235092,41.898254,-87.71109,0
JK225890,41.89831,-87.660225,1
JK213480,41.87768,-87.745964,4
JK236043,41.872192,-87.63104,2
JK202161,41.964756,-87.778755,0
JK152574,41.774853,-87.78705,3
JK142293,41.750492,-87.654305,5
JK197193,41.85967,-87.66258,4
JK200279,41.867737,-87.69838,4
JK203000,41.727505,-87.606125,7
JK183317,41.97204,-87.667854,1
JK141420,41.960236,-87.71195,1
JK190956,41.940826,-87.66946,1
JK141990,41.939655,-87.67192,1
JK223627,41.78531,-87.58658,7
JK169402,41.896057,-87.648926,1
JK234393,41.92015,-87.72665,0
JK236661,41.90734,-87.695694,4
JK209286,41.776833,-87.68358,3
JK180548,41.76641,-87.61044,5
JK218248,41.724197,-87.653015,6
JK235197,41.909454,-87.75945,0
JK179688,41.9706,-87.714645,1
JK185936,41.87864,-87.62769,2
JK207916,41.914474,-87.710205,0
JK177530,41.863632,-87.710464,4
JK225851,41.911865,-87.71251,0
JK193257,41.745247,-87.57221,7
JK158213,41.873928,-87.75629,4
JK220375,41.960182,-87.75409,0
JK160819,41.93087,-87.64082,1
JK183040,41.896706,-87.76147,0
JK193646,41.788494,-87.61745,5
JK209045,41.91864,-87.755295,0
JK217276,41.808422,-87.68284,3
JK201927,41.84001,-87.70612,4
JK160345,41.895733,-87.68778,4
JK213867,41.8818,-87.7465,4
JK168510,41.791737,-87.76593,3
JK196117,41.869503,-87.71963,4
JK183228,41.793835,-87.68163,3
JK159620,41.848316,-87.691345,4
JK150641,41.896374,-87.69796,4
JK228200,41.921104,-87.758514,0
JK174540,41.76339,-87.70829,3
JK178717,41.735336,-87.663055,6
JK230192,41.654495,-87.605896,6
JK193861,41.84501,-87.64523,2
JK148981,41.893894,-87.61513,2
JK195516,41.973625,-87.65494,1
JK196110,41.85102,-87.61896,2
JK206632,41.75599,-87.65176,5
JK171970,41.794174,-87.703575,3
JK198790,41.782375,-87.59258,7
JK148231,41.74577,-87.55764,7
JK182456,41.917442,-87.752174,0
JK199334,41.90979,-87.63976,2
JK153497,41.86431,-87.693344,4
JK158392,41.965305,-87.73857,0
JK148489,41.896217,-87.74355,0
JK161509,41.803673,-87.70385,3
JK185382,41.80605,-87.5928,5
JK187024,41.985355,-87.7792,0
JK212062,41.891582,-87.634445,2
JK182525,41.853676,-87.62224,2
JK220144,41.960533,-87.76293,0
JK209986,41.79602,-87.60123,5
JK219863,41.726097,-87.63487,6
JK203455,41.785267,-87.614456,5
JK168438,41.976788,-87.68981,1
JK172171,41.823376,-87.712906,3
JK201278,41.863197,-87.614815,2
JK244668,41.789024,-87.69247,3
JK172034,41.749443,-87.5577,7
JK215408,41.795395,-87.66219,3
JK150846,41.93274,-87.64812,1
JK229251,41.907337,-87.71031,0
JK146435,41.880894,-87.75264,0
JK151152,41.837433,-87.64261,2
JK197182,41.78638,-87.69523,3
JK155718,41.909073,-87.69329,4
JK223676,41.7222,-87.62506,6
JK146396,41.792755,-87.701096,3
JK216407,41.975143,-87.76455,0
JK161459,41.88305,-87.68283,4
JK235228,41.74366,-87.55408,7
JK154335,41.77693,-87.65443,5
JK212779,41.84458,-87.701805,4
JK214886,41.843018,-87.617226,2
JK196812,41.78156,-87.61566,5
JK207710,41.799274,-87.58231,5
JK206319,41.936268,-87.71118,0
JK200716,41.92979,-87.68781,1
JK184949,41.732384,-87.58162,7
JK175103,41.905792,-87.76288,0
JK223274,41.900063,-87.62084,2
JK165035,41.87919,-87.648865,4
JK174496,41.874096,-87.7108,4
JK144067,41.871395,-87.68179,4
JK177828,41.875233,-87.62762,2
JK230014,41.80025,-87.70375,3
JK166361,41.872562,-87.72359,4
JK219493,41.852505,-87.65555,4
JK190095,41.890755,-87.63639,2
JK210627,41.928947,-87.72568,0
JK174116,41.7784,-87.693375,3
JK186428,41.942387,-87.672005,1
JK150372,41.853893,-87.63269,2
JK152734,41.886448,-87.61575,2
JK219564,41.779175,-87.68944,3
JK178093,41.94159,-87.706474,1
JK147824,41.896057,-87.76068,0
JK229097,41.830006,-87.684456,3
JK235423,41.89777,-87.71517,0
JK194566,41.75238,-87.634346,5
JK171071,41.84737,-87.70389,4
JK166436,41.851437,-87.64646,2
JK234141,41.877472,-87.67822,4
JK228827,41.74576,-87.72336,3
JK199156,41.821625,-87.616936,2
JK220508,41.864037,-87.65904,4
JK184012,41.75763,-87.58571,7
JK203212,41.93997,-87.663826,1
JK173115,41.764275,-87.582054,7
JK171572,41.726097,-87.651855,6
JK163132,41.77957,-87.6387,5
JK192208,41.891567,-87.763435,0
JK197310,41.853264,-87.7053,4
JK214758,41.726456,-87.63728,6
JK217863,41.903477,-87.63143,2
JK156609,41.887238,-87.76405,0
JK176758,41.787037,-87.6442,3
JK222357,41.76466,-87.621666,5
JK162635,41.88093,-87.65955,4
JK191266,41.938595,-87.649574,1
JK182533,41.858364,-87.66617,4
JK198249,41.822544,-87.66556,3
JK208577,41.892906,-87.61455,2
JK149980,41.735996,-87.6491,5
JK218538,41.84297,-87.643974,2
JK160129,41.88429,-87.6479,4
JK194942,41.886208,-87.61626,2
JK175274,41.76624,-87.576935,7
JK228134,41.884453,-87.65127,4
JK179528,41.69187,-87.675255,6
JK219726,41.963905,-87.88294,0
JK224113,41.89446,-87.71262,0
JK186808,41.751163,-87.6122,7
JK152917,41.863873,-87.70803,4
JK166473,41.856445,-87.70539,4
JK192050,41.758434,-87.62476,5
JK172861,41.96134,-87.72784,1
JK178530,41.93876,-87.670494,1
JK178175,41.90296,-87.66586,1
JK200611,41.93866,-87.72316,0
JK224015,41.953884,-87.65453,1
JK166644,41.88468,-87.6669,4
JK183903,41.938595,-87.649574,1
JK148221,41.855118,-87.62555,2
JK189984,41.941086,-87.71406,0
JK155184,41.72505,-87.59486,7
JK222449,41.77675,-87.67143,3
JK197355,41.92529,-87.74267,0
JK188421,41.93087,-87.64082,1
JK160010,41.98558,-87.65445,1
JK170291,41.79397,-87.773735,3
JK177937,41.930965,-87.744125,0
JK202316,41.741993,-87.58067,7
JK177188,41.94155,-87.74789,0
JK208179,41.7884,-87.72302,3
JK169167,41.70188,-87.542564,7
JK163486,41.80306,-87.739365,3
JK166603,41.670235,-87.539314,7
JK164109,41.9706,-87.714645,1
JK174673,41.738483,-87.60329,7
JK189575,41.756535,-87.66724,5
JK156011,41.89796,-87.66309,1
JK157944,41.695988,-87.59665,6
JK174364,41.764244,-87.683235,3
JK220739,41.909904,-87.72476,0
JK178738,41.835243,-87.65269,2
JK183400,41.77348,-87.573654,7
JK178192,41.977673,-87.69472,1
JK184524,41.982742,-87.65659,1
JK199980,41.73967,-87.604904,7
JK171214,41.882393,-87.627846,2
JK148766,41.7602,-87.57493,7
JK216449,41.68352,-87.62529,6
JK208470,41.95807,-87.702034,1
JK182368,41.812275,-87.74818,3
JK223443,41.683937,-87.72186,6
JK229834,41.732822,-87.58556,7
JK233733,41.976048,-87.7578,0
JK150423,41.663284,-87.63348,6
JK180560,41.82939,-87.606895,2
JK148934,41.915073,-87.64478,1
JK192193,41.954056,-87.73682,0
JK238366,41.654945,-87.60511,6
JK215636,41.804066,-87.66728,3
JK229200,41.771973,-87.62834,5
JK164259,41.830387,-87.67558,3
JK176701,41.77906,-87.61559,5
JK200927,41.842163,-87.63178,2
JK236760,41.896713,-87.62534,2
JK234182,41.812794,-87.5969,5
JK196656,41.888668,-87.65223,4
JK232718,41.825012,-87.63988,2
JK188115,41.871296,-87.62592,2
JK219313,41.772945,-87.70176,3
JK212709,41.77587,-87.61552,5
JK201246,41.931286,-87.765564,0
JK155207,41.824677,-87.61701,2
JK174770,41.797558,-87.62092,5
JK216215,41.883324,-87.72906,4
JK191918,41.917408,-87.70579,0
JK172070,41.891693,-87.62615,2
JK229045,41.96592,-87.65781,1
JK141022,41.761135,-87.6309,5
JK145918,41.73693,-87.58439,7
JK154373,41.799877,-87.5918,5
JK149305,41.99004,-87.6591,1
JK184009,41.943108,-87.64937,1
JK205402,41.81472,-87.70546,3
JK206937,41.780407,-87.664246,3
JK186167,41.803173,-87.73937,3
JK143423,41.900013,-87.63433,2
JK145211,41.658424,-87.55198,7
JK148659,41.81152,-87.66991,3
JK207646,41.71092,-87.56939,7
JK191122,41.903477,-87.65932,1
JK148044,41.65131,-87.61723,6
JK176283,41.754593,-87.74153,3
JK221281,41.76986,-87.570984,7
JK229216,41.7302,-87.60871,7
JK199871,41.887966,-87.63479,2
JK176783,41.755924,-87.65743,5
JK201052,41.764683,-87.66379,5
JK155270,41.746723,-87.62289,5
JK224915,41.76604,-87.6845,3
JK236367,41.80339,-87.62106,5
JK178080,41.773,-87.57648,7
JK231361,41.82435,-87.70804,3
JK237351,41.778885,-87.661766,3
JK164912,41.686653,-87.6132,6
JK241517,41.752354,-87.600365,7
JK211492,41.939934,-87.798996,0
JK150313,41.841824,-87.62329,2
JK166542,41.766464,-87.68661,3
JK145478,41.736412,-87.72149,3
JK205123,41.850388,-87.67409,4
JK164858,41.911953,-87.7656,0
JK150896,41.912167,-87.7264,0
JK172992,41.91264,-87.68314,1
JK162176,41.727463,-87.558105,7
JK207271,41.823742,-87.62421,2
JK233168,41.87658,-87.74514,4
JK211552,41.867702,-87.719574,4
JK175704,41.87927,-87.694824,4
JK189995,41.9246,-87.71743,0
JK145847,41.949642,-87.71324,1
JK206752,41.74725,-87.62752,5
JK169653,41.80067,-87.6672,3
JK189524,41.870388,-87.6259,2
JK227732,41.692837,-87.60415,6
JK153086,41.77019,-87.641716,5
JK142441,41.91086,-87.652054,1
JK227589,41.90173,-87.71059,0
JK219245,41.86975,-87.64011,2
JK218564,41.878574,-87.627686,2
JK236535,41.902912,-87.69861,4
JK201458,41.941113,-87.64578,1
JK216450,41.910347,-87.685524,4
JK215860,41.70988,-87.62718,6
JK204772,41.996075,-87.78749,0
JK151498,41.69282,-87.66914,6
JK215519,41.790028,-87.64626,3
JK163503,41.89251,-87.626236,2
JK200928,41.785057,-87.6097,5
JK162479,41.82277,-87.69544,3
JK167004,41.72201,-87.57535,7
JK218316,41.824852,-87.611244,2
JK220112,41.98526,-87.66274,1
JK237097,41.965683,-87.75014,0
JK200613,41.83089,-87.635506,2
JK164708,41.910892,-87.692116,4
JK181309,41.874172,-87.66808,4
JK201478,41.941856,-87.64531,1
JK142771,41.851437,-87.64646,2
JK223197,41.92383,-87.69942,0
JK195221,41.752502,-87.62707,5
JK229804,41.90279,-87.71101,0
JK164880,41.885025,-87.67553,4
JK209834,41.80713,-87.686844,3
JK173876,41.71179,-87.64296,6
JK219234,41.806396,-87.61386,5
JK197548,41.655025,-87.54352,7
JK210638,41.845528,-87.69881,4
JK168038,41.814148,-87.621346,2
JK235661,41.80318,-87.585434,5
JK158968,41.79857,-87.74353,3
JK211660,41.803673,-87.70385,3
JK173868,41.77794,-87.58638,7
JK165923,41.736343,-87.6232,6
JK201770,41.94432,-87.647575,1
JK215448,41.746822,-87.60263,7
JK216186,41.91854,-87.66013,1
JK143801,41.978,-87.813705,0
JK217667,41.758953,-87.64911,5
JK152143,41.75483,-87.67205,5
JK213110,41.970493,-87.684845,1
JK174390,41.8558,-87.72609,4
JK152556,41.86433,-87.63915,2
JK234270,41.88243,-87.627846,2
JK199974,41.900547,-87.63363,2
JK159479,41.836956,-87.72019,4
JK143685,41.812584,-87.622925,2
JK173761,41.877113,-87.72372,4
JK227601,41.9662,-87.65705,1
JK234027,41.871735,-87.716545,4
JK150139,41.75981,-87.64007,5
JK213205,41.91349,-87.763145,0
JK188497,41.99451,-87.6861,1
JK192469,41.886814,-87.63152,2
JK194799,41.901318,-87.75085,0
JK170509,41.954304,-87.66802,1
JK153173,41.963306,-87.67691,1
JK218084,41.838226,-87.632286,2
JK230469,41.93122,-87.770386,0
JK169828,41.97528,-87.75221,0
JK189743,41.82962,-87.62211,2
JK234711,41.657536,-87.600624,6
JK210823,41.859734,-87.70548,4
JK188184,41.908947,-87.68719,4
JK159827,41.764282,-87.64925,5
JK203355,41.68816,-87.61689,6
JK172970,41.97537,-87.74436,0
JK189495,41.766575,-87.62332,5
JK198881,41.89522,-87.66313,1
JK180848,41.939316,-87.70943,0
JK174513,41.656002,-87.537476,7
JK228226,41.80211,-87.68671,3
JK219267,41.894928,-87.755905,0
JK220373,41.868385,-87.63923,2
JK224842,41.822945,-87.68654,3
JK183767,41.785862,-87.66194,3
JK161329,41.86664,-87.76926,0
JK200901,41.71362,-87.53618,7
JK219695,41.944588,-87.66395,1
JK167528,41.97636,-87.72826,1
JK173995,41.879215,-87.699936,4
JK151015,41.780945,-87.621994,5
JK207531,41.996006,-87.786606,0
JK149034,41.794174,-87.703575,3
JK203014,41.77411,-87.592926,7
JK168968,41.89797,-87.74833,0
JK223936,41.76206,-87.56765,7
JK200747,41.763714,-87.56891,7
JK176584,41.77217,-87.66577,5
JK213123,41.870823,-87.71884,4
JK215786,41.726868,-87.64918,6
JK187948,41.928944,-87.64153,1
JK196213,41.649475,-87.53503,7
JK151126,41.777634,-87.61556,5
JK220972,41.835033,-87.65107,2
JK209424,41.825035,-87.60572,2
JK144352,41.792873,-87.70354,3
JK228098,41.660587,-87.633644,6
JK206617,41.80515,-87.7235,3
JK205702,41.762547,-87.64148,5
JK199632,41.997787,-87.68653,1
JK175148,41.932297,-87.648994,1
JK190908,41.949787,-87.66045,1
JK188432,41.87949,-87.746,4
JK163708,41.868103,-87.71618,4
JK163326,41.782642,-87.63627,5
JK235646,41.73294,-87.60863,7
JK186858,41.797863,-87.7429,3
JK144502,41.883614,-87.7368,4
JK208678,41.777874,-87.61556,5
JK152104,41.90968,-87.74155,0
JK183006,41.812763,-87.59933,5
JK207613,41.929367,-87.64025,1
JK229309,41.689014,-87.66527,6
JK215014,41.88556,-87.65365,4
JK219491,41.794853,-87.67311,3
JK186065,41.93781,-87.75504,0
JK216427,41.866417,-87.704895,4
JK215745,41.876728,-87.64309,4
JK224399,41.954536,-87.651146,1
JK195204,41.97486,-87.89037,0
JK236610,41.812492,-87.60396,5
JK152094,41.683193,-87.64743,6
JK159403,41.755642,-87.642944,5
JK199678,41.920982,-87.75114,0
JK146655,41.885727,-87.62591,2
JK155209,41.938835,-87.74607,0
JK195080,41.67781,-87.6423,6
JK236140,41.96138,-87.65474,1
JK145530,41.7146,-87.567024,7
JK214684,41.918247,-87.712494,0
JK212685,41.96187,-87.64826,1
JK142089,41.858948,-87.646675,2
JK145772,41.895805,-87.68318,4
JK216049,41.748108,-87.63788,5
JK158960,41.908497,-87.75966,0
JK220280,41.962486,-87.64993,1
JK163910,41.8989,-87.671036,1
JK175291,41.929745,-87.68427,1
JK164987,41.77143,-87.68211,3
JK189675,41.792305,-87.62402,5
JK143093,41.794827,-87.580444,5
JK148669,41.795364,-87.7022,3
JK148457,41.692257,-87.65046,6
JK214315,41.789204,-87.70344,3
JK229227,41.96525,-87.6683,1
JK197705,41.837944,-87.653824,2
JK170195,41.95394,-87.704796,1
JK216842,41.874973,-87.72547,4
JK208605,41.877567,-87.68489,4
JK231389,41.70803,-87.56929,7
JK143579,41.743504,-87.60502,7
JK149027,41.78603,-87.71694,3
JK211802,41.98563,-87.689514,1
JK205287,41.940006,-87.64769,1
JK153191,41.719193,-87.653725,6
JK174996,41.931137,-87.69759,0
JK196477,41.975666,-87.77848,0
JK226952,41.69195,-87.635124,6
JK141315,41.97874,-87.68075,1
JK154787,41.704903,-87.66066,6
JK175769,41.930904,-87.64402,1
JK162409,41.801407,-87.658394,3
JK161108,41.781754,-87.63632,5
JK202909,41.993755,-87.8014,0
JK176866,41.75814,-87.64423,5
JK190144,41.93192,-87.77964,0
JK202693,41.730053,-87.55326,7
JK184942,41.745228,-87.54549,7
JK152283,41.8417,-87.719604,4
JK184957,41.893703,-87.70864,0
JK173380,41.77428,-87.71179,3
JK232491,41.852337,-87.62379,2
JK230418,41.72561,-87.56934,7
JK223227,41.947315,-87.64995,1
JK150431,41.886017,-87.7225,4
JK176579,41.899235,-87.62244,2
JK215868,41.869286,-87.62525,2
JK201507,41.942997,-87.644615,1
JK168890,41.876617,-87.758125,0
JK224462,41.885868,-87.63477,2
JK204500,41.73499,-87.66669,6
JK187309,41.876698,-87.752045,4
JK209144,41.970627,-87.76684,0
JK212665,41.773468,-87.64826,5
JK146974,41.77509,-87.66777,3
JK163303,41.90469,-87.759735,0
JK210600,41.880383,-87.75423,0
JK216602,41.7383,-87.55874,7
JK224738,41.794792,-87.58253,5
JK154392,41.79749,-87.61605,5
JK175974,41.7259,-87.55002,7
JK142802,41.79786,-87.60512,5
JK210696,41.90816,-87.674,1
JK217293,41.845406,-87.64066,2
JK144292,41.87181,-87.62734,2
JK189685,41.697567,-87.61961,6
JK196462,41.929752,-87.77713,0
JK236081,41.854984,-87.67164,4
JK165612,41.700188,-87.53891,7
JK171815,41.96979,-87.71096,1
JK169659,41.972843,-87.67113,1
JK209717,41.749046,-87.62932,5
JK156066,41.891403,-87.62806,2
JK212611,41.864075,-87.62517,2
JK225739,41.874058,-87.74574,4
JK163852,41.752537,-87.58089,7
JK146230,41.86558,-87.61949,2
JK230286,41.89114,-87.612465,2
JK194642,41.880363,-87.755844,0
JK187133,41.76315,-87.559715,7
JK198346,41.873905,-87.72543,4
JK194954,41.85383,-87.62068,2
JK193864,41.70699,-87.62025,6
JK143488,41.765026,-87.57628,7
JK185248,41.925175,-87.66651,1
JK194630,41.886932,-87.630424,2
JK160781,41.96129,-87.692795,1
JK192071,41.783276,-87.62379,5
JK195229,41.78628,-87.60604,5
JK159569,41.80031,-87.602844,5
JK171484,41.830643,-87.65409,2
JK234907,41.888893,-87.76132,0
JK211942,41.89145,-87.61768,2
JK212741,41.96673,-87.76745,0
JK193779,41.931553,-87.79182,0
JK223897,41.865467,-87.773476,0
JK153879,41.805126,-87.608894,5
JK141988,41.694363,-87.62654,6
JK211901,41.91981,-87.72786,0
JK183227,41.97896,-87.796936,0
JK165302,41.75368,-87.653824,5
JK216476,41.914192,-87.70687,0
JK166165,41.779232,-87.68543,3
JK216301,41.922653,-87.74871,0
JK230794,41.891354,-87.61518,2
JK232542,41.882526,-87.62438,2
JK155242,41.783936,-87.61287,5
JK155942,41.767036,-87.58281,7
JK199781,41.884495,-87.62702,2
JK209090,41.889046,-87.64069,4
JK149654,41.72905,-87.57796,7
JK183487,41.870388,-87.6259,2
JK208421,41.894993,-87.74692,0
JK224936,41.865543,-87.768295,0
JK143630,41.7821,-87.5865,7
JK202071,41.793335,-87.591095,5
JK147320,41.901585,-87.62662,2
JK191849,41.79689,-87.60277,5
JK191350,41.776688,-87.70309,3
JK175892,41.921906,-87.64264,1
JK167362,41.936565,-87.72337,0
JK207305,41.80318,-87.585434,5
JK211077,41.907116,-87.6896,4
JK216724,41.782322,-87.66429,3
JK145001,41.9353,-87.657486,1
JK169644,41.6637,-87.5532,7
JK146257,41.80246,-87.66359,3
JK178340,41.91134,-87.66261,1
JK217451,41.744663,-87.55114,7
JK186279,41.80414,-87.60087,5
JK170975,41.695515,-87.65464,6
JK218611,41.937057,-87.63945,1
JK154997,41.801914,-87.598236,5
JK184785,41.730724,-87.56097,7
JK224583,41.67903,-87.6299,6
JK236204,41.892265,-87.746124,0
JK148980,41.794674,-87.62357,5
JK146999,41.79122,-87.68885,3
JK235049,41.77336,-87.6407,5
JK155621,41.88133,-87.73059,4
JK232258,41.809563,-87.66621,3
JK196262,41.76528,-87.57136,7
JK197056,41.86751,-87.686844,4
JK156469,41.77013,-87.68515,3
JK170203,41.910995,-87.782455,0
JK205242,41.967678,-87.67099,1
JK223238,41.892883,-87.76891,0
JK161491,41.7736,-87.62839,5
JK228637,41.88937,-87.634026,2
JK180430,41.87328,-87.71974,4
JK141555,41.894787,-87.6347,2
JK154985,41.750187,-87.64403,5
JK140457,41.909473,-87.757805,0
JK151435,41.69643,-87.535286,7
JK204374,41.764107,-87.576256,7
JK150635,41.964767,-87.638916,1
JK234580,41.87419,-87.73813,4
JK169225,41.73119,-87.60378,7
JK148249,41.9713,-87.726906,1
JK186353,41.841125,-87.634735,2
JK153334,41.880913,-87.681526,4
JK192826,41.778397,-87.744064,3
JK173528,41.74566,-87.54793,7
JK169685,41.824677,-87.61701,2
JK191439,41.918003,-87.66758,1
JK230569,41.675465,-87.64071,6
JK221951,41.760555,-87.68558,3
JK167892,41.8021,-87.587746,5
JK186797,41.85125,-87.677155,4
JK167236,41.995186,-87.76218,0
JK174107,41.758274,-87.62258,5
JK163688,41.9185,-87.67895,1
JK160887,41.95845,-87.67739,1
JK199627,41.797054,-87.67439,3
JK156102,41.74537,-87.60259,7
JK216546,41.975864,-87.692955,1
JK154746,41.962475,-87.66501,1
JK226036,41.88023,-87.74527,4
JK178027,41.936047,-87.63678,1
JK194939,41.99661,-87.68863,1
JK157337,41.87227,-87.6301,2
JK193701,41.814503,-87.71139,3
JK213186,41.876465,-87.66027,4
JK197789,41.759953,-87.588394,7
JK180598,41.78626,-87.70254,3
JK186469,41.693077,-87.65817,6
JK177503,41.775146,-87.66778,3
JK200363,41.79122,-87.68885,3
JK174839,41.847065,-87.712425,4
JK176506,41.902977,-87.62467,2
JK189516,41.98619,-87.66426,1
JK234077,41.974403,-87.76703,0
JK176976,41.93736,-87.66858,1
JK156662,41.931583,-87.742744,0
JK183821,41.982147,-87.69062,1
JK186041,41.98513,-87.774994,0
JK237307,41.788395,-87.62231,5
JK203922,41.748554,-87.61808,5
JK195251,41.97537,-87.744026,0
JK156807,41.74567,-87.66696,5
JK201455,41.87829,-87.71419,4
JK166655,41.89347,-87.632645,2
JK165843,41.838085,-87.64319,2
JK201326,41.774067,-87.739716,3
JK203490,41.92423,-87.74692,0
JK209330,41.779568,-87.73011,3
JK189108,41.967335,-87.688866,1
JK175636,41.869316,-87.663216,4
JK177567,41.82268,-87.61242,2
JK141111,41.794537,-87.58044,5
JK168917,41.799747,-87.749054,3
JK189091,41.884834,-87.76502,0
JK154452,41.841854,-87.62874,2
JK205602,41.93632,-87.71119,0
JK190928,41.989338,-87.694496,1
JK193150,41.754593,-87.74153,3
JK165671,41.957462,-87.74743,0
JK157128,41.755283,-87.544304,7
JK236271,41.9033,-87.670296,1
JK154378,41.681305,-87.65259,6
JK193200,41.88946,-87.62422,2
JK153577,41.72739,-87.67741,6
JK151423,41.895924,-87.749245,0
JK185933,41.983643,-87.771965,0
JK149064,41.778843,-87.77276,3
JK171122,41.786293,-87.66438,3
JK174618,41.673763,-87.63095,6
JK152232,41.918713,-87.76551,0
JK180503,41.908432,-87.63851,2
JK217780,41.79005,-87.65355,3
JK174499,41.707832,-87.583084,7
JK222622,41.90112,-87.69541,4
JK178658,41.868217,-87.630455,2
JK190865,41.730736,-87.6205,7
JK189691,41.93743,-87.76646,0
JK161756,41.868008,-87.72383,4
JK149644,41.844143,-87.732376,4
JK229724,41.9951,-87.66042,1
JK187631,41.754467,-87.58094,7
JK142290,41.94045,-87.651085,1
JK201812,41.685333,-87.62204,6
JK151358,41.737698,-87.60121,7
JK189625,41.88937,-87.634026,2
JK148809,41.94154,-87.721146,0
JK159141,41.819374,-87.61843,2
JK221743,41.95344,-87.74496,0
JK161182,41.73894,-87.64735,5
JK200334,41.83545,-87.64622,2
JK226211,41.695152,-87.64246,6
JK169845,41.929745,-87.68427,1
JK143229,41.86707,-87.72615,4
JK143902,41.709377,-87.6916,6
JK190601,41.97682,-87.767235,0
JK205186,41.987297,-87.69079,1
JK201830,41.882557,-87.67911,4
JK197408,41.95912,-87.653465,1
JK155404,41.718895,-87.53649,7
JK171195,41.7502,-87.63308,5
JK198808,41.754593,-87.74153,3
JK194735,41.973167,-87.71349,1
JK146596,41.776196,-87.59455,7
JK191144,41.774124,-87.721306,3
JK156853,41.880863,-87.74774,4
JK143604,41.73338,-87.66421,6
JK210092,41.779724,-87.64646,5
JK142968,41.768692,-87.62494,5
JK142976,41.791626,-87.76959,3
JK204302,41.772636,-87.57159,7
JK185254,41.955616,-87.71714,1
JK230556,41.8752,-87.717476,4
JK171323,41.791542,-87.65845,3
JK140955,41.88587,-87.632454,2
JK174245,41.895954,-87.71633,0
JK175918,41.77797,-87.60283,5
JK212049,41.759296,-87.58839,7
JK204997,41.885105,-87.64687,4
JK149805,41.734695,-87.65452,6
JK206861,41.854786,-87.63015,2
JK171611,41.8857,-87.64203,4
JK197343,41.894062,-87.62874,2
JK151050,41.774616,-87.664085,3
JK214443,41.857857,-87.710304,4
JK171019,41.930603,-87.740234,0
JK233980,41.663296,-87.632675,6
JK143535,41.926643,-87.763626,0
JK150937,41.881348,-87.67452,4
JK161834,41.91412,-87.7465,0
JK219408,41.869335,-87.68672,4
JK149634,41.735107,-87.65331,6
JK211726,41.689934,-87.618195,6
JK171743,41.85527,-87.651695,4
JK183952,41.797604,-87.62092,5
JK154355,41.991337,-87.65685,1
JK150808,41.854347,-87.72358,4
JK235609,41.7661,-87.57354,7
JK233822,41.78302,-87.62055,5
JK236392,41.723934,-87.66031,6
JK183642,41.997868,-87.68189,1
JK189703,41.903454,-87.629974,2
JK169141,41.88059,-87.70611,4
JK179189,41.890057,-87.628494,2
JK236419,41.764973,-87.60188,7
JK151194,41.820095,-87.69571,3
JK162371,41.92182,-87.72005,0
JK208667,41.762318,-87.597664,7
JK214067,41.791077,-87.58046,5
JK173661,41.882004,-87.72895,4
JK178782,41.750877,-87.58004,7
JK190233,41.759327,-87.64548,5
JK234799,41.965225,-87.66982,1
JK151475,41.6935,-87.64241,6
JK224652,41.880627,-87.73404,4
JK163616,41.875656,-87.762726,0
JK228030,41.8857,-87.64203,4
JK206688,41.952717,-87.676285,1
JK145085,41.972134,-87.74791,0
JK238721,41.72109,-87.6714,6
JK232821,41.885914,-87.69642,4
JK151944,41.75229,-87.65592,5
JK144105,41.877895,-87.62431,2
JK214095,41.891865,-87.63408,2
JK209615,41.671654,-87.621574,6
JK187215,41.9254,-87.652336,1
JK187291,41.891705,-87.61288,2
JK237024,41.68534,-87.720116,6
JK218249,41.78309,-87.66598,3
JK208954,41.969906,-87.76252,0
JK199052,41.910217,-87.62621,2
JK226068,41.77552,-87.65439,5
JK143286,41.78641,-87.768166,3
JK189716,41.77365,-87.691444,3
JK223509,41.74777,-87.665794,5
JK145818,41.77615,-87.615524,5
JK174427,41.78079,-87.63819,5
JK152411,41.89689,-87.628204,2
JK198967,41.933872,-87.705475,0
JK149196,41.942352,-87.649345,1
JK163506,41.81261,-87.72376,3
JK189991,41.890015,-87.63167,2
JK156250,41.83613,-87.618225,2
JK189662,41.710682,-87.63454,6
JK198328,41.877472,-87.67822,4
JK168346,41.895966,-87.74505,0
JK200473,41.78269,-87.65094,3
JK160422,41.942535,-87.65662,1
JK181061,41.85982,-87.65269,4
JK149449,41.877823,-87.65518,4
JK164315,41.71482,-87.56944,7
JK229379,41.82818,-87.66912,3
JK180392,41.88769,-87.619835,2
JK205595,41.98721,-87.706314,1
JK206335,41.866302,-87.71421,4
JK223175,41.885807,-87.68027,4
JK209341,41.908432,-87.63851,2
JK202821,41.80382,-87.68919,3
JK227312,41.7655,-87.58631,7
JK181627,41.88792,-87.62802,2
JK143977,41.785114,-87.615746,5
JK207686,41.90292,-87.69733,4
JK194807,41.884495,-87.741615,0
JK165141,41.823906,-87.61122,2
JK213034,41.91387,-87.69189,4
JK165886,41.893578,-87.62543,2
JK231019,41.721245,-87.571686,7
JK233626,41.91437,-87.72891,0
JK176917,41.94269,-87.67844,1
JK171854,41.878876,-87.70115,4
JK146401,41.918575,-87.673996,1
JK149052,41.844765,-87.72458,4
JK199853,41.773033,-87.572815,7
JK216484,41.952118,-87.83359,0
JK185711,41.896126,-87.66392,1
JK211961,41.65296,-87.548386,7
JK197084,41.96129,-87.692795,1
JK231693,41.74356,-87.722404,3
JK191675,41.88464,-87.729126,4
JK194571,41.98559,-87.704094,1
JK191663,41.874416,-87.63859,4
JK225007,41.77096,-87.68464,3
JK155576,41.68683,-87.60829,6
JK181583,41.944256,-87.75047,0
JK177261,41.975227,-87.658615,1
JK228644,41.961838,-87.650314,1
JK176370,41.695988,-87.59665,6
JK194319,41.9393,-87.7104,0
JK163860,41.864494,-87.63916,2
JK214988,41.778534,-87.660545,3
JK205275,41.96236,-87.66374,1
JK193400,41.93823,-87.791275,0
JK201476,41.94116,-87.642914,1
JK168933,41.752678,-87.584435,7
JK169434,41.841576,-87.658104,2
JK163577,41.679058,-87.6323,6
JK232124,41.80888,-87.751755,3
JK162055,41.89231,-87.71744,0
JK194963,41.868164,-87.62744,2
JK150708,41.93888,-87.742744,0
JK199225,41.86818,-87.709274,4
JK142248,41.653114,-87.53989,7
JK192551,41.846638,-87.62535,2
JK230639,41.779022,-87.69993,3
JK165723,41.93732,-87.76645,0
JK182568,41.89495,-87.75233,0
JK196580,41.845856,-87.7063,4
JK179332,41.736767,-87.54582,7
JK230883,41.703194,-87.60999,6
JK227304,41.80965,-87.59602,5
JK176131,41.757004,-87.65148,5
JK235074,41.856827,-87.66997,4
JK165716,41.924595,-87.71783,0
JK159281,41.893818,-87.773544,0
JK164749,41.80851,-87.67482,3
JK175669,41.89601,-87.634186,2
JK219319,41.970585,-87.67848,1
JK233841,41.759365,-87.61833,5
JK147813,41.77716,-87.662926,3
JK155801,41.8803,-87.63232,2
JK216370,41.795868,-87.624115,5
JK151717,41.888973,-87.77303,0
JK202661,41.777557,-87.615555,5
JK225047,41.96413,-87.66376,1
JK165898,41.773212,-87.6908,3
JK213479,41.77116,-87.679665,3
JK224152,41.764225,-87.683235,3
JK199287,41.889896,-87.72281,4
JK149716,41.70229,-87.66698,6
JK157820,41.797935,-87.6063,5
JK158361,41.922447,-87.69662,0
JK190634,41.87654,-87.62925,2
JK156056,41.780415,-87.605606,5
JK194797,41.889202,-87.63164,2
JK148595,41.87405,-87.6276,2
JK219127,41.915394,-87.79131,0
JK193258,41.764694,-87.56452,7
JK189882,41.74371,-87.683975,3
JK181223,41.881733,-87.75156,0
JK159745,41.7467,-87.60753,7
JK142332,41.93128,-87.65382,1
JK164529,41.91009,-87.70873,0
JK148649,41.881187,-87.68483,4
JK213299,41.909447,-87.75998,0
JK233938,41.76749,-87.68454,3
JK145854,41.704292,-87.60392,6
JK211053,41.79391,-87.67465,3
JK198154,41.877823,-87.65518,4
JK193636,41.88879,-87.632515,2
JK160321,41.911343,-87.63471,2
JK181546,41.883286,-87.757614,0
JK152902,41.75664,-87.6119,5
JK185713,41.87418,-87.667854,4
JK200962,41.7821,-87.5865,7
JK176038,41.750744,-87.599106,7
JK197197,41.974033,-87.659805,1
JK147050,41.903423,-87.66194,1
JK226790,41.754707,-87.567505,7
JK151577,41.976566,-87.7915,0
JK165427,41.732822,-87.58556,7
JK165014,41.754593,-87.74153,3
JK233159,41.83941,-87.64632,2
JK194108,41.75763,-87.58571,7
JK150456,41.779243,-87.68451,3
JK240104,41.86798,-87.656715,4
JK204573,41.786682,-87.669876,3
JK208799,41.95109,-87.82694,0
JK224949,41.798565,-87.69027,3
JK203021,41.74577,-87.726906,3
JK182538,41.73178,-87.604706,7
JK153195,41.808353,-87.68972,3
JK178935,41.855793,-87.67971,4
JK187896,41.788834,-87.63388,5
JK154820,41.88136,-87.76158,0
JK179166,41.90393,-87.629395,2
JK209731,41.81617,-87.6104,2
JK153977,41.803593,-87.68555,3
JK192935,41.73598,-87.65009,5
JK164818,41.69751,-87.61106,6
JK187806,41.976093,-87.69235,1
JK213027,41.903305,-87.67007,1
JK206904,41.751453,-87.624565,5
JK221220,41.83566,-87.62336,2
JK209280,41.747578,-87.60825,7
JK165212,41.79625,-87.676796,3
JK181218,41.930904,-87.64402,1
JK221541,41.882538,-87.62785,2
JK152375,41.941032,-87.659004,1
JK189396,41.929745,-87.68427,1
JK196294,41.75193,-87.64407,5
JK158482,41.78563,-87.62018,5
JK189667,41.802135,-87.613556,5
JK147081,41.868298,-87.69931,4
JK206220,41.95313,-87.7711,0
JK210879,41.885548,-87.74546,0
JK195121,41.8857,-87.64203,4
JK154072,41.869354,-87.66069,4
JK144269,41.98726,-87.74315,0
JK238389,41.844223,-87.72669,4
JK232922,41.66991,-87.626015,6
JK162222,41.747707,-87.66094,5
JK227205,41.901844,-87.715546,0
JK144350,41.778755,-87.617294,5
JK143388,41.94813,-87.64951,1
JK164188,41.992027,-87.66033,1
JK203079,41.922466,-87.68819,1
JK208935,41.705677,-87.600945,6
JK172172,41.968166,-87.7347,1
JK163038,41.844265,-87.7238,4
JK187411,41.901142,-87.6928,4
JK224745,41.7308,-87.58552,7
JK171708,41.954853,-87.67423,1
JK144906,41.713306,-87.63815,6
JK180576,41.92468,-87.766014,0
JK218029,41.845856,-87.7063,4
JK194417,41.954617,-87.70804,1
JK178342,41.721394,-87.64861,6
JK227819,41.9295,-87.70737,0
JK220772,41.940876,-87.72768,0
JK223308,41.69926,-87.61355,6
JK205354,41.961674,-87.66294,1
JK167921,41.86936,-87.74243,4
JK174531,41.873096,-87.62736,2
JK207184,41.866215,-87.72189,4
JK220355,41.7777,-87.61315,5
JK193111,41.884457,-87.67672,4
JK161199,41.90005,-87.621475,2
JK211518,41.76959,-87.68827,3
JK174051,41.7352,-87.65575,6
JK152731,41.96747,-87.73666,1
JK144995,41.8836,-87.65767,4
JK192658,41.872868,-87.697365,4
JK207805,41.778877,-87.70884,3
JK206539,41.77562,-87.72268,3
JK220831,41.937828,-87.67186,1
JK205147,41.77142,-87.66157,5
JK198468,41.81754,-87.62468,2
JK215475,41.918766,-87.74556,0
JK229952,41.883476,-87.62788,2
JK162874,41.954872,-87.705605,1
JK178852,41.83607,-87.61304,2
JK213154,41.867012,-87.6556,4
JK201966,41.78121,-87.622,5
JK157694,41.766285,-87.643196,5
JK230846,41.881546,-87.6262,2
JK217164,41.774643,-87.70304,3
JK188321,41.906277,-87.67001,1
JK194144,41.863815,-87.7056,4
JK162492,41.882084,-87.68706,4
JK165696,41.911015,-87.78057,0
JK229603,41.9008,-87.67719,1
JK206518,41.701256,-87.61726,6
JK164319,41.929676,-87.80278,0
JK168127,41.845623,-87.708725,4
JK224468,41.895927,-87.74889,0
JK186206,41.911465,-87.79487,0
JK150345,41.884766,-87.658844,4
JK199140,41.95099,-87.712814,1
JK227680,41.98559,-87.69681,1
JK144484,41.966022,-87.78197,0
JK170039,41.759968,-87.60418,5
JK199991,41.786728,-87.66612,3
JK156251,41.721226,-87.66201,6
JK235227,41.93385,-87.76388,0
JK216270,41.799797,-87.62097,5
JK212290,41.766163,-87.584114,7
JK170667,41.968403,-87.7129,1
JK229235,41.788986,-87.74148,3
JK241570,41.86136,-87.6944,4
JK227904,41.751305,-87.60361,7
JK164200,41.929745,-87.68427,1
JK150466,41.67783,-87.62051,6
JK241768,41.96927,-87.74657,0
JK231043,41.8835,-87.62788,2
JK195755,41.73984,-87.6037,7
JK211559,41.862286,-87.69452,4
JK199455,41.972164,-87.69084,1
JK185524,41.89949,-87.618866,2
JK208689,41.743347,-87.57724,7
JK152924,41.80862,-87.62444,5
JK192179,41.93433,-87.736885,0
JK158103,41.866516,-87.695175,4
JK169262,41.899807,-87.72499,0
JK158434,41.70017,-87.72068,6
JK229350,41.998947,-87.665535,1
JK230463,41.73616,-87.58563,7
JK208940,41.723892,-87.68216,6
JK195381,41.871647,-87.72391,4
JK196778,41.976852,-87.655,1
JK143104,41.762222,-87.66109,5
JK218732,41.88998,-87.75053,0
JK231253,41.73626,-87.62807,6
JK159357,41.76093,-87.63334,5
JK232250,41.83757,-87.64715,2
JK207582,41.73792,-87.60122,7
JK176964,41.934982,-87.79805,0
JK231084,41.649067,-87.54231,7
JK152998,41.77218,-87.664764,5
JK164401,41.80662,-87.622765,5
JK214807,41.85974,-87.62081,2
JK198793,41.78401,-87.70085,3
JK209035,41.74299,-87.617935,5
JK196626,41.88573,-87.625725,2
JK158399,41.990448,-87.69854,1
JK224708,41.923573,-87.79838,0
JK234365,41.892654,-87.71867,0
JK225266,41.710197,-87.66721,6
JK196384,41.78131,-87.60595,5
JK164564,41.869827,-87.72372,4
JK195107,41.8267,-87.67917,3
JK149714,41.788986,-87.74148,3
JK173364,41.903927,-87.629654,2
JK205178,41.78206,-87.703224,3
JK142963,41.865147,-87.62578,2
JK235656,41.8737,-87.704704,4
JK196943,41.885494,-87.65736,4
JK216223,41.854393,-87.67591,4
JK195290,41.77097,-87.586266,7
JK190708,41.723534,-87.62988,6
JK193912,41.91144,-87.747246,0
JK175574,41.807716,-87.68686,3
JK176282,41.895405,-87.769066,0
JK184948,41.746704,-87.60142,7
JK208790,41.790527,-87.630394,5
JK197496,41.901573,-87.73696,0
JK199737,41.72019,-87.5753,7
JK225164,41.880928,-87.679085,4
JK229346,41.80628,-87.61386,5
JK232999,41.88288,-87.69802,4
JK201435,41.791264,-87.79032,3
JK224880,41.901844,-87.715546,0
JK185120,41.92252,-87.77202,0
JK233738,41.693947,-87.61828,6
JK183207,41.97486,-87.89037,0
JK166410,41.881886,-87.64006,4
JK220390,41.836227,-87.725555,4
JK222710,41.815033,-87.60313,5
JK228684,41.932194,-87.64475,1
JK228580,41.88243,-87.627846,2
JK220878,41.87379,-87.69672,4
JK234454,41.792553,-87.594864,5
JK234758,41.894993,-87.74692,0
JK200797,41.914433,-87.65443,1
JK180975,41.771675,-87.57231,7
JK141440,41.947754,-87.68222,1
JK227736,41.752617,-87.582115,7
JK160515,41.85053,-87.62223,2
JK208557,41.76361,-87.566475,7
JK224136,41.808617,-87.70155,3
JK192166,41.935577,-87.735916,0
JK201085,41.867466,-87.623665,2
JK195804,41.84914,-87.633,2
JK222293,41.972645,-87.661674,1
JK167845,41.74856,-87.66148,5
JK189854,41.90269,-87.64064,2
JK149666,41.97579,-87.70314,1
JK144647,41.92226,-87.75768,0
JK177044,41.972187,-87.66953,1
JK179108,41.68706,-87.62941,6
JK182768,41.751938,-87.61979,5
JK221598,41.883606,-87.707504,4
JK186942,41.747383,-87.57833,7
JK218377,41.861336,-87.62569,2
JK156285,41.85284,-87.62646,2
JK157928,41.763557,-87.561615,7
JK151136,41.691666,-87.64479,6
JK209031,41.98055,-87.820335,0
JK156889,41.766163,-87.56269,7
JK152256,41.946648,-87.70209,1
JK172826,41.895214,-87.66356,1
JK144482,41.878586,-87.746056,4
JK220168,41.92696,-87.71082,0
JK195842,41.892696,-87.62675,2
JK216717,41.93743,-87.64918,1
JK231555,41.87418,-87.667854,4
JK207194,41.975227,-87.658615,1
JK166199,41.76745,-87.58596,7
JK197234,41.796577,-87.59107,5
JK238428,41.86132,-87.704216,4
JK230683,41.922516,-87.738205,0
JK210892,41.721622,-87.6247,6
JK178293,41.69179,-87.642365,6
JK222820,41.80882,-87.59682,5
JK233076,41.929028,-87.674385,1
JK236105,41.938965,-87.68319,1
JK233625,41.90827,-87.7082,0
JK219553,41.892017,-87.62417,2
JK197170,41.8995,-87.634315,2
JK223586,41.88742,-87.664635,4
JK209906,41.681747,-87.66997,6
JK168785,41.86623,-87.72093,4
JK227884,41.850784,-87.73339,4
JK230362,41.79525,-87.5818,5
JK148298,41.88465,-87.627914,2
JK212791,41.757797,-87.5543,7
JK153084,41.831062,-87.62133,2
JK180323,41.747517,-87.5686,7
JK199547,41.909756,-87.65898,1
JK157023,41.92524,-87.661804,1
JK213236,41.76458,-87.56113,7
JK201276,41.745007,-87.60016,7
JK189938,41.943283,-87.755196,0
JK196307,41.961468,-87.678116,1
JK155080,41.7643,-87.64925,5
JK226844,41.883476,-87.62788,2
JK196632,41.855778,-87.72237,4
JK210679,41.866047,-87.73404,4
JK162948,41.72876,-87.59858,7
JK142065,41.872715,-87.71139,4
JK175443,41.735737,-87.66714,6
JK212223,41.800407,-87.593216,5
JK206715,41.88668,-87.63248,2
JK211071,41.8864,-87.707756,4
JK189751,41.71348,-87.567726,7
JK162697,41.94038,-87.68689,1
JK226697,41.77922,-87.76299,3
JK152674,41.876587,-87.62873,2
JK210779,41.87758,-87.669624,4
JK146357,41.861748,-87.71163,4
JK175171,41.861076,-87.69644,4
JK177299,41.919987,-87.772484,0
JK191761,41.791245,-87.70349,3
JK157102,41.757885,-87.61669,5
JK157563,41.81587,-87.61162,2
JK181403,41.918972,-87.78286,0
JK209028,41.95562,-87.64549,1
JK147692,41.988632,-87.81283,0
JK143334,41.750492,-87.654305,5
JK215839,41.913143,-87.689735,4
JK212065,41.723637,-87.662735,6
JK215493,41.93743,-87.64918,1
JK156749,41.878113,-87.63429,2
JK198506,41.896023,-87.71877,0
JK225202,41.75941,-87.585754,7
JK235298,41.73612,-87.57691,7
JK222189,41.926014,-87.75253,0
JK199056,41.731907,-87.63863,6
JK149741,41.799248,-87.584045,5
JK205303,41.927055,-87.71461,0
JK216975,41.882393,-87.627846,2
JK227197,41.8499,-87.68069,4
JK226972,41.703354,-87.5942,6
JK215769,41.902695,-87.67358,1
JK148156,41.87864,-87.62769,2
JK154251,41.910534,-87.65383,1
JK196328,41.762455,-87.58183,7
JK206680,41.697247,-87.72057,6
JK183199,41.894104,-87.62628,2
JK211100,41.886734,-87.652466,4
JK219724,41.879112,-87.63376,2
JK198050,41.89316,-87.63607,2
JK180836,41.8813,-87.67817,4
JK154288,41.77622,-87.703804,3
JK141337,41.719856,-87.566864,7
JK170573,41.849968,-87.6391,2
JK224258,41.9713,-87.726906,1
JK147673,41.960556,-87.71313,1
JK144639,41.729546,-87.62964,6
JK211674,41.878345,-87.709564,4
JK172896,41.870827,-87.71842,4
JK234382,41.97847,-87.78092,0
JK168526,41.847073,-87.711205,4
JK191763,41.753086,-87.55701,7
JK212886,41.9205,-87.752716,0
JK166396,41.9645,-87.65118,1
JK148009,41.938557,-87.76802,0
JK230297,41.706314,-87.642815,6
JK225862,41.762623,-87.561226,7
JK167978,41.981964,-87.69061,1
JK235210,41.84961,-87.6406,2
JK218821,41.94013,-87.7469,0
JK206044,41.881718,-87.62776,2
JK215200,41.925156,-87.70102,0
JK174327,41.74374,-87.61908,5
JK165108,41.77893,-87.65327,5
JK152641,41.742386,-87.65109,5
JK180869,41.797607,-87.75633,3
JK189373,41.876907,-87.628426,2
JK154687,41.738518,-87.56483,7
JK144357,41.93279,-87.7111,0
JK147449,41.918427,-87.716805,0
JK141736,41.859245,-87.694145,4
JK221416,41.77834,-87.703125,3
JK206205,41.88565,-87.64822,4
JK151306,41.822544,-87.66556,3
JK150809,41.889915,-87.719246,0
JK158259,41.89667,-87.62863,2
JK227352,41.839115,-87.64631,2
JK218083,41.911343,-87.63471,2
JK231121,41.867428,-87.62646,2
JK148018,41.75669,-87.56269,7
JK236258,41.74471,-87.59533,7
JK229204,41.796677,-87.66952,3
JK201045,41.85142,-87.73311,4
JK167122,41.792244,-87.786995,3
JK158473,41.686035,-87.66696,6
JK194657,41.83089,-87.635506,2
JK182148,41.86613,-87.657394,4
JK174344,41.748653,-87.655365,5
JK162377,41.91765,-87.637856,1
JK168338,41.894947,-87.75486,0
JK158991,41.884823,-87.75033,0
JK209711,41.688866,-87.668396,6
JK140968,41.912327,-87.73129,0
JK196246,41.743587,-87.558815,7
JK158182,41.778725,-87.67633,3
JK188673,41.793762,-87.62406,5
JK223081,41.88679,-87.6482,4
JK189960,41.89347,-87.632645,2
JK228694,41.756653,-87.554214,7
JK191653,41.881214,-87.637,2
JK189747,41.7476,-87.60696,7
JK214707,41.91996,-87.77234,0
JK208900,41.77958,-87.64478,5
JK174109,41.770897,-87.585014,7
JK182002,41.72235,-87.58438,7
JK217697,41.816994,-87.63357,2
JK177818,41.76434,-87.67109,5
JK195505,41.783318,-87.59471,7
JK191837,41.939598,-87.75799,0
JK233935,41.795773,-87.75339,3
JK233879,41.879543,-87.68639,4
JK185703,41.766476,-87.6493,5
JK144686,41.880257,-87.76411,0
JK212249,41.744217,-87.5786,7
JK233654,41.704544,-87.52813,7
JK188384,41.916706,-87.80052,0
JK224032,41.96809,-87.74194,0
JK223963,41.86254,-87.7232,4
JK164516,41.699287,-87.66786,6
JK140844,41.784756,-87.58814,7
JK175438,41.96307,-87.65598,1
JK157836,41.88916,-87.634445,2
JK229784,41.86838,-87.62585,2
JK153494,41.967045,-87.741425,0
JK144535,41.792553,-87.594864,5
JK234754,41.764153,-87.56267,7
JK148925,41.79647,-87.594955,5
JK167036,41.99744,-87.706245,1
JK196023,41.73645,-87.545815,7
JK167983,41.75245,-87.5699,7
JK150040,41.72403,-87.64571,6
JK172761,41.884785,-87.75645,0
JK157654,41.966007,-87.68883,1
JK184414,41.747753,-87.685234,3
JK193876,41.929165,-87.710884,0
JK233078,41.868217,-87.630455,2
JK236132,41.76622,-87.578606,7
JK177940,41.67783,-87.62051,6
JK205130,41.945972,-87.79965,0
JK176259,41.891613,-87.76655,0
JK219839,41.938744,-87.640785,1
JK244135,41.80436,-87.656395,3
JK233467,41.883938,-87.683136,4
JK207015,41.96793,-87.649284,1
JK179689,41.925175,-87.66651,1
JK196067,41.930904,-87.64402,1
JK154180,41.88489,-87.70131,4
JK191932,41.778828,-87.71207,3
JK145157,41.886444,-87.62632,2
JK221477,41.921978,-87.637535,1
JK143044,41.804134,-87.70386,3
JK181184,41.745247,-87.60016,7
JK153555,41.815968,-87.60184,2
JK214228,41.768623,-87.62985,5
JK186331,41.82637,-87.63288,2
JK169230,41.886997,-87.639915,4
JK230207,41.8803,-87.63232,2
JK190798,41.762894,-87.682396,3
JK147840,41.93651,-87.68397,1
JK230784,41.87681,-87.69986,4
JK240337,41.895454,-87.62547,2
JK216219,41.953854,-87.71321,1
JK178550,41.724903,-87.65953,6
JK231343,41.867844,-87.64221,2
JK209870,41.758404,-87.55495,7
JK236475,41.87679,-87.62605,2
JK178249,41.748215,-87.557236,7
JK160402,41.854965,-87.62714,2
JK224068,41.940434,-87.808044,0
JK157505,41.747734,-87.650024,5
JK144943,41.85518,-87.63439,2
JK226327,41.894207,-87.63711,2
JK154534,41.77602,-87.61552,5
JK171293,41.881264,-87.666794,4
JK151647,41.8283,-87.626495,2
JK199338,41.88948,-87.6476,4
JK159347,41.781075,-87.68442,3
JK142942,41.75051,-87.73414,3
JK231978,41.7553,-87.64902,5
JK165719,41.750515,-87.601524,7
JK230507,41.773556,-87.63,5
JK232386,41.85902,-87.71064,4
JK207738,41.88068,-87.72946,4
JK195628,41.804382,-87.58462,5
JK220595,41.90679,-87.72521,0
JK203027,41.973026,-87.68815,1
JK227208,41.75887,-87.576836,7
JK168710,41.995285,-87.66043,1
JK206030,41.995285,-87.66043,1
JK210762,41.912586,-87.72764,0
JK186086,41.76062,-87.71079,3
JK222048,41.7997,-87.616104,5
JK236577,41.82693,-87.62772,2
JK207199,41.90641,-87.71253,0
JK220498,41.774506,-87.6058,5
JK211363,41.858543,-87.67677,4
JK164453,41.91426,-87.77378,0
JK224061,41.97486,-87.89037,0
JK176641,41.80027,-87.70375,3
JK230703,41.748528,-87.663826,5
JK174528,41.766262,-87.725624,3
JK233443,41.823265,-87.61997,2
JK182591,41.766552,-87.62172,5
JK201620,41.74002,-87.55755,7
JK166795,41.671516,-87.65632,6
JK147337,41.99635,-87.69106,1
JK232081,41.911133,-87.63734,2
JK230478,41.895924,-87.749565,0
JK152753,41.75925,-87.62803,5
JK197074,41.931183,-87.77276,0
JK221500,41.8021,-87.587746,5
JK186442,41.81888,-87.602165,2
JK152707,41.938553,-87.768196,0
JK235065,41.987206,-87.72855,1
JK205524,41.989067,-87.717606,1
JK238036,41.663403,-87.62579,6
JK171174,41.820362,-87.68723,3
JK230526,41.854244,-87.642715,2
JK234385,41.743122,-87.72008,3
JK189038,41.926197,-87.79288,0
JK191540,41.94225,-87.643036,1
JK191050,41.92608,-87.63914,1
JK174706,41.85072,-87.731224,4
JK196187,41.892357,-87.67157,4
JK152567,41.994366,-87.72642,1
JK216130,41.924324,-87.69967,0
JK232594,41.903725,-87.73372,0
JK178406,41.862217,-87.639084,2
JK228137,41.84396,-87.71112,4
JK190796,41.852867,-87.63091,2
JK145156,41.721622,-87.6247,6
JK215922,41.80866,-87.66097,3
JK200157,41.945816,-87.68823,1
JK244068,41.81095,-87.691925,3
JK160406,41.73976,-87.57819,7
JK150436,41.704575,-87.56558,7
JK178831,41.980072,-87.6683,1
JK147037,41.790527,-87.630394,5
JK226750,41.93528,-87.79561,0
JK215556,41.97188,-87.806786,0
JK190647,41.852257,-87.72352,4
JK212929,41.90579,-87.762955,0
JK219671,41.717407,-87.62049,6
JK179694,41.723686,-87.60777,7
JK219877,41.881203,-87.64734,4
JK231258,41.89399,-87.702156,4
JK198268,41.738827,-87.6595,6
JK169976,41.75885,-87.57846,7
JK207829,41.90485,-87.76696,0
JK232126,41.764973,-87.56151,7
JK211333,41.920345,-87.788994,0
JK159670,41.925846,-87.76278,0
JK222388,41.82462,-87.644745,2
JK218253,41.865276,-87.73249,4
JK218518,41.687485,-87.66038,6
JK152394,41.945335,-87.65768,1
JK213127,41.877495,-87.7606,0
JK177597,41.95344,-87.74496,0
JK180727,41.871815,-87.65472,4
JK172310,41.899704,-87.717674,0
JK225143,41.835686,-87.62064,2
JK223167,41.773384,-87.582214,7
JK183424,41.877586,-87.68312,4
JK197305,41.845577,-87.62747,2
JK147326,41.938595,-87.649574,1
JK236817,41.78411,-87.68865,3
JK181199,41.9529,-87.78754,0
JK142912,41.920616,-87.77591,0
JK176561,41.81237,-87.74818,3
JK207847,41.863373,-87.7312,4
JK218383,41.903305,-87.67007,1
JK179176,41.711716,-87.64295,6
JK210695,41.753117,-87.604805,7
JK214505,41.932777,-87.645996,1
JK157252,41.764206,-87.58964,7
JK234337,41.677124,-87.63104,6
JK220238,41.91716,-87.72687,0
JK198825,41.748497,-87.66643,5
JK181799,41.80053,-87.67327,3
JK176683,41.788425,-87.64865,3
JK207691,41.92367,-87.7863,0
JK187717,41.83134,-87.64612,2
JK142150,41.745144,-87.59291,7
JK231363,41.85741,-87.6613,4
JK182406,41.80854,-87.67147,3
JK212826,41.882393,-87.627846,2
JK174175,41.693577,-87.66188,6
JK176862,41.88325,-87.76496,0
JK155628,41.872925,-87.74499,4
JK231659,41.876713,-87.75061,4
JK158546,41.751617,-87.647705,5
JK217026,41.713352,-87.65359,6
JK156329,41.761124,-87.5862,7
JK157171,41.889973,-87.71507,0
JK230125,41.931213,-87.67689,1
JK222688,41.82932,-87.6794,3
JK214113,41.8892,-87.63186,2
JK184544,41.764256,-87.711586,3
JK202816,41.767834,-87.66268,5
JK208742,41.871563,-87.73056,4
JK230908,41.880577,-87.73847,4
JK213452,41.93488,-87.636734,1
JK232541,41.843956,-87.71233,4
JK160448,41.720306,-87.562935,7
JK196923,41.91776,-87.72902,0
JK225299,41.814983,-87.690735,3
JK155018,41.953537,-87.737434,0
JK203248,41.955967,-87.722466,0
JK164847,41.95574,-87.70736,1
JK220971,41.780556,-87.664246,3
JK159069,41.87184,-87.76357,0
JK221770,41.797104,-87.66345,3
JK164204,41.99679,-87.66417,1
JK141868,41.83207,-87.61698,2
JK149421,41.89437,-87.713844,0
JK169085,41.76572,-87.582436,7
JK190123,41.777237,-87.692535,3
JK173645,41.957397,-87.73965,0
JK199068,41.945824,-87.65541,1
JK196893,41.765717,-87.614914,5
JK218569,41.8734,-87.71078,4
JK148280,41.896538,-87.67707,4
JK209202,41.895733,-87.68778,4
JK190738,41.9756,-87.79433,0
JK172401,41.668034,-87.63436,6
JK184183,41.940865,-87.712555,0
JK170776,41.89083,-87.6303,2
JK210409,41.75732,-87.57744,7
JK180858,41.80114,-87.68501,3
JK214564,41.7648,-87.57694,7
JK152516,41.872845,-87.763176,0
JK147731,41.94687,-87.76075,0
JK217492,41.89945,-87.68303,4
JK144895,41.72109,-87.6714,6
JK217194,41.90851,-87.7547,0
JK171413,41.75511,-87.64658,5
JK191367,41.94008,-87.64237,1
JK229118,41.794422,-87.638405,3
JK184952,41.86136,-87.6944,4
JK240258,41.802208,-87.67454,3
JK208313,41.85797,-87.6555,4
JK185563,41.89085,-87.62873,2
JK160173,41.68794,-87.65076,6
JK235494,41.925354,-87.737404,0
JK163294,41.7661,-87.57354,7
JK229579,41.849403,-87.70396,4
JK175827,41.931667,-87.64542,1
JK143996,41.861977,-87.728714,4
JK167805,41.968384,-87.71516,1
JK232979,41.865326,-87.72881,4
JK155003,41.749477,-87.55043,7
JK191516,41.968235,-87.72857,1
JK235037,41.750187,-87.64403,5
JK234152,41.875973,-87.74125,4
JK198191,41.995052,-87.69224,1
JK231212,41.820248,-87.61602,2
JK147838,41.692593,-87.622345,6
JK233428,41.726128,-87.57458,7
JK220563,41.78708,-87.64183,3
JK181498,41.955177,-87.75274,0
JK201292,41.78579,-87.6887,3
JK159169,41.969448,-87.78921,0
JK198685,41.898403,-87.70045,4
JK231736,41.68193,-87.672676,6
JK204281,41.88298,-87.65694,4
JK208751,41.762657,-87.56126,7
JK167818,41.932472,-87.6641,1
JK222031,41.757584,-87.60536,5
JK215146,41.87661,-87.62765,2
JK224207,41.807552,-87.67101,3
JK198725,41.95692,-87.652054,1
JK169344,41.90982,-87.671,1
JK191635,41.975956,-87.822624,0
JK220477,41.752377,-87.55148,7
JK213576,41.93843,-87.63764,1
JK211600,41.88366,-87.63242,2
JK217799,41.89601,-87.62428,2
JK165453,41.754593,-87.74153,3
JK223171,41.786873,-87.65555,3
JK219247,41.918343,-87.70767,0
JK184478,41.867207,-87.64309,2
JK146241,41.727867,-87.63171,6
JK204560,41.826973,-87.6387,2
JK164555,41.85242,-87.62708,2
JK184722,41.79082,-87.735344,3
JK185283,41.880753,-87.723854,4
JK170552,41.87661,-87.62765,2
JK240761,41.974033,-87.659805,1
JK181548,41.768776,-87.64866,5
JK166781,41.887375,-87.654526,4
JK228126,41.909473,-87.667656,1
JK195112,41.773506,-87.650696,5
JK161675,41.952126,-87.7063,1
JK219639,41.807705,-87.66495,3
JK214788,41.71159,-87.63436,6
JK169963,41.952026,-87.71376,1
JK158758,41.992634,-87.73251,1
JK158518,41.758327,-87.61952,5
JK182810,41.925705,-87.703384,0
JK211275,41.931213,-87.67689,1
JK199252,41.87908,-87.65555,4
JK221070,41.88321,-87.63016,2
JK154013,41.713,-87.65028,6
JK219375,41.74588,-87.59728,7
JK220005,41.974903,-87.76629,0
JK202969,41.902645,-87.72803,0
JK198166,41.75811,-87.63246,5
JK198423,41.80788,-87.67589,3
JK171998,41.809666,-87.68936,3
JK179737,41.751343,-87.56138,7
JK158365,41.772038,-87.67675,3
JK215665,41.839363,-87.62192,2
JK204314,41.96592,-87.65781,1
JK160609,41.868217,-87.630455,2
JK182637,41.807808,-87.59823,5
JK190004,41.776997,-87.64836,5
JK220387,41.863796,-87.72754,4
JK210848,41.935333,-87.77003,0
JK145686,41.738544,-87.69368,3
JK159275,41.909637,-87.7453,0
JK184459,41.881786,-87.63236,2
JK175804,41.76572,-87.61479,5
JK176756,41.707245,-87.618164,6
JK225429,41.71856,-87.537704,7
JK153222,41.809444,-87.674965,3
JK223292,41.883217,-87.627655,2
JK216557,41.7217,-87.62552,6
JK203574,41.773273,-87.59245,7
JK214457,41.707565,-87.56329,7
JK204334,41.80154,-87.61614,5
JK230905,41.78492,-87.6206,5
JK205202,41.79363,-87.62779,5
JK175917,41.94312,-87.686424,1
JK149122,41.876465,-87.63176,2
JK204342,41.841,-87.642715,2
JK182241,41.933067,-87.65144,1
JK185677,41.837708,-87.6904,4
JK240520,41.971146,-87.70733,1
JK180908,41.898003,-87.62877,2
JK164654,41.887157,-87.77051,0
JK213633,41.673412,-87.652725,6
JK210156,41.736813,-87.5528,7
JK145521,41.888367,-87.64432,4
JK143736,41.882908,-87.695206,4
JK210497,41.735996,-87.58811,7
JK221537,41.78894,-87.60496,5
JK188855,41.717964,-87.63283,6
JK227315,41.886818,-87.62906,2
JK196209,41.877483,-87.677086,4
JK186618,41.789955,-87.64748,3
JK173647,41.7942,-87.72809,3
JK206353,41.752644,-87.584435,7
JK205168,41.794224,-87.75254,3
JK203038,41.81782,-87.72393,3
JK215711,41.904697,-87.748474,0
JK200408,41.90767,-87.65548,1
JK208566,41.781326,-87.647514,5
JK187446,41.753075,-87.55032,7
JK228754,41.871094,-87.67147,4
JK214578,41.906845,-87.75588,0
JK145403,41.97573,-87.65499,1
JK172624,41.916946,-87.74482,0
JK203335,41.917156,-87.76939,0
JK162321,41.772743,-87.57403,7
JK212231,41.786552,-87.61902,5
JK191726,41.81213,-87.61516,2
JK179945,41.92942,-87.6683,1
JK197985,41.870934,-87.74492,4
JK172141,41.751526,-87.64892,5
JK195011,41.873634,-87.71008,4
JK146965,41.80777,-87.6613,3
JK242884,41.67345,-87.634544,6
JK210964,41.91776,-87.687416,1
JK213965,41.931522,-87.74759,0
JK173016,41.849136,-87.6334,2
JK148458,41.871674,-87.72154,4
JK229977,41.901905,-87.67235,1
JK207508,41.947186,-87.68827,1
JK228188,41.93231,-87.738045,0
JK190939,41.78405,-87.67281,3
JK186642,41.88013,-87.64114,4
JK182808,41.955967,-87.722466,0
JK171046,41.75455,-87.58338,7
JK202306,41.824677,-87.61701,2
JK233006,41.837963,-87.61747,2
JK230497,41.87003,-87.708824,4
JK173368,41.87173,-87.71855,4
JK212188,41.65237,-87.617966,6
JK214907,41.94622,-87.70825,1
JK197267,41.93185,-87.79183,0
JK187519,41.726925,-87.58391,7
JK183093,41.80967,-87.59443,5
JK166249,41.929745,-87.68427,1
JK184125,41.898415,-87.77108,0
JK228050,41.86249,-87.70715,4
JK172814,41.751396,-87.66711,5
JK153472,41.8366,-87.61677,2
JK164381,41.974033,-87.659805,1
JK218051,41.84824,-87.73224,4
JK228470,41.794094,-87.66038,3
JK181095,41.923588,-87.79669,0
JK166914,41.656803,-87.55564,7
JK196404,41.865734,-87.72394,4
JK142650,41.89006,-87.707275,0
JK189211,41.806675,-87.61524,5
JK151114,41.654835,-87.55078,7
JK189890,41.903164,-87.62921,2
JK158987,41.963264,-87.768,0
JK209554,41.779114,-87.693695,3
JK146981,41.911842,-87.71441,0
JK166696,41.78185,-87.59948,5
JK150855,41.927017,-87.720726,0
JK144764,41.754807,-87.563866,7
JK185395,41.864582,-87.6865,4
JK184878,41.76511,-87.59023,7
JK218367,41.882362,-87.66789,4
JK225574,41.780228,-87.5962,7
JK157395,41.72282,-87.63961,6
JK192843,41.993618,-87.658325,1
JK154754,41.66614,-87.54057,7
JK153985,41.925102,-87.67199,1
JK194352,41.76251,-87.67348,5
JK215282,41.99218,-87.70028,1
JK173370,41.84993,-87.706894,4
JK143236,41.695988,-87.59665,6
JK220398,41.948532,-87.64799,1
JK185196,41.763435,-87.57499,7
JK154043,41.93888,-87.742744,0
JK227964,41.855526,-87.69785,4
JK173848,41.90824,-87.75965,0
JK212868,41.88197,-87.63159,2
JK166813,41.751877,-87.73659,3
JK185232,41.81172,-87.6393,2
JK221239,41.891983,-87.62417,2
JK151871,41.950935,-87.70182,1
JK184759,41.85683,-87.6697,4
JK176616,41.925354,-87.756195,0
JK147408,41.756058,-87.71083,3
JK155119,41.903965,-87.76466,0
JK178995,41.807228,-87.71621,3
JK187096,41.900597,-87.66863,1
JK236630,41.805286,-87.616486,5
JK169313,41.98165,-87.716125,1
JK225529,41.882393,-87.627846,2
JK193328,41.73098,-87.56463,7
JK157055,41.775448,-87.659256,5
JK157432,41.7802,-87.68733,3
JK213621,41.80659,-87.70393,3
JK225679,41.825123,-87.6123,2
JK214334,41.92449,-87.72609,0
JK181299,41.820595,-87.64098,2
JK219097,41.96151,-87.67501,1
JK196478,41.877823,-87.65518,4
JK214755,41.91567,-87.69741,0
JK220625,41.87834,-87.68025,4
JK152167,41.902515,-87.68701,4
JK187901,41.9711,-87.66775,1
JK222535,41.87767,-87.62929,2
JK211916,41.75206,-87.586365,7
JK165539,41.657734,-87.59763,6
JK208434,41.874424,-87.625336,2
JK207041,41.796932,-87.66709,3
JK190178,41.856167,-87.71269,4
JK157709,41.70638,-87.680855,6
JK146235,41.851437,-87.64646,2
JK226904,41.716557,-87.55651,7
JK186776,41.79895,-87.66593,3
JK173409,41.85916,-87.645515,2
JK149727,41.83238,-87.64614,2
JK149782,41.76365,-87.72234,3
JK154191,41.879955,-87.68004,4
JK180996,41.74589,-87.551445,7
JK168877,41.700134,-87.56198,7
JK224722,41.92251,-87.65351,1
JK158852,41.794174,-87.703575,3
JK178858,41.761032,-87.62807,5
JK214581,41.797997,-87.67759,3
JK208123,41.693584,-87.63999,6
JK235235,41.923977,-87.7663,0
JK191892,41.88174,-87.75118,0
JK152573,41.704388,-87.62678,6
JK178737,41.815094,-87.704254,3
JK207078,41.839706,-87.723206,4
JK141335,41.973263,-87.65862,1
JK154876,41.839924,-87.71955,4
JK169153,41.942646,-87.733795,0
JK158895,41.794174,-87.703575,3
JK196529,41.858128,-87.72369,4
JK223630,41.948807,-87.66934,1
JK220479,41.80213,-87.61368,5
JK170774,41.737064,-87.57529,7
JK228502,41.968765,-87.68866,1
JK223030,41.72155,-87.57655,7
JK158396,41.94054,-87.64442,1
JK162541,41.748734,-87.6076,7
JK181443,41.88428,-87.662636,4
JK146331,41.83812,-87.64057,2
JK235312,41.80716,-87.58847,5
JK147884,41.73737,-87.552025,7
JK190572,41.89399,-87.702156,4
JK208195,41.93743,-87.64918,1
JK225497,41.94016,-87.812935,0
JK200339,41.882008,-87.7288,4
JK174024,41.78562,-87.685036,3
JK214942,41.88235,-87.73553,4
JK143419,41.932053,-87.76749,0
JK221753,41.765354,-87.60484,5
JK152241,41.705326,-87.66307,6
JK167220,41.90985,-87.76423,0
JK225205,41.907284,-87.72037,0
JK216860,41.90269,-87.76568,0
JK165803,41.855724,-87.72727,4
JK153172,41.938904,-87.741325,0
JK223579,41.968475,-87.80715,0
JK159716,41.897663,-87.655266,1
JK147463,41.978165,-87.65857,1
JK214888,41.771248,-87.682106,3
JK158723,41.76049,-87.655266,5
JK233132,41.689957,-87.63746,6
JK175979,41.994427,-87.6709,1
JK211097,41.764206,-87.56272,7
JK149267,41.92924,-87.710884,0
JK200227,41.87442,-87.62556,2
JK177190,41.792362,-87.62402,5
JK180142,41.871765,-87.677605,4
JK157821,41.89941,-87.62413,2
JK161647,41.76461,-87.68844,3
JK175897,41.764473,-87.697105,3
JK189949,41.819,-87.60122,2
JK158805,41.849174,-87.71737,4
JK218152,41.765736,-87.66382,5
JK188941,41.812126,-87.61544,2
JK186572,41.692158,-87.612144,6
JK192890,41.91475,-87.69712,0
JK151826,41.846363,-87.70299,4
JK215293,41.97512,-87.6989,1
JK204841,41.88033,-87.73302,4
JK196051,41.94417,-87.64752,1
JK191036,41.77957,-87.61201,5
JK200965,41.80819,-87.68387,3
JK178397,41.813805,-87.70471,3
JK151414,41.765873,-87.576294,7
JK190509,41.68991,-87.635056,6
JK222745,41.760548,-87.67464,5
JK231316,41.86035,-87.70672,4
JK185309,41.72192,-87.58514,7
JK179259,41.883858,-87.73804,4
JK226081,41.781353,-87.635086,5
JK222269,41.960327,-87.778725,0
JK162383,41.971867,-87.729774,1
JK235751,41.86639,-87.707275,4
JK195418,41.88573,-87.625725,2
JK151500,41.77437,-87.597275,7
JK170462,41.949093,-87.64374,1
JK178444,41.775425,-87.69618,3
JK212180,41.779522,-87.660965,3
JK235507,41.772114,-87.67057,5
JK162137,41.760384,-87.67098,5
JK169863,41.91064,-87.66701,1
JK214147,41.941433,-87.73464,0
JK214971,41.766735,-87.62014,5
JK177398,41.90804,-87.63461,2
JK222888,41.970867,-87.78313,0
JK166706,41.722134,-87.59934,7
JK197379,41.889015,-87.65019,4
JK226546,41.884434,-87.64197,4
JK179280,41.78727,-87.664406,3
JK142334,41.871296,-87.62592,2
JK192390,41.739662,-87.7078,3
JK149174,41.945107,-87.67302,1
JK223239,41.878178,-87.62819,2
JK162298,41.86382,-87.70803,4
JK188764,41.78122,-87.7643,3
JK184539,41.903996,-87.64323,2
JK189068,41.859467,-87.64487,2
JK154301,41.831203,-87.61255,2
JK158161,41.73256,-87.58804,7
JK201586,41.743183,-87.601364,7
JK143443,41.778015,-87.63919,5
JK186054,41.746967,-87.601425,7
JK216068,41.931538,-87.711464,0
JK210385,41.943157,-87.713844,0
JK149001,41.901325,-87.628334,2
JK179891,41.73628,-87.62511,6
JK205548,41.81782,-87.72393,3
JK195321,41.796635,-87.647675,3
JK151585,41.970306,-87.70414,1
JK199963,41.95135,-87.80355,0
JK142615,41.780464,-87.68977,3
JK209606,41.87565,-87.763466,0
JK157106,41.67981,-87.62587,6
JK198776,41.76712,-87.57082,7
JK203116,41.930706,-87.76131,0
JK235558,41.6932,-87.6424,6
JK200151,41.86346,-87.65231,4
JK150584,41.749477,-87.55043,7
JK185511,41.7561,-87.61665,5
JK163742,41.89364,-87.66722,1
JK218498,41.922634,-87.80621,0
JK203030,41.84551,-87.63337,2
JK153429,41.796764,-87.75558,3
JK202494,41.727646,-87.58035,7
JK228977,41.770214,-87.62342,5
JK174123,41.990944,-87.68968,1
JK152344,41.73623,-87.628624,6
JK189898,41.65123,-87.54593,7
JK184727,41.76606,-87.57719,7
JK181454,41.851486,-87.728714,4
JK183941,41.866516,-87.695175,4
JK188106,41.945286,-87.64154,1
JK155034,41.778835,-87.71147,3
JK161261,41.69184,-87.618256,6
JK225643,41.78973,-87.64747,3
JK221515,41.892143,-87.6177,2
JK154507,41.887897,-87.63728,2
JK180609,41.953712,-87.72341,0
JK149801,41.885483,-87.62794,2
JK201986,41.81073,-87.60172,5
JK143345,41.79231,-87.78359,3
JK194379,41.732063,-87.66715,6
JK234174,41.768925,-87.582855,7
JK201431,41.945446,-87.64845,1
JK218485,41.71573,-87.59821,6
JK207937,41.887028,-87.69891,4
JK189655,41.745163,-87.64466,5
JK196297,41.930073,-87.785675,0
JK207589,41.756145,-87.589516,7
JK210207,41.693687,-87.63757,6
JK190326,41.87395,-87.631676,2
JK208883,41.90271,-87.72173,0
JK229451,41.854927,-87.66123,4
JK143189,41.90158,-87.71774,0
JK224459,41.87459,-87.69858,4
JK225539,41.897915,-87.721275,0
JK236385,41.74488,-87.601364,7
JK149072,41.870766,-87.721565,4
JK191185,41.778248,-87.68483,3
JK243456,41.693108,-87.627914,6
JK141333,41.881447,-87.6675,4
JK223808,41.974773,-87.65153,1
JK212922,41.79122,-87.68885,3
JK233038,41.87271,-87.71193,4
JK217314,41.860874,-87.69574,4
JK162949,41.7495,-87.601,7
JK142762,41.914402,-87.71913,0
JK157816,41.962498,-87.75172,0
JK214459,41.78175,-87.664276,3
JK198868,41.78552,-87.626945,5
JK234677,41.757603,-87.63569,5
JK148437,41.879047,-87.62611,2
JK163804,41.91059,-87.67044,1
JK160662,41.74434,-87.5524,7
JK183696,41.991337,-87.65685,1
JK172644,41.97486,-87.89037,0
JK234293,41.74585,-87.65968,5
JK217596,41.86551,-87.72393,4
JK168453,41.912727,-87.71908,0
JK215056,41.776333,-87.6034,5
JK192160,41.799553,-87.58806,5
JK180986,41.86534,-87.72514,4
JK217393,41.910534,-87.65383,1
JK164690,41.96926,-87.7085,1
JK225594,41.82607,-87.624855,2
JK143405,41.734737,-87.54578,7
JK145067,41.729286,-87.60883,7
JK200535,41.926636,-87.7673,0
JK227590,41.790615,-87.62236,5
JK191930,41.758217,-87.585724,7
JK149245,41.801136,-87.62263,5
JK142402,41.937237,-87.65096,1
JK193835,41.85591,-87.70659,4
JK180050,41.760853,-87.56225,7
JK200575,41.99847,-87.685036,1
JK152863,41.72097,-87.67998,6
JK197055,41.852886,-87.62281,2
JK235894,41.930897,-87.697586,0
JK172931,41.89558,-87.75684,0
JK219091,41.840748,-87.68527,4
JK199075,41.74305,-87.66493,5
JK154765,41.80102,-87.692,3
JK180780,41.67148,-87.64779,6
JK199003,41.88122,-87.76015,0
JK156261,41.825035,-87.60572,2
JK149093,41.926483,-87.78555,0
JK179969,41.76173,-87.59088,7
JK190588,41.80318,-87.703835,3
JK151369,41.883053,-87.65272,4
JK150308,41.747723,-87.662155,5
JK170419,41.843452,-87.73426,4
JK150593,41.745216,-87.60138,7
JK199306,41.879265,-87.7438,4
JK212200,41.95573,-87.71173,1
JK219798,41.866634,-87.622536,2
JK185092,41.728153,-87.55897,7
JK204370,41.857895,-87.66028,4
JK175416,41.982513,-87.65798,1
JK174966,41.903316,-87.63446,2
JK232961,41.675507,-87.644264,6
JK236929,41.887814,-87.68659,4
JK186812,41.93343,-87.71602,0
JK221038,41.87302,-87.6336,2
JK160981,41.86935,-87.66081,4
JK196243,41.7487,-87.74132,3
JK206966,41.73906,-87.62106,5
JK218002,41.793144,-87.65242,3
JK174914,41.915768,-87.68004,1
JK215904,41.877823,-87.65518,4
JK233326,41.938835,-87.66506,1
JK198576,41.7016,-87.63144,6
JK189853,41.8795,-87.626884,2
JK199347,41.753567,-87.63681,5
JK203439,41.96594,-87.72797,1
JK170122,41.88625,-87.75895,0
JK219741,41.76493,-87.57627,7
JK232455,41.975277,-87.767395,0
JK184518,41.88247,-87.627846,2
JK204059,41.909527,-87.753876,0
JK192993,41.81775,-87.72393,3
JK213080,41.81261,-87.72376,3
JK204749,41.94045,-87.651085,1
JK185173,41.767117,-87.57101,7
JK155019,41.777714,-87.70311,3
JK181688,41.888046,-87.62541,2
JK205590,41.96916,-87.64984,1
JK150380,41.92046,-87.67083,1
JK171990,41.929756,-87.780785,0
JK165984,41.899704,-87.717674,0
JK224557,41.75642,-87.563896,7
JK144396,41.857872,-87.66166,4
JK189684,41.807644,-87.6893,3
JK149083,41.746796,-87.65764,5
JK163247,41.86136,-87.6944,4
JK218647,41.707523,-87.66901,6
JK225151,41.835686,-87.62064,2
JK173529,41.85264,-87.711174,4
JK192305,41.671505,-87.633286,6
JK168044,41.987362,-87.70229,1
JK241384,41.94014,-87.819046,0
JK216925,41.916916,-87.68137,1
JK215514,41.96467,-87.7214,1
JK142245,41.956306,-87.729294,1
JK145349,41.778595,-87.7127,3
JK152805,41.880802,-87.62552,2
JK163126,41.750664,-87.54925,7
JK160537,41.98787,-87.660194,1
JK153278,41.99476,-87.71448,1
JK154758,41.763893,-87.69668,3
JK174740,41.707294,-87.53166,7
JK233026,41.890015,-87.63167,2
JK184752,41.690002,-87.635056,6
JK178584,41.7217,-87.6254,6
JK179012,41.87863,-87.76481,0
JK211325,41.729286,-87.55262,7
JK172270,41.88584,-87.69642,4
JK161245,41.745132,-87.60749,7
JK227130,41.75763,-87.58571,7
JK199258,41.858265,-87.70909,4
JK215789,41.896885,-87.67336,1
JK199214,41.866634,-87.622536,2
JK171117,41.79788,-87.71839,3
JK212533,41.938595,-87.649574,1
JK191877,41.823906,-87.68825,3
JK188691,41.707195,-87.668526,6
JK196311,41.771683,-87.6458,5
JK233800,41.895733,-87.68778,4
JK198123,41.87939,-87.753975,0
JK143650,41.752426,-87.604,7
JK200495,41.765686,-87.61641,5
JK177160,41.7692,-87.62262,5
JK218467,41.816967,-87.63357,2
JK162939,41.69156,-87.701584,6
JK145931,41.77687,-87.596954,7
JK232419,41.73083,-87.57435,7
JK234438,41.871853,-87.65271,4
JK222026,41.87529,-87.72382,4
JK160256,41.847507,-87.61958,2
JK223837,41.857655,-87.6768,4
JK168373,41.964165,-87.656685,1
JK174434,41.853004,-87.61878,2
JK187933,41.87311,-87.696075,4
JK207520,41.721558,-87.63624,6
JK182343,41.85497,-87.62386,2
JK215111,41.940014,-87.70274,0
JK213206,41.87322,-87.675865,4
JK226215,41.877823,-87.65518,4
JK186372,41.943283,-87.67293,1
JK186213,41.844948,-87.63549,2
JK199643,41.930946,-87.78896,0
JK231237,41.74562,-87.54793,7
JK184626,41.799984,-87.60393,5
JK194295,41.88946,-87.62422,2
JK235560,41.744614,-87.55464,7
JK151398,41.950737,-87.70793,1
JK206892,41.78165,-87.61206,5
JK147781,41.760452,-87.65774,5
JK172222,41.680695,-87.662445,6
JK178418,41.929745,-87.68427,1
JK196912,41.767487,-87.5665,7
JK208583,41.891693,-87.62615,2
JK163908,41.692833,-87.60432,6
JK192001,41.75935,-87.61514,5
JK215849,41.921906,-87.64264,1
JK188997,41.796124,-87.72324,3
JK229417,41.757423,-87.63285,5
JK167862,41.981926,-87.71613,1
JK167496,41.88486,-87.680046,4
JK154947,41.764294,-87.58012,7
JK216708,41.896145,-87.75073,0
JK173254,41.814987,-87.66757,3
JK196809,41.707985,-87.64894,6
JK230142,41.883255,-87.73469,4
JK182943,41.92928,-87.65859,1
JK165196,41.75768,-87.741646,3
JK190215,41.86175,-87.712845,4
JK202852,41.944115,-87.66757,1
JK198009,41.92218,-87.71937,0
JK156429,41.88532,-87.63097,2
JK187149,41.910072,-87.65311,1
JK190138,41.879265,-87.69506,4
JK175436,41.836807,-87.73089,4
JK177788,41.93145,-87.68675,1
JK217908,41.9173,-87.65091,1
JK182260,41.830204,-87.62054,2
JK171407,41.881203,-87.64734,4
JK224893,41.872208,-87.68375,4
JK212149,41.883057,-87.75108,0
JK205704,41.89657,-87.63606,2
JK216883,41.74567,-87.66696,5
JK181690,41.90937,-87.766304,0
JK229466,41.89372,-87.753105,0
JK143351,41.935345,-87.682365,1
JK210109,41.8122,-87.7213,3
JK226842,41.91546,-87.68374,1
JK149669,41.806713,-87.740685,3
JK226230,41.688007,-87.63619,6
JK191009,41.764736,-87.63343,5
JK213650,41.96572,-87.836685,0
JK227796,41.744564,-87.55831,7
JK192664,41.886467,-87.63247,2
JK142315,41.90194,-87.71897,0
JK180982,41.87219,-87.631744,2
JK181013,41.903496,-87.62867,2
JK205536,41.884464,-87.636,2
JK190936,41.884464,-87.636,2
JK172746,41.688236,-87.60832,6
JK216921,41.856632,-87.64375,2
JK232484,41.733383,-87.66664,6
JK222874,41.79625,-87.6841,3
JK160575,41.901863,-87.70759,0
JK216945,41.827164,-87.61173,2
JK168024,41.797504,-87.68454,3
JK210251,41.87917,-87.632286,2
JK222147,41.931583,-87.74261,0
JK211970,41.866234,-87.72052,4
JK151740,41.815556,-87.693634,3
JK166518,41.897366,-87.748314,0
JK158994,41.98292,-87.71988,1
JK231513,41.699936,-87.60623,6
JK148647,41.8366,-87.61677,2
JK228968,41.87681,-87.69986,4
JK197901,41.846363,-87.70294,4
JK193437,41.89335,-87.62348,2
JK155932,41.887794,-87.76725,0
JK187207,41.825397,-87.63718,2
JK146493,41.8439,-87.62043,2
JK234321,41.80417,-87.598114,5
JK208604,41.810448,-87.66327,3
JK186936,41.87366,-87.68623,4
JK228207,41.89316,-87.63607,2
JK186788,41.887756,-87.66436,4
JK157592,41.820084,-87.69275,3
JK172830,41.90393,-87.62931,2
JK180619,41.69226,-87.65031,6
JK151496,41.696636,-87.53287,7
JK191742,41.904938,-87.68091,1
JK188192,41.84508,-87.62047,2
JK181928,41.754593,-87.74153,3
JK191275,41.784843,-87.62383,5
JK176667,41.777473,-87.613144,5
JK192923,41.801243,-87.673744,3
JK163993,41.993023,-87.704735,1
JK158756,41.853855,-87.631805,2
JK169147,41.782173,-87.70201,3
JK202631,41.961525,-87.756226,0
JK161239,41.901585,-87.62674,2
JK187976,41.884212,-87.63243,2
JK229487,41.8778,-87.62767,2
JK227152,41.77064,-87.58257,7
JK164780,41.77115,-87.68342,3
JK191019,41.78308,-87.613266,5
JK174420,41.874214,-87.63168,2
JK233283,41.750187,-87.64403,5
JK216431,41.89433,-87.62814,2
JK155758,41.877495,-87.67471,4
JK236037,41.690063,-87.6423,6
JK154803,41.82594,-87.672714,3
JK196381,41.761513,-87.60422,5
JK170556,41.94045,-87.651085,1
JK219904,41.866215,-87.72189,4
JK170417,41.883583,-87.70936,4
JK218343,41.768692,-87.62494,5
JK221182,41.738686,-87.550224,7
JK169558,41.930813,-87.80157,0
JK201119,41.870502,-87.731445,4
JK204970,41.899647,-87.717674,0
JK162792,41.757023,-87.558075,7
JK171346,41.72533,-87.56933,7
JK140634,41.94225,-87.81301,0
JK221248,41.838932,-87.66578,2
JK194826,41.893223,-87.63153,2
JK164909,41.881916,-87.73663,4
JK209867,41.930904,-87.64402,1
JK228481,41.88247,-87.627846,2
JK152561,41.662376,-87.5532,7
JK188271,41.79715,-87.58399,5
JK228643,41.939316,-87.70943,0
JK196090,41.760483,-87.65569,5
JK218834,41.88792,-87.62802,2
JK193808,41.977882,-87.67744,1
JK231462,41.892292,-87.74428,0
JK220460,41.823044,-87.68057,3
JK173766,41.921906,-87.64264,1
JK142297,41.802063,-87.58915,5
JK186220,41.85102,-87.70645,4
JK212599,41.985317,-87.698845,1
JK221612,41.951527,-87.75106,0
JK207643,41.93937,-87.70111,0
JK235557,41.87103,-87.67637,4
JK188752,41.807423,-87.72357,3
JK218937,41.864162,-87.69211,4
JK210293,41.788826,-87.63423,5
JK176107,41.92979,-87.68781,1
JK236269,41.903893,-87.63204,2
JK150259,41.943634,-87.75684,0
JK159920,41.89601,-87.71633,0
JK151838,41.97634,-87.6586,1
JK144512,41.965393,-87.65799,1
JK222242,41.773983,-87.60579,5
JK224204,41.807068,-87.60384,5
JK144578,41.86854,-87.63924,2
JK169190,41.851795,-87.70316,4
JK164321,41.982895,-87.66863,1
JK173042,41.898922,-87.732056,0
JK215184,41.97043,-87.65625,1
JK221731,41.74311,-87.61955,5
JK202447,41.900738,-87.64795,2
JK200724,41.739826,-87.57456,7
JK179434,41.915363,-87.638725,2
JK207363,41.98058,-87.65998,1
JK214280,41.875156,-87.66791,4
JK167167,41.72713,-87.57547,7
JK159981,41.915096,-87.7467,0
JK192376,41.92442,-87.73219,0
JK215963,41.65988,-87.57869,6
JK142392,41.709408,-87.55969,7
JK200126,41.799545,-87.61772,5
JK235424,41.803535,-87.74183,3
JK201285,41.86331,-87.61895,2
JK151392,41.782433,-87.66429,3
JK191053,41.782642,-87.65458,3
JK193192,41.901608,-87.62535,2
JK207074,41.967003,-87.6585,1
JK218214,41.796062,-87.58256,5
JK153936,41.75332,-87.657036,5
JK162779,41.900425,-87.64247,2
JK234177,41.871273,-87.66414,4
JK224066,41.794174,-87.703575,3
JK165581,41.750763,-87.70181,3
JK146857,41.765446,-87.62691,5
JK209969,41.75613,-87.60408,5
JK147595,41.79374,-87.65894,3
JK230821,41.95904,-87.656265,1
JK157997,41.770752,-87.58257,7
JK179869,41.939316,-87.70943,0
JK147715,41.85273,-87.70139,4
JK189010,41.808697,-87.619576,5
JK221657,41.928,-87.735886,0
JK150361,41.866684,-87.7252,4
JK142338,41.883183,-87.65557,4
JK213949,41.91189,-87.71094,0
JK186700,41.743523,-87.633064,5
JK193417,41.93837,-87.782326,0
JK200500,41.829956,-87.62701,2
JK236381,41.808754,-87.59682,5
JK176653,41.859833,-87.62081,2
JK188491,41.769127,-87.58797,7
JK166735,41.77859,-87.728325,3
JK195373,41.91116,-87.635185,2
JK140999,41.88719,-87.72096,4
JK234073,41.882706,-87.77331,0
JK190706,41.947376,-87.81195,0
JK178776,41.902042,-87.73121,0
JK179912,41.89607,-87.667595,1
JK163400,41.707138,-87.62533,6
JK176245,41.7661,-87.64319,5
JK155970,41.95779,-87.7635,0
JK203266,41.939014,-87.76652,0
JK155338,41.968235,-87.72857,1
JK233914,41.866386,-87.63922,2
JK189689,41.85172,-87.63199,2
JK184373,41.871857,-87.62523,2
JK167670,41.949986,-87.79738,0
JK224696,41.97618,-87.87642,0
JK220577,41.95373,-87.72205,0
JK161570,41.909443,-87.63092,2
JK193621,41.78134,-87.604324,5
JK152191,41.87851,-87.75203,4
JK215524,41.808075,-87.63333,2
JK161201,41.829002,-87.64031,2
JK235898,41.939568,-87.724625,0
JK204519,41.84914,-87.633,2
JK202499,41.744152,-87.58959,7
JK157806,41.95584,-87.68946,1
JK221790,41.743034,-87.611465,7
JK192458,41.960625,-87.7555,0
JK194546,41.772366,-87.65218,5
JK213923,41.86935,-87.7454,4
JK221361,41.88276,-87.62623,2
JK180984,41.808052,-87.70911,3
JK176366,41.90417,-87.70683,0
JK219427,41.779198,-87.6156,5
JK204938,41.90046,-87.6404,2
JK197207,41.877563,-87.68479,4
JK169185,41.733097,-87.655685,6
JK211324,41.839115,-87.64631,2
JK179449,41.801983,-87.587715,5
JK186525,41.975266,-87.67938,1
JK143314,41.841095,-87.62521,2
JK255138,41.79519,-87.686966,3
JK212332,41.76578,-87.572586,7
JK163213,41.938248,-87.790306,0
JK142474,41.73628,-87.62511,6
JK167655,41.871677,-87.721405,4
JK209112,41.95911,-87.75733,0
JK206511,41.719078,-87.53649,7
JK142979,41.93477,-87.72216,0
JK172399,41.750774,-87.57353,7
JK176786,41.757614,-87.58611,7
JK166219,41.7661,-87.57354,7
JK142838,41.771423,-87.63669,5
JK195624,41.762894,-87.616806,5
JK225776,41.70727,-87.55965,7
JK194248,41.769836,-87.573296,7
JK216290,41.926003,-87.66335,1
JK186489,41.8654,-87.64066,2
JK209143,41.654766,-87.54472,7
JK197968,41.95566,-87.7732,0
JK193425,41.975773,-87.7051,1
JK209959,41.95461,-87.64711,1
JK211423,41.733303,-87.64842,5
JK198548,41.881153,-87.68736,4
JK187850,41.780582,-87.58853,7
JK145260,41.93773,-87.78592,0
JK209750,41.903214,-87.72632,0
JK196044,41.743896,-87.609406,7
JK202658,41.801254,-87.75154,3
JK187187,41.91135,-87.75454,0
JK173671,41.879715,-87.62936,2
JK230472,41.71638,-87.56228,7
JK214354,41.93142,-87.75518,0
JK159351,41.875256,-87.62762,2
JK202668,41.943295,-87.67244,1
JK141763,41.882496,-87.62438,2
JK188154,41.896156,-87.722435,0
JK194091,41.8804,-87.75289,0
JK220542,41.890327,-87.619606,2
JK216996,41.753113,-87.70981,3
JK187912,41.87665,-87.755585,4
JK201892,41.764736,-87.63343,5
JK157930,41.896484,-87.655785,1
JK201650,41.776287,-87.79345,3
JK177066,41.78334,-87.605995,5
JK146182,41.870525,-87.627205,2
JK208728,41.88652,-87.6659,4
JK218445,41.873734,-87.702,4
JK200720,41.893288,-87.65654,1
JK227314,41.72169,-87.62654,6
JK189988,41.76254,-87.646774,5
JK188026,41.715687,-87.618866,6
JK200806,41.738308,-87.57453,7
JK145490,41.88536,-87.72366,4
JK217919,41.976418,-87.6535,1
JK165241,41.864166,-87.69457,4
JK160472,41.88637,-87.62069,2
JK197227,41.909664,-87.74273,0
JK230640,41.71154,-87.6721,6
JK176676,41.696194,-87.70835,6
JK202019,41.892326,-87.74237,0
JK141004,41.7531,-87.55027,7
JK215542,41.850586,-87.734474,4
JK213087,41.83607,-87.61304,2
JK220632,41.81592,-87.62302,2
JK152024,41.808655,-87.74441,3
JK230596,41.917656,-87.68875,1
JK144778,41.75543,-87.63442,5
JK221427,41.749428,-87.66827,5
JK179404,41.90294,-87.69539,4
JK236028,41.86681,-87.62582,2
JK167712,41.885483,-87.62794,2
JK184181,41.743652,-87.60987,7
JK173777,41.951412,-87.71774,1
JK206439,41.7493,-87.659775,5
JK186694,41.925518,-87.644875,1
JK165245,41.794174,-87.703575,3
JK210805,41.725994,-87.64091,6
JK213119,41.867382,-87.71956,4
JK165911,41.92934,-87.66106,1
JK148525,41.906143,-87.73543,0
JK187137,41.794174,-87.703575,3
JK151013,41.70607,-87.64281,6
JK174917,41.859856,-87.73354,4
JK165473,41.67729,-87.63105,6
JK142854,41.86427,-87.66031,4
JK175395,41.876663,-87.647675,4
JK218840,41.812305,-87.743286,3
JK203542,41.976025,-87.82006,0
JK165642,41.967945,-87.7543,0
JK214869,41.941723,-87.822784,0
JK217872,41.856663,-87.65187,4
JK160443,41.96375,-87.68875,1
JK196236,41.90294,-87.69536,4
JK215128,41.92046,-87.67083,1
JK200445,41.996475,-87.694725,1
JK220176,41.857773,-87.66756,4
JK192599,41.932793,-87.68128,1
JK179360,41.99323,-87.689735,1
JK182072,41.770218,-87.61165,5
JK189562,41.74851,-87.66539,5
JK160009,41.769184,-87.62573,5
JK164703,41.864265,-87.7306,4
JK193485,41.97009,-87.76269,0
JK185932,41.962833,-87.726166,1
JK229370,41.818565,-87.69022,3
JK150899,41.857708,-87.67223,4
JK214853,41.655106,-87.60232,6
JK179514,41.97359,-87.663246,1
JK211740,41.871296,-87.62592,2
JK231261,41.888676,-87.74688,0
JK206186,41.808746,-87.61385,5
JK206038,41.67852,-87.62268,6
JK188410,41.99265,-87.798485,0
JK174951,41.90267,-87.629944,2
JK199502,41.88937,-87.634026,2
JK223134,41.74498,-87.657555,5
JK187858,41.90976,-87.63467,2
JK161955,41.74563,-87.57101,7
JK156086,41.759018,-87.632065,5
JK186532,41.932312,-87.65584,1
JK215920,41.81172,-87.74816,3
JK205940,41.736256,-87.62816,6
JK153912,41.88321,-87.629906,2
JK169341,41.9555,-87.77686,0
JK164232,41.88186,-87.72409,4
JK208572,41.68676,-87.61563,6
JK158606,41.805702,-87.61896,5
JK159249,41.978558,-87.836586,0
JK167560,41.94168,-87.803764,0
JK188472,41.73307,-87.55548,7
JK162294,41.890083,-87.70515,0
JK210223,41.903126,-87.63218,2
JK219806,41.890083,-87.70507,0
JK209929,41.88361,-87.70713,4
JK193657,41.853447,-87.72848,4
JK161529,41.830406,-87.67371,3
JK212570,41.852863,-87.69189,4
JK229095,41.749317,-87.57716,7
JK172671,41.70053,-87.660194,6
JK208893,41.894814,-87.68768,4
JK195861,41.79936,-87.64164,3
JK191775,41.930904,-87.64402,1
JK168571,41.81009,-87.61147,5
JK147184,41.947838,-87.67504,1
JK160053,41.80912,-87.63203,2
JK209645,41.89941,-87.62413,2
JK213979,41.87661,-87.62765,2
JK231951,41.654976,-87.54715,7
JK179607,41.879387,-87.7681,0
JK169229,41.808784,-87.744415,3
JK221140,41.87522,-87.72907,4
JK167999,41.69267,-87.617,6
JK184076,41.908302,-87.7318,0
JK196470,41.977158,-87.77196,0
JK223515,41.916073,-87.7253,0
JK227697,41.906796,-87.67186,1
JK235798,41.803673,-87.70385,3
JK194076,41.962036,-87.64588,1
JK171731,41.788593,-87.64866,3
JK175874,41.92633,-87.654274,1
JK196969,41.973072,-87.83976,0
JK191171,41.727505,-87.606125,7
JK179706,41.761898,-87.58232,7
JK165566,41.725014,-87.651,6
JK212502,41.983383,-87.70893,1
JK198401,41.776215,-87.61193,5
JK154570,41.901005,-87.62833,2
JK191695,41.794327,-87.62461,5
JK155204,41.873844,-87.763245,0
JK155691,41.867405,-87.62792,2
JK201544,41.914047,-87.71435,0
JK203903,41.69236,-87.6231,6
JK229534,41.89308,-87.68295,4
JK193833,41.854687,-87.712425,4
JK157528,41.967606,-87.77826,0
JK173411,41.95962,-87.7629,0
JK143493,41.762165,-87.69541,3
JK165867,41.773388,-87.674965,3
JK225425,41.948906,-87.74324,0
JK150201,41.823086,-87.61853,2
JK146764,41.92425,-87.745544,0
JK169137,41.6778,-87.64292,6
JK147205,41.809483,-87.704025,3
JK181532,41.85147,-87.73001,4
JK171604,41.873947,-87.68247,4
JK163005,41.881382,-87.757545,0
JK202475,41.90816,-87.764626,0
JK228995,41.902287,-87.75246,0
JK197194,41.74881,-87.600266,7
JK144302,41.904423,-87.62505,2
JK221757,41.693455,-87.62645,6
JK218433,41.81748,-87.632385,2
JK206852,41.74688,-87.60263,7
JK162167,41.910885,-87.708466,0
JK197719,41.860184,-87.72134,4
JK184991,41.94187,-87.699356,0
JK236106,41.851425,-87.73273,4
JK205224,41.89132,-87.75223,0
JK219140,41.893375,-87.621704,2
JK184604,41.99947,-87.69408,1
JK229912,41.855953,-87.71996,4
JK207743,41.87537,-87.62602,2
JK150300,41.898464,-87.637245,2
JK211096,41.834126,-87.6691,3
JK233959,41.779842,-87.73867,3
JK204291,41.74441,-87.64386,5
JK157237,41.925564,-87.641815,1
JK224119,41.854454,-87.68571,4
JK225617,41.775875,-87.703064,3
JK156240,41.77077,-87.57398,7
JK162428,41.953884,-87.65453,1
JK167269,41.749653,-87.586845,7
JK146050,41.89601,-87.63716,2
JK143078,41.884014,-87.6279,2
JK191583,41.79893,-87.67201,3
JK222254,41.902645,-87.72807,0
JK189284,41.93992,-87.65327,1
JK203851,41.866585,-87.6407,2
JK165573,41.86822,-87.66405,4
JK195280,41.752384,-87.60278,7
JK207873,41.874214,-87.66505,4
JK181192,41.8804,-87.753006,0
JK188412,41.66037,-87.58723,6
JK142014,41.770523,-87.617,5
JK235481,41.899475,-87.72621,0
JK208918,41.740376,-87.56607,7
JK150768,41.806652,-87.7468,3
JK238045,41.935562,-87.71805,0
JK186473,41.836433,-87.62445,2
JK196933,41.807034,-87.72109,3
JK227816,41.75083,-87.605225,7
JK173732,41.904877,-87.71419,0
JK233272,41.903862,-87.67485,1
JK195355,41.980038,-87.77025,0
JK229480,41.974773,-87.65153,1
JK207821,41.894806,-87.7685,0
JK185667,41.778996,-87.6156,5
JK178003,41.890377,-87.62802,2
JK192230,41.651356,-87.54352,7
JK214375,41.75077,-87.6351,5
JK175493,41.952744,-87.79805,0
JK226405,41.67903,-87.6299,6
JK177944,41.795734,-87.63425,5
JK183523,41.931324,-87.661095,1
JK222335,41.748707,-87.61365,7
JK197370,41.724506,-87.62228,6
JK234480,41.86186,-87.70798,4
JK161069,41.917656,-87.68875,1
JK196968,41.786,-87.793785,3
JK213747,41.898,-87.72494,0
JK213240,41.896553,-87.77367,0
JK215106,41.825603,-87.62091,2
JK242897,41.897736,-87.74673,0
JK150911,41.87762,-87.75064,4
JK176644,41.683937,-87.72183,6
JK189218,41.78397,-87.67039,3
JK211157,41.752663,-87.56991,7
JK143886,41.88918,-87.633064,2
JK161829,41.932056,-87.7033,0
JK171057,41.980446,-87.66973,1
JK180895,41.73628,-87.62511,6
JK226906,41.96793,-87.649284,1
JK194950,41.857502,-87.65642,4
JK214642,41.87621,-87.76472,0
JK147657,41.768356,-87.619576,5
JK188776,41.855015,-87.72298,4
JK210605,41.867607,-87.6803,4
JK156042,41.883583,-87.71573,4
JK208171,41.768703,-87.61413,5
JK183363,41.799488,-87.59382,5
JK142102,41.944866,-87.649414,1
JK197804,41.82729,-87.63194,2
JK152459,41.902073,-87.68839,4
JK238452,41.8379,-87.71949,4
JK203395,41.7661,-87.57354,7
JK228491,41.967567,-87.761406,0
JK190643,41.877823,-87.65518,4
JK224105,41.975605,-87.65184,1
JK214234,41.81082,-87.59379,5
JK164670,41.777443,-87.73127,3
JK148376,41.965332,-87.72428,1
JK191723,41.81428,-87.62621,2
JK198532,41.910767,-87.65812,1
JK237175,41.88233,-87.62784,2
JK192478,41.903477,-87.63143,2
JK208338,41.901245,-87.764305,0
JK192186,41.756794,-87.60224,5
JK173751,41.90241,-87.626015,2
JK235412,41.874126,-87.63362,2
JK207100,41.844025,-87.62692,2
JK203148,41.939262,-87.713356,0
JK223606,41.76204,-87.61621,5
JK171188,41.876583,-87.76042,0
JK220740,41.792194,-87.60496,5
JK185896,41.874973,-87.72547,4
JK159292,41.879593,-87.73972,4
JK153448,41.983147,-87.69451,1
JK240242,41.73139,-87.66172,6
JK238706,41.908295,-87.68229,1
JK190699,41.774235,-87.7142,3
JK193681,41.880802,-87.62544,2
JK192369,41.761814,-87.58356,7
JK181213,41.778316,-87.69093,3
JK183203,41.77099,-87.62427,5
JK182697,41.76202,-87.692955,3
JK191942,41.887245,-87.70631,4
JK181634,41.899933,-87.628685,2
JK218560,41.89181,-87.757935,0
JK165798,41.677197,-87.640686,6
JK154510,41.84299,-87.6269,2
JK158414,41.721706,-87.59356,7
JK141839,41.699284,-87.667946,6
JK149732,41.75853,-87.60852,5
JK154303,41.90757,-87.67524,1
JK223743,41.85231,-87.66699,4
JK198451,41.998116,-87.66721,1
JK157536,41.942043,-87.78235,0
JK210663,41.85412,-87.66767,4
JK182182,41.8806,-87.73619,4
JK170012,41.84072,-87.69512,4
JK204408,41.97835,-87.77019,0
JK166479,41.703655,-87.535286,7
JK191119,41.903477,-87.65932,1
JK210238,41.946384,-87.64353,1
JK221942,41.778847,-87.71099,3
JK206315,41.89347,-87.632645,2
JK241409,41.956146,-87.74841,0
JK151153,41.700428,-87.53528,7
JK188807,41.92177,-87.78217,0
JK142370,41.838654,-87.63533,2
JK144096,41.787983,-87.67292,3
JK234590,41.79892,-87.58404,5
JK223291,41.984364,-87.78484,0
JK207513,41.973377,-87.69163,1
JK165162,41.99681,-87.66417,1
JK208262,41.812244,-87.60443,5
JK215528,41.794174,-87.703575,3
JK175663,41.78719,-87.73401,3
JK229961,41.99156,-87.65543,1
JK218511,41.80694,-87.62277,5
JK225964,41.90094,-87.76561,0
JK162363,41.94175,-87.66872,1
JK199530,41.802658,-87.61498,5
JK177534,41.928234,-87.65922,1
JK199139,41.67506,-87.63941,6
JK159618,41.890385,-87.62411,2
JK146007,41.80873,-87.65554,3
JK181177,41.682613,-87.648155,6
JK190110,41.893948,-87.7593,0
JK232052,41.89626,-87.65572,1
JK157195,41.946243,-87.658005,1
JK179641,41.98496,-87.66499,1
JK154991,41.744312,-87.646286,5
JK184755,41.70244,-87.62458,6
JK232849,41.863644,-87.627335,2
JK142002,41.721878,-87.614914,7
JK212720,41.93071,-87.702484,0
JK174418,41.884888,-87.76334,0
JK165358,41.729507,-87.632225,6
JK193983,41.77599,-87.7746,3
JK154117,41.88513,-87.62695,2
JK169641,41.792324,-87.59027,5
JK180699,41.94266,-87.64013,1
JK181982,41.740917,-87.63867,5
JK148757,41.85692,-87.66197,4
JK218809,41.879128,-87.652885,4
JK193777,41.93719,-87.79201,0
JK177754,41.956417,-87.71789,1
JK148844,41.80943,-87.613556,5
JK148946,41.88059,-87.70611,4
JK217551,41.75602,-87.552376,7
JK181824,41.929104,-87.64689,1
JK189598,41.87407,-87.726425,4
JK150627,41.964115,-87.68067,1
JK190942,41.73114,-87.545685,7
JK211127,41.897713,-87.67824,4
JK159914,41.859837,-87.70297,4
JK143025,41.904564,-87.76574,0
JK156385,41.80803,-87.68442,3
JK151528,41.923923,-87.66453,1
JK231776,41.79625,-87.6841,3
JK219701,41.79388,-87.62407,5
JK201224,41.92715,-87.706276,0
JK219744,41.86253,-87.70398,4
JK153305,41.845592,-87.68443,4
JK158173,41.93208,-87.70038,0
JK184653,41.79537,-87.70208,3
JK156315,41.849895,-87.683136,4
JK226684,41.783733,-87.698395,3
JK191246,41.800514,-87.596664,5
JK166725,41.86751,-87.687065,4
JK208149,41.780945,-87.621994,5
JK169592,41.778503,-87.71785,3
JK164271,41.90208,-87.76986,0
JK202932,41.935177,-87.67093,1
JK141889,41.939262,-87.713356,0
JK166388,41.839348,-87.63171,2
JK232896,41.88096,-87.70713,4
JK206278,41.90442,-87.76574,0
JK216057,41.86677,-87.67508,4
JK229562,41.797863,-87.7429,3
JK143802,41.92476,-87.702896,0
JK215384,41.74389,-87.55518,7
JK151404,41.76119,-87.63456,5
JK192771,41.96842,-87.711845,1
JK203646,41.87157,-87.73385,4
JK154859,41.8253,-87.606964,2
JK157183,41.882393,-87.627846,2
JK203471,41.96225,-87.69238,1
JK222040,41.903214,-87.72632,0
JK219185,41.695988,-87.59665,6
JK237156,41.97201,-87.6549,1
JK232008,41.88291,-87.66135,4
JK168731,41.77102,-87.6226,5
JK148858,41.73464,-87.585594,7
JK207351,41.936417,-87.71119,0
JK204003,41.841995,-87.635414,2
JK214104,41.92942,-87.70124,0
JK193902,41.874393,-87.650406,4
JK204663,41.695286,-87.66112,6
JK173633,41.897366,-87.745865,0
JK233265,41.91096,-87.66234,1
JK162511,41.745476,-87.58416,7
JK163992,41.6547,-87.60756,6
JK197446,41.856922,-87.63891,2
JK173922,41.901646,-87.663826,1
JK206270,41.79849,-87.665924,3
JK212822,41.88447,-87.63338,2
JK146464,41.82266,-87.615944,2
JK153027,41.996452,-87.71201,1
JK185035,41.823673,-87.69592,3
JK206557,41.900673,-87.66387,1
JK164778,41.697746,-87.56033,7
JK158206,41.896088,-87.70106,4
JK173098,41.765285,-87.57709,7
JK235132,41.76923,-87.569855,7
JK216493,41.947624,-87.65685,1
JK220102,41.8737,-87.704704,4
JK185131,41.750492,-87.654305,5
JK201534,41.97107,-87.72199,1
JK228721,41.729176,-87.57431,7
JK206919,41.83084,-87.63911,2
JK177897,41.727814,-87.6604,6
JK188411,41.76782,-87.687004,3
JK161346,41.744503,-87.651146,5
JK151751,41.7606,-87.584785,7
JK190516,41.96307,-87.65598,1
JK166414,41.95381,-87.715996,1
JK212199,41.927647,-87.76454,0
JK227370,41.882076,-87.62671,2
JK227720,41.76891,-87.614136,5
JK170084,41.98182,-87.65871,1
JK183884,41.8732,-87.65907,4
JK233960,41.889908,-87.6241,2
JK189663,41.86799,-87.66642,4
JK154275,41.856167,-87.71269,4
JK182814,41.9349,-87.8103,0
JK168087,41.88157,-87.6262,2
JK147794,41.882473,-87.62622,2
JK210993,41.740482,-87.67412,5
JK180807,41.881886,-87.64006,4
JK219448,41.771732,-87.698845,3
JK173939,41.909588,-87.74889,0
JK184411,41.803673,-87.70385,3
JK180073,41.756233,-87.56389,7
JK206322,41.886147,-87.62453,2
JK212565,41.877563,-87.68479,4
JK173822,41.868523,-87.769325,0
JK185911,41.806396,-87.61386,5
JK163220,41.910538,-87.67414,1
JK200834,41.873634,-87.71008,4
JK195576,41.777874,-87.770775,3
JK232038,41.847584,-87.70023,4
JK231367,41.943638,-87.64818,1
JK187046,41.882256,-87.76395,0
JK163802,41.877846,-87.761734,0
JK206648,41.93054,-87.6393,1
JK206266,41.777504,-87.61556,5
JK191462,41.96965,-87.70606,1
JK176384,41.887966,-87.63479,2
JK218201,41.849224,-87.69125,4
JK235889,41.75223,-87.61132,7
JK222013,41.758495,-87.609825,5
JK193897,41.90845,-87.765884,0
JK150640,41.75069,-87.602745,7
JK211113,41.78795,-87.630325,5
JK170967,41.831505,-87.62327,2
JK183106,41.7023,-87.54009,7
JK197993,41.857533,-87.6256,2
JK200060,41.702694,-87.62339,6
JK178908,41.968765,-87.68866,1
JK219376,41.78461,-87.69197,3
JK185539,41.85176,-87.705605,4
JK150543,41.97831,-87.65503,1
JK153525,41.931297,-87.652596,1
JK219351,41.695908,-87.595825,6
JK175727,41.72745,-87.56331,7
JK156336,41.70752,-87.60184,6
JK207518,41.851997,-87.73208,4
JK196123,41.662224,-87.64504,6
JK214681,41.995045,-87.68243,1
JK160704,41.748405,-87.72187,3
JK174058,41.91146,-87.63667,2
JK162350,41.89667,-87.62863,2
JK167211,41.892483,-87.62735,2
JK232278,41.991352,-87.700645,1
JK170771,41.893562,-87.722824,0
JK213130,41.903305,-87.67007,1
JK182290,41.891865,-87.63408,2
JK163032,41.871056,-87.69684,4
JK178575,41.722645,-87.632164,6
JK232087,41.74209,-87.72684,3
JK230504,41.750168,-87.62297,5
JK227487,41.668274,-87.64039,6
JK173361,41.73967,-87.58402,7
JK156428,41.92214,-87.673256,1
JK158332,41.81037,-87.670746,3
JK223790,41.9467,-87.65612,1
JK228571,41.93332,-87.711655,0
JK200537,41.714497,-87.561,7
JK170002,41.96014,-87.72855,1
JK171201,41.895428,-87.67704,4
JK224453,41.89284,-87.61772,2
JK227850,41.78849,-87.67097,3
JK149076,41.909203,-87.779686,0
JK170264,41.89204,-87.76528,0
JK147633,41.872486,-87.64089,4
JK147274,41.83314,-87.61532,2
JK233584,41.860107,-87.71158,4
JK224123,41.88439,-87.67673,4
JK190696,41.68435,-87.653076,6
JK157826,41.716213,-87.56906,7
JK215203,41.893223,-87.63153,2
JK201919,41.788986,-87.74148,3
JK228264,41.925404,-87.79698,0
JK219083,41.88243,-87.627846,2
JK196124,41.74714,-87.56616,7
JK156483,41.750492,-87.654305,5
JK190369,41.756348,-87.62867,5
JK218997,41.89347,-87.632645,2
JK199676,41.84987,-87.71173,4
JK193007,41.87843,-87.758354,0
JK152655,41.740704,-87.644966,5
JK157565,41.95538,-87.735916,0
JK177085,41.936787,-87.78588,0
JK189445,41.930904,-87.64402,1
JK155618,41.872063,-87.68702,4
JK189778,41.881012,-87.702354,4
JK206955,41.764683,-87.66379,5
JK160559,41.892746,-87.706474,0
JK219291,41.895924,-87.67626,4
JK172552,41.751972,-87.645294,5
JK188210,41.984684,-87.65522,1
JK190486,41.895653,-87.697105,4
JK214318,41.98227,-87.80694,0
JK244060,41.864265,-87.72271,4
JK168332,41.72722,-87.58792,7
JK201858,41.88109,-87.720764,4
JK158842,41.747578,-87.60824,7
JK200584,41.895927,-87.74889,0
JK171072,41.82824,-87.64239,2
JK176249,41.909664,-87.74273,0
JK167536,41.921085,-87.804886,0
JK141662,41.9623,-87.83669,0
JK185223,41.80042,-87.59046,5
JK183342,41.736107,-87.702034,3
JK191179,41.678074,-87.61951,6
JK201709,41.87797,-87.72619,4
JK225430,41.755432,-87.56059,7
JK192488,41.671474,-87.64169,6
JK219400,41.880653,-87.73169,4
JK205044,41.681084,-87.62276,6
JK228803,41.98023,-87.76234,0
JK151967,41.778847,-87.67269,3
JK153040,41.724697,-87.61301,7
JK218820,41.866024,-87.7356,4
JK184801,41.763218,-87.65541,5
JK209032,41.762386,-87.561005,7
JK235329,41.894146,-87.7175,0
JK187692,41.72437,-87.62631,6
JK141795,41.85601,-87.645454,2
JK163041,41.903114,-87.643196,2
JK170766,41.833492,-87.656456,2
JK205936,41.92151,-87.671036,1
JK186668,41.882973,-87.689835,4
JK162778,41.722416,-87.53611,7
JK230309,41.812057,-87.59384,5
JK244393,41.779026,-87.70312,3
JK149379,41.972385,-87.725716,1
JK206414,41.746143,-87.669395,5
JK233167,41.755108,-87.587494,7
JK216132,41.903305,-87.67007,1
JK150524,41.794174,-87.703575,3
JK220869,41.816006,-87.60184,2
JK170625,41.851746,-87.72307,4
JK142093,41.823933,-87.69954,3
JK232205,41.80967,-87.594154,5
JK226510,41.766026,-87.58087,7
JK235639,41.808582,-87.619576,5
JK141721,41.808884,-87.59925,5
JK222977,41.965183,-87.654785,1
JK198031,41.72739,-87.56085,7
JK218692,41.938595,-87.649574,1
JK227867,41.90284,-87.677246,1
JK229715,41.729397,-87.66409,6
JK152784,41.87491,-87.7505,4
JK141905,41.777576,-87.615555,5
JK197910,41.885918,-87.660774,4
JK224237,41.671642,-87.64292,6
JK186480,41.856052,-87.62822,2
JK199975,41.745552,-87.708916,3
JK218231,41.94585,-87.72739,0
JK160458,41.891403,-87.62806,2
JK166201,41.765156,-87.62007,5
JK222984,41.859768,-87.72011,4
JK232590,41.725994,-87.655495,6
JK140953,41.945248,-87.81846,0
JK162178,41.878376,-87.7069,4
JK214737,41.8995,-87.75694,0
JK169914,41.725945,-87.660355,6
JK145345,41.76199,-87.67346,5
JK176309,41.79229,-87.73539,3
JK207834,41.962032,-87.71317,1
JK200795,41.803673,-87.70385,3
JK195849,41.718582,-87.53649,7
JK218298,41.976852,-87.655,1
JK191767,41.89631,-87.72858,0
JK205398,41.755688,-87.55421,7
JK204654,41.929764,-87.66226,1
JK231070,41.772556,-87.57402,7
JK201749,41.882393,-87.627846,2
JK173072,41.888153,-87.63996,4
JK149069,41.772453,-87.64612,5
JK170037,41.725594,-87.58147,7
JK192209,41.759148,-87.62963,5
JK156289,41.803673,-87.70385,3
JK180007,41.784107,-87.674034,3
JK226729,41.78598,-87.70576,3
JK159705,41.921417,-87.698715,0
JK228645,41.93609,-87.63941,1
JK194550,41.70555,-87.54012,7
JK210575,41.75501,-87.730125,3
JK233633,41.935158,-87.72116,0
JK154415,41.759075,-87.64182,5
JK164163,41.742954,-87.67213,5
JK187830,41.87152,-87.62593,2
JK222962,41.94591,-87.65547,1
JK200961,41.771675,-87.57242,7
JK155348,41.76292,-87.58052,7
JK160254,41.91485,-87.6885,1
JK192710,41.952003,-87.80724,0
JK234522,41.65434,-87.604195,6
JK194310,41.841644,-87.70862,4
JK159501,41.91438,-87.695885,0
JK167002,41.940357,-87.77013,0
JK210939,41.95694,-87.758286,0
JK200082,41.876266,-87.65186,4
JK169639,41.789642,-87.71907,3
JK188625,41.91612,-87.68737,1
JK196999,41.88621,-87.77343,0
JK217880,41.856125,-87.62389,2
JK172373,41.711826,-87.65026,6
JK162135,41.86956,-87.74359,4
JK189306,41.727127,-87.58791,7
JK232425,41.77632,-87.605835,5
JK158938,41.745068,-87.60137,7
JK140987,41.748215,-87.557236,7
JK217557,41.88369,-87.65092,4
JK228745,41.96645,-87.6572,1
JK230085,41.777237,-87.69255,3
JK163623,41.906487,-87.76581,0
JK178200,41.731316,-87.65442,6
JK161177,41.775703,-87.75556,3
JK150091,41.762794,-87.64003,5
JK231972,41.734848,-87.55829,7
JK236575,41.775967,-87.61432,5
JK173354,41.786785,-87.62064,5
JK235698,41.874886,-87.737724,4
JK211042,41.858543,-87.67677,4
JK153890,41.924904,-87.76602,0
JK173021,41.88332,-87.72929,4
JK192287,41.726578,-87.60316,7
JK149413,41.860073,-87.70671,4
JK175898,41.78421,-87.6619,3
JK221188,41.700954,-87.56376,7
JK207660,41.969822,-87.7505,0
JK230420,41.80306,-87.61337,5
JK180202,41.959877,-87.731026,1
JK187114,41.772316,-87.61455,5
JK197451,41.83994,-87.65948,2
JK204219,41.952427,-87.75104,0
JK163892,41.8253,-87.631355,2
JK160829,41.897526,-87.70467,0
JK217426,41.868385,-87.63923,2
JK176255,41.691643,-87.64236,6
JK227952,41.88556,-87.65365,4
JK141995,41.89432,-87.7114,0
JK233297,41.973114,-87.69517,1
JK223970,41.879383,-87.6342,2
JK213158,41.808502,-87.61656,5
JK164426,41.76649,-87.64199,5
JK208403,41.764378,-87.662186,5
JK202838,41.92815,-87.78561,0
JK222598,41.90613,-87.667564,1
JK149481,41.651432,-87.52726,7
JK167816,41.931316,-87.763084,0
JK193020,41.9641,-87.747536,0
JK199025,41.86936,-87.74243,4
JK186394,41.758938,-87.57081,7
JK144238,41.859962,-87.64338,2
JK218734,41.883774,-87.62443,2
JK228796,41.894047,-87.74681,0
JK217638,41.765793,-87.572586,7
JK206716,41.71723,-87.638245,6
JK150430,41.89541,-87.62426,2
JK201221,41.755028,-87.66194,5
JK217100,41.917152,-87.64846,1
JK149287,41.80965,-87.59604,5
JK229425,41.881718,-87.62776,2
JK171859,41.746204,-87.57185,7
JK200790,41.773254,-87.6604,5
JK234057,41.89102,-87.61914,2
JK231044,41.692993,-87.661865,6
JK143284,41.916992,-87.71028,0
JK233333,41.99996,-87.66614,1
JK163484,41.922333,-87.80133,0
JK142624,41.87941,-87.63134,2
JK183806,41.745132,-87.60749,7
JK141236,41.792557,-87.77129,3
JK164535,41.685215,-87.63175,6
JK146822,41.90723,-87.695694,4
JK142095,41.8853,-87.65213,4
JK220637,41.884495,-87.64893,4
JK211941,41.918835,-87.80059,0
JK210804,41.81061,-87.59354,5
JK226213,41.873844,-87.76315,0
JK205562,41.87206,-87.68736,4
JK170554,41.765152,-87.5665,7
JK222152,41.753086,-87.55701,7
JK236211,41.80967,-87.59443,5
JK203026,41.970013,-87.69385,1
JK201434,41.90851,-87.63013,2
JK149131,41.771152,-87.61176,5
JK164746,41.787212,-87.598305,5
JK149766,41.90877,-87.67496,1
JK144849,41.761757,-87.58356,7
JK149508,41.984802,-87.71555,1
JK181224,41.939987,-87.7285,0
JK184318,41.949093,-87.83169,0
JK146389,41.930897,-87.697586,0
JK198304,41.97719,-87.65989,1
JK187734,41.879955,-87.68004,4
JK191328,41.840748,-87.63295,2
JK172117,41.754425,-87.63483,5
JK208029,41.814495,-87.72384,3
JK228354,41.803196,-87.703835,3
JK198120,41.7652,-87.614044,5
JK160156,41.832386,-87.62328,2
JK196028,41.887444,-87.65103,4
JK214697,41.829758,-87.677704,3
JK195149,41.73626,-87.62807,6
JK217312,41.90934,-87.76866,0
JK170929,41.95906,-87.78187,0
JK208310,41.868286,-87.63241,2
JK153462,41.78076,-87.63019,5
JK150131,41.77709,-87.664154,3
JK172755,41.682552,-87.621445,6
JK152925,41.809692,-87.59214,5
JK236066,41.75158,-87.57812,7
JK148846,41.95392,-87.70841,1
JK233927,41.803673,-87.70385,3
JK186125,41.89347,-87.632645,2
JK175536,41.766407,-87.63103,5
JK230282,41.685703,-87.67888,6
JK232683,41.88214,-87.711044,4
JK175661,41.829617,-87.62265,2
JK140851,41.841278,-87.62686,2
JK185006,41.896046,-87.669,1
JK213222,41.876728,-87.71576,4
JK216948,41.961994,-87.7346,0
JK209804,41.789932,-87.66448,3
JK185266,41.676197,-87.622955,6
JK174450,41.76578,-87.68694,3
JK171243,41.899734,-87.624146,2
JK151380,41.88946,-87.62422,2
JK221081,41.757008,-87.64663,5
JK210237,41.758755,-87.587425,7
JK211870,41.885742,-87.631714,2
JK218301,41.751312,-87.67681,5
JK229893,41.77311,-87.68836,3
JK170323,41.925465,-87.64792,1
JK174282,41.78643,-87.65468,3
JK158703,41.92617,-87.64978,1
JK193238,41.77602,-87.61552,5
JK228315,41.8924,-87.63331,2
JK175809,41.814102,-87.59936,5
JK218008,41.984108,-87.66086,1
JK140795,41.797382,-87.585464,5
JK178945,41.69317,-87.65055,6
JK147375,41.975826,-87.69757,1
JK211459,41.77197,-87.648224,5
JK157894,41.977016,-87.692444,1
JK228346,41.69796,-87.63098,6
JK236899,41.803673,-87.70385,3
JK198976,41.918674,-87.75265,0
JK209014,41.88572,-87.63926,4
JK234024,41.820255,-87.60039,2
JK173748,41.850937,-87.70155,4
JK164808,41.706318,-87.61375,6
JK222337,41.893845,-87.62423,2
JK217489,41.8606,-87.66139,4
JK174825,41.89284,-87.61772,2
JK190237,41.808292,-87.62281,5
JK227802,41.771786,-87.62834,5
JK233090,41.955738,-87.75235,0
JK232389,41.751293,-87.6045,7
JK160632,41.684364,-87.62886,6
JK190365,41.822544,-87.66556,3
JK162784,41.77957,-87.705574,3
JK185875,41.802273,-87.687935,3
JK170557,41.88026,-87.76388,0
JK197059,41.74794,-87.65003,5
JK182824,41.93075,-87.646515,1
JK155258,41.807995,-87.66251,3
JK181367,41.886845,-87.7651,0
JK184282,41.706818,-87.65409,6
JK166934,41.906223,-87.68223,1
JK163444,41.78078,-87.667885,3
JK149000,41.769417,-87.569855,7
JK234761,41.76774,-87.667534,5
JK191915,41.897713,-87.74958,0
JK234930,41.822975,-87.685234,3
JK170792,41.83941,-87.64632,2
JK174657,41.872715,-87.71139,4
JK225116,41.794502,-87.585396,5
JK234981,41.77787,-87.748344,3
JK190378,41.7777,-87.7264,3
JK197460,41.7712,-87.663994,5
JK228298,41.814945,-87.60986,2
JK234828,41.90265,-87.72796,0
JK196188,41.91109,-87.640144,2
JK166362,41.878967,-87.66265,4
JK142494,41.808628,-87.6631,3
JK189569,41.943546,-87.72732,0
JK175273,41.880455,-87.72322,4
JK150138,41.809402,-87.61526,5
JK143910,41.795,-87.662186,3
JK145122,41.75316,-87.55701,7
JK231271,41.679893,-87.619484,6
JK207721,41.72323,-87.61297,7
JK166949,41.79444,-87.58393,5
JK156576,41.75805,-87.58102,7
JK162517,41.79573,-87.62249,5
JK225457,41.837116,-87.60824,2
JK194257,41.77845,-87.69094,3
JK210923,41.837322,-87.6353,2
JK152122,41.775997,-87.5961,7
JK213552,41.94717,-87.65769,1
JK185036,41.885082,-87.71602,4
JK210510,41.692524,-87.7034,6
JK202555,41.836773,-87.65477,2
JK234984,41.880512,-87.74414,4
JK168866,41.696312,-87.61755,6
JK149227,41.903996,-87.64323,2
JK189953,41.925175,-87.66651,1
JK175679,41.80411,-87.60314,5
JK208482,41.856064,-87.7261,4
JK143017,41.895733,-87.68778,4
JK201703,41.76122,-87.62807,5
JK206809,41.774006,-87.70302,3
JK182390,41.651432,-87.52726,7
JK208619,41.7525,-87.55077,7
JK212928,41.864693,-87.666336,4
JK190471,41.925808,-87.70382,0
JK218653,41.907684,-87.64333,2
JK236508,41.767117,-87.570724,7
JK202955,41.71759,-87.61403,6
JK179844,41.919056,-87.77677,0
JK213468,41.900036,-87.71768,0
JK188728,41.78308,-87.62055,5
JK204475,41.9502,-87.649,1
JK195492,41.87661,-87.62765,2
JK234254,41.83489,-87.654724,2
JK163329,41.86152,-87.66245,4
JK209676,41.75941,-87.605415,5
JK207803,41.88243,-87.627846,2
JK189303,41.765427,-87.63039,5
JK160261,41.873936,-87.75551,4
JK203662,41.887592,-87.618355,2
JK147519,41.745617,-87.70471,3
JK207538,41.743828,-87.55176,7
JK163058,41.876907,-87.628426,2
JK224078,41.969826,-87.65764,1
JK194821,41.72859,-87.65719,6
JK151853,41.727097,-87.603035,7
JK200775,41.94753,-87.71397,1
JK170999,41.676735,-87.62047,6
JK160755,41.819347,-87.61585,2
JK153550,41.760612,-87.67342,5
JK141900,41.768032,-87.57088,7
JK228164,41.93854,-87.76923,0
JK140737,41.794174,-87.703575,3
JK181049,41.771996,-87.68008,3
JK186098,41.95642,-87.72313,0
JK152919,41.769924,-87.63727,5
JK229037,41.94137,-87.76242,0
JK179196,41.980778,-87.805435,0
JK226489,41.898113,-87.617935,2
JK232850,41.86751,-87.68727,4
JK185132,41.940823,-87.67839,1
JK230511,41.85496,-87.64371,2
JK182627,41.733593,-87.60475,7
JK174504,41.929577,-87.757195,0
JK194420,41.956295,-87.708084,1
JK213765,41.881016,-87.63234,2
JK161135,41.721653,-87.5647,7
JK157599,41.757458,-87.586105,7
JK189169,41.840717,-87.62351,2
JK219274,41.94622,-87.70825,1
JK209358,41.95313,-87.77112,0
JK199343,41.84458,-87.701805,4
JK171943,41.766758,-87.661964,5
JK198091,41.933445,-87.740074,0
JK197158,41.99138,-87.69943,1
JK204713,41.74587,-87.55279,7
JK207024,41.775658,-87.586296,7
JK208093,41.77002,-87.69134,3
JK214962,41.77691,-87.652,5
JK153652,41.9948,-87.709274,1
JK182319,41.851437,-87.64646,2
JK156671,41.75271,-87.70369,3
JK185311,41.743126,-87.60501,7
JK226466,41.758537,-87.683075,3
JK160380,41.970516,-87.836655,0
JK228874,41.786266,-87.78891,3
JK155602,41.72937,-87.603584,7
JK155460,41.858864,-87.72536,4
JK169291,41.909554,-87.75166,0
JK152659,41.93704,-87.80672,0
JK215139,41.97618,-87.87642,0
JK159878,41.977016,-87.692444,1
JK208125,41.803196,-87.703835,3
JK196313,41.76785,-87.5665,7
JK169430,41.94725,-87.653595,1
JK149375,41.878056,-87.74398,4
JK173195,41.664974,-87.620026,6
JK145187,41.711624,-87.651474,6
JK237038,41.957623,-87.65463,1
JK229600,41.774265,-87.61308,5
JK195020,41.851803,-87.68564,4
JK203366,41.99327,-87.68729,1
JK193224,41.77995,-87.7289,3
JK173617,41.741215,-87.666115,5
JK206355,41.900967,-87.7595,0
JK184921,41.907154,-87.63968,2
JK146979,41.863792,-87.710464,4
JK207146,41.89116,-87.75964,0
JK213124,41.792305,-87.62402,5
JK219548,41.892815,-87.62419,2
JK213648,41.71985,-87.56233,7
JK158262,41.884468,-87.63429,2
JK212942,41.967667,-87.77604,0
JK154145,41.860218,-87.720116,4
JK145995,41.892002,-87.625374,2
JK225830,41.878857,-87.72672,4
JK203159,41.8732,-87.71974,4
JK218406,41.889454,-87.628,2
JK230364,41.7888,-87.71453,3
JK213217,41.780945,-87.621994,5
JK210468,41.878857,-87.72662,4
JK146442,41.916546,-87.63671,1
JK191727,41.80188,-87.69036,3
JK230473,41.849407,-87.713715,4
JK236664,41.748203,-87.65489,5
JK197238,41.74481,-87.61233,7
JK220061,41.925213,-87.66368,1
JK187682,41.734207,-87.60477,7
JK207290,41.761673,-87.59573,7
JK231893,41.89514,-87.62425,2
JK213057,41.908554,-87.758415,0
JK173218,41.863377,-87.656456,4
JK208714,41.89695,-87.66572,1
JK187483,41.7416,-87.701195,3
JK218638,41.8364,-87.726776,4
JK226226,41.798416,-87.59345,5
JK153915,41.965054,-87.741356,0
JK154694,41.725033,-87.60701,7
JK221547,41.85866,-87.63025,2
JK216012,41.985443,-87.668304,1
JK208642,41.954407,-87.70192,1
JK187109,41.802498,-87.586044,5
JK209371,41.68245,-87.63723,6
JK165377,41.946808,-87.68264,1
JK215679,41.930897,-87.697586,0
JK225769,41.700882,-87.64022,6
JK187426,41.68372,-87.62529,6
JK143035,41.85545,-87.7151,4
JK154892,41.768013,-87.64692,5
JK223513,41.894962,-87.7511,0
JK226414,41.778873,-87.59631,7
JK162851,41.96307,-87.65598,1
JK185937,41.821068,-87.62855,2
JK151325,41.861794,-87.62242,2
JK193633,41.891754,-87.7193,0
JK167494,41.840015,-87.73173,4
JK235780,41.895878,-87.706566,0
JK152144,41.844204,-87.638306,2
JK178017,41.778152,-87.59302,7
JK218358,41.910957,-87.67836,1
JK163149,41.788193,-87.66686,3
JK164336,41.8803,-87.76074,0
JK193757,41.80146,-87.65439,3
JK201599,41.97244,-87.72815,1
JK191058,41.68458,-87.626495,6
JK202390,41.750484,-87.62298,5
JK184153,41.7821,-87.5865,7
JK204897,41.797935,-87.6063,5
JK169055,41.884697,-87.77338,0
JK222808,41.697754,-87.61229,6
JK231849,41.966137,-87.65794,1
JK192073,41.934982,-87.7621,0
JK204436,41.80668,-87.744354,3
JK215735,41.978523,-87.836586,0
JK195410,41.776794,-87.6042,5
JK199033,41.86686,-87.667656,4
JK231890,41.851048,-87.707664,4
JK192092,41.990475,-87.69367,1
JK171558,41.990044,-87.65898,1
JK206847,41.703857,-87.56573,7
JK180315,41.894936,-87.63854,2
JK198552,41.75365,-87.62647,5
JK143166,41.709225,-87.608116,6
JK158143,41.89913,-87.74835,0
JK160838,41.925175,-87.66651,1
JK212098,41.948936,-87.72013,0
JK144457,41.785862,-87.68748,3
JK169870,41.8238,-87.61976,2
JK232043,41.775288,-87.665375,3
JK199083,41.808697,-87.619576,5
JK161728,41.827374,-87.68257,3
JK231158,41.701595,-87.63154,6
JK184651,41.774647,-87.68216,3
JK212749,41.750797,-87.63346,5
JK195603,41.751595,-87.6659,5
JK196707,41.755573,-87.6466,5
JK179241,41.93743,-87.64918,1
JK232492,41.653732,-87.59554,6
JK151195,41.889202,-87.63164,2
JK199401,41.697086,-87.62084,6
JK146527,41.781605,-87.74117,3
JK211656,41.754593,-87.74153,3
JK173048,41.88946,-87.62422,2
JK140301,41.91167,-87.63193,2
JK205302,41.704292,-87.60392,6
JK161147,41.91749,-87.74614,0
JK190574,41.747723,-87.59679,7
JK185992,41.880783,-87.62668,2
JK165829,41.972168,-87.74676,0
JK199437,41.896526,-87.63915,2
JK143724,41.890076,-87.76521,0
JK168965,41.930904,-87.64402,1
JK182820,41.785023,-87.62545,5
JK234611,41.90272,-87.72061,0
JK224385,41.795765,-87.63186,5
JK182090,41.882393,-87.627846,2
JK211535,41.89847,-87.76728,0
JK235796,41.92723,-87.641464,1
JK232993,41.877728,-87.63956,4
JK169807,41.764114,-87.72069,3
JK196829,41.710087,-87.6417,6
JK149203,41.841835,-87.733,4
JK157835,41.92608,-87.64965,1
JK143243,41.78033,-87.65938,3
JK193120,41.7603,-87.55999,7
JK155437,41.874947,-87.65689,4
JK233085,41.878082,-87.74169,4
JK208661,41.66819,-87.62036,6
JK140361,41.768448,-87.61412,5
JK165591,41.74656,-87.61359,7
JK173626,41.786007,-87.7187,3
JK168912,41.785564,-87.623245,5
JK225454,41.924168,-87.75184,0
JK197820,41.997887,-87.68048,1
JK143995,41.691833,-87.61335,6
JK158789,41.925404,-87.756195,0
JK194208,41.9778,-87.68317,1
JK162254,41.748405,-87.67398,5
JK141932,41.858616,-87.65645,4
JK176104,41.949093,-87.64374,1
JK144863,41.930706,-87.76131,0
JK168697,41.699986,-87.61535,6
JK233261,41.84154,-87.66158,2
JK207976,41.820984,-87.6014,2
JK154807,41.92314,-87.66653,1
JK190101,41.774235,-87.58801,7
JK166101,41.866295,-87.74477,4
JK192164,41.777557,-87.615555,5
JK232317,41.83896,-87.655235,2
JK154650,41.74818,-87.65003,5
JK204910,41.689266,-87.681076,6
JK150135,41.894558,-87.624245,2
JK184083,41.81412,-87.62297,2
JK235489,41.924458,-87.63808,1
JK210140,41.96036,-87.77635,0
JK218982,41.87908,-87.63081,2
JK218924,41.731544,-87.54293,7
JK239557,41.814346,-87.72383,3
JK183323,41.753757,-87.55213,7
JK228544,41.76606,-87.57719,7
JK207310,41.909996,-87.77646,0
JK206791,41.96581,-87.641,1
JK205710,41.714962,-87.66195,6
JK205957,41.88762,-87.6188,2
JK150126,41.96789,-87.65481,1
JK203077,41.873196,-87.65921,4
JK198903,41.906197,-87.76944,0
JK202572,41.78687,-87.62226,5
JK155933,41.75651,-87.55291,7
JK219809,41.700134,-87.56198,7
JK212053,41.737736,-87.69291,3
JK215512,41.763603,-87.56538,7
JK207309,41.757908,-87.55441,7
JK234452,41.70603,-87.64524,6
JK164034,41.86854,-87.63924,2
JK212546,41.75113,-87.61425,7
JK207385,41.664906,-87.62704,6
JK214499,41.81039,-87.60391,5
JK169640,41.93263,-87.6684,1
JK226758,41.890846,-87.629105,2
JK153108,41.961628,-87.66642,1
JK232654,41.74885,-87.64185,5
JK213132,41.983437,-87.72967,1
JK212573,41.76752,-87.67468,5
JK142653,41.984303,-87.658035,1
JK154699,41.763313,-87.58735,7
JK230045,41.919353,-87.72662,0
JK235106,41.75313,-87.65703,5
JK230264,41.89318,-87.634674,2
JK148391,41.906128,-87.64087,2
JK196594,41.902935,-87.69553,4
JK220259,41.75068,-87.59303,7
JK167539,41.88239,-87.74289,4
JK189346,41.781685,-87.59623,7
JK163805,41.974773,-87.8064,0
JK191216,41.96585,-87.77549,0
JK226543,41.947376,-87.65917,1
JK222136,41.82268,-87.612495,2
JK189806,41.758068,-87.56393,7
JK206418,41.88321,-87.63446,2
JK215747,41.746742,-87.6614,5
JK149186,41.824356,-87.64474,2
JK175932,41.88465,-87.627914,2
JK173491,41.999325,-87.79087,0
JK199380,41.88239,-87.624374,2
JK174028,41.75144,-87.62584,5
JK226123,41.689457,-87.53408,7
JK182985,41.962852,-87.72473,1
JK215645,41.74505,-87.60137,7
JK143369,41.908264,-87.74607,0
JK156423,41.9393,-87.7104,0
JK165471,41.955296,-87.68851,1
JK144006,41.80462,-87.68437,3
JK147161,41.787018,-87.64551,3
JK205599,41.899235,-87.62244,2
JK170711,41.924034,-87.7616,0
JK141454,41.831192,-87.61005,2
JK214579,41.903164,-87.62921,2
JK153043,41.930767,-87.735596,0
JK225283,41.765446,-87.626144,5
JK187697,41.89926,-87.69956,4
JK193537,41.79003,-87.77441,3
JK188562,41.771656,-87.70424,3
JK232667,41.866913,-87.62582,2
JK171143,41.760334,-87.60961,5
JK228786,41.895664,-87.69454,4
JK198159,41.89832,-87.70527,0
JK156979,41.90385,-87.66726,1
JK232525,41.870472,-87.7438,4
JK216856,41.71452,-87.56218,7
JK143805,41.808353,-87.66618,3
JK186486,41.927807,-87.80088,0
JK231993,41.878307,-87.69976,4
JK161735,41.74444,-87.66086,5
JK227554,41.946278,-87.6421,1
JK204424,41.776924,-87.64957,5
JK179002,41.868202,-87.68608,4
JK195340,41.768814,-87.64615,5
JK195735,41.93054,-87.6393,1
JK144381,41.752148,-87.717316,3
JK209130,41.88321,-87.63012,2
JK205014,41.917786,-87.72658,0
JK200578,41.87856,-87.74846,4
JK204614,41.653748,-87.59994,6
JK192133,41.92182,-87.73892,0
JK212712,41.982742,-87.65659,1
JK203191,41.84923,-87.71615,4
JK177057,41.92643,-87.75131,0
JK191613,41.808796,-87.62282,5
JK219922,41.930904,-87.64402,1
JK195476,41.864285,-87.72929,4
JK177675,41.894993,-87.74697,0
JK173381,41.77851,-87.73527,3
JK218124,41.776897,-87.679794,3
JK177042,41.85477,-87.63015,2
JK151768,41.88298,-87.65694,4
JK200518,41.905575,-87.68955,4
JK233459,41.866505,-87.62581,2
JK218185,41.780155,-87.58645,7
JK211079,41.96179,-87.7254,1
JK174034,41.925842,-87.70234,0
JK225700,41.94348,-87.65997,1
JK215617,41.94906,-87.74974,0
JK152638,41.749878,-87.68284,3
JK155883,41.769768,-87.65788,5
JK202889,41.740467,-87.54297,7
JK206794,41.928436,-87.648865,1
JK201807,41.794174,-87.703575,3
JK160257,41.89495,-87.62362,2
JK140899,41.76544,-87.6268,5
JK199526,41.772686,-87.60576,5
JK211074,41.705887,-87.720215,6
JK235578,41.966393,-87.65354,1
JK197270,41.89284,-87.61772,2
JK222341,41.711067,-87.68176,6
JK160544,41.996044,-87.78749,0
JK172556,41.94258,-87.73903,0
JK192124,41.939625,-87.7162,0
JK160966,41.80547,-87.60381,5
JK148374,41.97925,-87.8398,0
JK150485,41.868217,-87.630455,2
JK150772,41.949455,-87.81207,0
JK159199,41.75177,-87.65256,5
JK191984,41.73651,-87.54445,7
JK172106,41.897392,-87.65123,1
JK154271,41.852863,-87.62423,2
JK235666,41.891968,-87.76053,0
JK198586,41.82386,-87.61507,2
JK188137,41.75193,-87.64407,5
JK231758,41.902462,-87.63443,2
JK232237,41.776546,-87.69942,3
JK192372,41.93442,-87.717255,0
JK166594,41.808735,-87.619576,5
JK212424,41.842243,-87.695145,4
JK149621,41.66237,-87.63453,6
JK152831,41.91341,-87.76192,0
JK172344,41.903114,-87.643196,2
JK231649,41.69257,-87.6244,6
JK217528,41.754353,-87.55058,7
JK148023,41.89006,-87.707275,0
JK235505,41.760796,-87.65279,5
JK195325,41.951206,-87.710396,1
JK210737,41.886845,-87.7651,0
JK150053,41.74675,-87.60262,7
JK223334,41.88852,-87.64282,4
JK196072,41.896088,-87.66617,1
JK236203,41.891693,-87.62615,2
JK209138,41.94912,-87.699326,1
JK190854,41.80893,-87.61658,5
JK162151,41.967464,-87.71822,1
JK227401,41.76315,-87.57623,7
JK197421,41.97715,-87.80046,0
JK230656,41.789165,-87.60125,5
JK235022,41.78245,-87.672775,3
JK148739,41.749847,-87.63186,5
JK149626,41.91109,-87.67259,1
JK228310,41.870975,-87.70416,4
JK206036,41.859722,-87.62398,2
JK166313,41.771076,-87.58258,7
JK223988,41.866234,-87.72052,4
JK188910,41.878532,-87.70546,4
JK188882,41.785957,-87.68504,3
JK146094,41.884445,-87.74603,0
JK197329,41.749527,-87.59868,7
JK204398,41.759747,-87.597046,7
JK232509,41.746254,-87.605095,7
JK171623,41.765842,-87.576294,7
JK149887,41.78973,-87.64747,3
JK149752,41.73285,-87.55547,7
JK154302,41.878586,-87.746056,4
JK214852,41.937016,-87.74588,0
JK181271,41.888702,-87.64757,4
JK191996,41.795834,-87.606255,5
JK166639,41.803,-87.722305,3
JK200490,41.877495,-87.67471,4
JK210721,41.97537,-87.74585,0
JK156401,41.9547,-87.74734,0
JK168897,41.77425,-87.603355,5
JK215018,41.679745,-87.63159,6
JK183516,41.87682,-87.63568,2
JK171824,41.653393,-87.61725,6
JK234429,41.91833,-87.638145,1
JK209108,41.87077,-87.72133,4
JK153036,41.794174,-87.703575,3
JK164073,41.917545,-87.69073,1
JK167152,41.97044,-87.65001,1
JK227866,41.7655,-87.624054,5
JK230727,41.858997,-87.71307,4
JK171228,41.709644,-87.68789,6
JK146799,41.87397,-87.625984,2
JK176199,41.99417,-87.68528,1
JK205293,41.89489,-87.62737,2
JK169740,41.93203,-87.70773,0
JK190692,41.896084,-87.72857,0
JK186157,41.880775,-87.62703,2
JK234355,41.73655,-87.611664,7
JK169794,41.931583,-87.742744,0
JK184026,41.958694,-87.73835,0
JK218205,41.898006,-87.731834,0
JK193705,41.938557,-87.76802,0
JK163215,41.75231,-87.65432,5
JK202423,41.816746,-87.61081,2
JK141976,41.799347,-87.646515,3
JK143511,41.70475,-87.63432,6
JK168830,41.77641,-87.687225,3
JK201088,41.89751,-87.75321,0
JK213330,41.9057,-87.69296,4
JK195805,41.751465,-87.644066,5
JK206219,41.883224,-87.62497,2
JK213850,41.79153,-87.71415,3
JK196861,41.72905,-87.6653,6
JK235151,41.740192,-87.66804,5
JK200462,41.84412,-87.73372,4
JK226671,41.750965,-87.558945,7
JK179248,41.995323,-87.656975,1
JK144128,41.75473,-87.56265,7
JK156021,41.99402,-87.71328,1
JK202616,41.96736,-87.69009,1
JK208487,41.88675,-87.65147,4
JK181907,41.800465,-87.72337,3
JK182046,41.9594,-87.69999,1
JK005060,41.79488,-87.64274,3
JK198294,41.88332,-87.72921,4
JK217132,41.707535,-87.60084,6
JK212124,41.75058,-87.64819,5
JK190125,41.902695,-87.67358,1
JK188567,41.802174,-87.72464,3
JK201153,41.877354,-87.68791,4
JK175345,41.772495,-87.58505,7
JK197043,41.777805,-87.61315,5
JK217136,41.69388,-87.61219,6
JK237696,41.939316,-87.70943,0
JK195970,41.990604,-87.671814,1
JK211000,41.877876,-87.62608,2
JK188518,41.90431,-87.66796,1
JK237223,41.973194,-87.86707,0
JK141040,41.743015,-87.619545,5
JK144149,41.810547,-87.60659,5
JK219295,41.73511,-87.64116,5
JK222528,41.954617,-87.70804,1
JK211978,41.750656,-87.64325,5
JK223402,41.939262,-87.713356,0
JK210812,41.887245,-87.70631,4
JK193723,41.977535,-87.795105,0
JK175408,41.727787,-87.58762,7
JK158357,41.702213,-87.56398,7
JK205206,41.78539,-87.730286,3
JK226863,41.798546,-87.69027,3
JK147652,41.824604,-87.68711,3
JK178981,41.898823,-87.69185,4
JK213512,41.97118,-87.68778,1
JK152569,41.85391,-87.622246,2
JK165637,41.88652,-87.6659,4
JK196700,41.858593,-87.62721,2
JK236161,41.954205,-87.75779,0
JK164133,41.798244,-87.70125,3
JK207919,41.77679,-87.66292,3
JK190197,41.68818,-87.60711,6
JK184171,41.840252,-87.70735,4
JK169437,41.918518,-87.6752,1
JK234075,41.960114,-87.68743,1
JK143644,41.990685,-87.80009,0
JK190840,41.788986,-87.74148,3
JK210687,41.758938,-87.63693,5
JK223525,41.78101,-87.76917,3
JK170946,41.967735,-87.77098,0
JK169830,41.76376,-87.68444,3
JK194241,41.877823,-87.738525,4
JK228860,41.895664,-87.69489,4
JK230245,41.79143,-87.65966,3
JK143360,41.877663,-87.62766,2
JK205624,41.78937,-87.69124,3
JK160477,41.749622,-87.671906,5
JK176735,41.721508,-87.59477,7
JK179346,41.82693,-87.62772,2
JK228654,41.77707,-87.64836,5
JK198152,41.701363,-87.61482,6
JK222731,41.82435,-87.70804,3
JK188452,41.769413,-87.66394,5
JK153624,41.906555,-87.66182,1
JK202637,41.895004,-87.6545,1
JK180285,41.94665,-87.701355,1
JK147135,41.982777,-87.65659,1
JK213036,41.80952,-87.60738,5
JK225222,41.845985,-87.70018,4
JK155059,41.85426,-87.71992,4
JK197014,41.86645,-87.701225,4
JK202069,41.983116,-87.655174,1
JK184398,41.75054,-87.60764,7
JK214526,41.77058,-87.621826,5
JK166876,41.89399,-87.702156,4
JK160992,41.80201,-87.62206,5
JK147895,41.748604,-87.60026,7
JK202729,41.83625,-87.72067,4
JK183435,41.874134,-87.670166,4
JK160834,41.923065,-87.74627,0
JK152393,41.94534,-87.65738,1
JK216748,41.992657,-87.69704,1
JK229702,41.803673,-87.70385,3
JK143594,41.757904,-87.591995,7
JK189976,41.90155,-87.6981,4
JK152771,41.68807,-87.62177,6
JK183881,41.821255,-87.62154,2
JK195273,41.794174,-87.703575,3
JK172040,41.7933,-87.664566,3
JK216190,41.95385,-87.71349,1
JK141398,41.796314,-87.5809,5
JK141032,41.875042,-87.633644,2
JK194182,41.91209,-87.75698,0
JK203358,41.872894,-87.62756,2
JK236652,41.960106,-87.685005,1
JK171832,41.91185,-87.6775,1
JK143869,41.74996,-87.630646,5
JK150498,41.975655,-87.78738,0
JK156018,41.856297,-87.62229,2
JK208082,41.910065,-87.71087,0
JK188232,41.86957,-87.743065,4
JK190892,41.76745,-87.58596,7
JK172446,41.80358,-87.61253,5
JK140594,41.880627,-87.734314,4
JK189880,41.86566,-87.70442,4
JK220276,41.73501,-87.71307,3
JK219892,41.985535,-87.660126,1
JK172026,41.783524,-87.593124,7
JK174067,41.7699,-87.645744,5
JK230320,41.812057,-87.59384,5
JK173508,41.89399,-87.702156,4
JK171257,41.892532,-87.658585,1
JK177691,41.83037,-87.67698,3
JK222873,41.76831,-87.624916,5
JK192518,41.877846,-87.736595,4
JK186294,41.889946,-87.66141,1
JK183408,41.912605,-87.70459,0
JK199110,41.9117,-87.75272,0
JK193579,41.864494,-87.63916,2
JK182022,41.796036,-87.76606,3
JK153557,41.92407,-87.75905,0
JK181753,41.760845,-87.562996,7
JK231105,41.77907,-87.6156,5
JK161594,41.933083,-87.63615,1
JK230495,41.770626,-87.64625,5
JK231102,41.769432,-87.56823,7
JK207495,41.79949,-87.5935,5
JK200499,41.905792,-87.76288,0
JK218855,41.779873,-87.58645,7
JK153337,41.862865,-87.71411,4
JK143834,41.777893,-87.61556,5
JK157012,41.86934,-87.64695,4
JK218386,41.868217,-87.630455,2
JK204178,41.747078,-87.70476,3
JK173022,41.965412,-87.656715,1
JK169379,41.74068,-87.65226,5
JK158841,41.96307,-87.65598,1
JK235212,41.68041,-87.660255,6
JK191200,41.769485,-87.68206,3
JK151936,41.90532,-87.72998,0
JK190208,41.964165,-87.656685,1
JK158626,41.736385,-87.58056,7
JK217768,41.75184,-87.64529,5
JK234812,41.661835,-87.5532,7
JK189064,41.93173,-87.73189,0
JK153861,41.86756,-87.70448,4
JK182361,41.963833,-87.70833,1
JK218001,41.867638,-87.70448,4
JK197415,41.835083,-87.72339,4
JK154870,41.812412,-87.62129,2
JK186284,41.926224,-87.7758,0
JK163913,41.96129,-87.692795,1
JK223583,41.793407,-87.58488,5
JK220273,41.774994,-87.60268,5
JK229527,41.853825,-87.63491,2
JK199262,41.687397,-87.70311,6
JK234511,41.880962,-87.706985,4
JK195784,41.880424,-87.75096,0
JK185628,41.86789,-87.68607,4
JK146097,41.705185,-87.63604,6
JK160733,41.880352,-87.75675,0
JK232750,41.82864,-87.6205,2
JK220130,41.792305,-87.62402,5
JK214197,41.97707,-87.69409,1
JK174591,41.9254,-87.65231,1
JK183109,41.88099,-87.704636,4
JK184481,41.942196,-87.68825,1
JK194740,41.999744,-87.68507,1
JK162073,41.96395,-87.680664,1
JK227429,41.939922,-87.66867,1
JK232378,41.749054,-87.60027,7
JK173284,41.877846,-87.761734,0
JK216967,41.972645,-87.66169,1
JK164544,41.846874,-87.6904,4
JK189848,41.777557,-87.615555,5
JK170697,41.928356,-87.70884,0
JK163502,41.937603,-87.7214,0
JK186113,41.900314,-87.6853,4
JK213840,41.757088,-87.66528,5
JK179327,41.85823,-87.71397,4
JK192877,41.878334,-87.697426,4
JK197018,41.7796,-87.63752,5
JK211570,41.975407,-87.74036,0
JK240753,41.851437,-87.64646,2
JK203883,41.90933,-87.769394,0
JK173283,41.750782,-87.62582,5
JK193940,41.97747,-87.78719,0
JK205827,41.91966,-87.75356,0
JK227058,41.76576,-87.612366,5
JK232164,41.96313,-87.6596,1
JK172739,41.935955,-87.78586,0
JK216021,41.69572,-87.61346,6
JK170773,41.904137,-87.69445,4
JK206988,41.8354,-87.64864,2
JK167825,41.919216,-87.68092,1
JK193811,41.957867,-87.64854,1
JK154563,41.89382,-87.77326,0
JK209722,41.878765,-87.734146,4
JK187759,41.878113,-87.63429,2
JK192381,41.96591,-87.65886,1
JK159062,41.809574,-87.60312,5
JK151699,41.774242,-87.71368,3
JK151422,41.655155,-87.55321,7
JK183510,41.75071,-87.62454,5
JK218285,41.761032,-87.62807,5
JK172958,41.891876,-87.64762,4
JK141115,41.793453,-87.58157,5
JK177816,41.76562,-87.57813,7
JK165359,41.922787,-87.64504,1
JK217839,41.981052,-87.66837,1
JK157184,41.97595,-87.841545,0
JK223371,41.80753,-87.61869,5
JK175699,41.751457,-87.552895,7
JK217517,41.89877,-87.624115,2
JK212595,41.903122,-87.7251,0
JK156551,41.967606,-87.77826,0
JK145684,41.697124,-87.62084,6
JK220395,41.826366,-87.63296,2
JK187878,41.89226,-87.74701,0
JK235256,41.942196,-87.68825,1
JK224982,41.837944,-87.65386,2
JK156950,41.76478,-87.67642,5
JK180721,41.917408,-87.70579,0
JK165134,41.932575,-87.657616,1
JK196011,41.82319,-87.701965,3
JK230222,41.902058,-87.771324,0
JK201752,41.778732,-87.68485,3
JK151803,41.67766,-87.65287,6
JK179563,41.85444,-87.71755,4
JK196917,41.901905,-87.68455,4
JK215352,41.974655,-87.65148,1
JK184847,41.786343,-87.69768,3
JK190024,41.916374,-87.73876,0
JK222096,41.868034,-87.63921,2
JK227773,41.814846,-87.61549,2
JK161024,41.88681,-87.755295,0
JK234281,41.88556,-87.65365,4
JK234396,41.695656,-87.612236,6
JK166674,41.89667,-87.62863,2
JK185653,41.779987,-87.75206,3
JK158437,41.87388,-87.65682,4
JK231490,41.885326,-87.62793,2
JK238225,41.75673,-87.56001,7
JK230609,41.71526,-87.572174,7
JK175300,41.773487,-87.63749,5
JK211479,41.876503,-87.65794,4
JK157098,41.743393,-87.60502,7
JK142186,41.903934,-87.62913,2
JK213270,41.69164,-87.626465,6
JK220215,41.80851,-87.67482,3
JK226795,41.72622,-87.56729,7
JK207412,41.679863,-87.621956,6
JK149888,41.886814,-87.63285,2
JK236538,41.986065,-87.72852,1
JK220174,41.729755,-87.655594,6
JK187269,41.978558,-87.836586,0
JK149007,41.87022,-87.6259,2
JK185396,41.79112,-87.728004,3
JK227490,41.693695,-87.63999,6
JK215529,41.653088,-87.60241,6
JK231589,41.74652,-87.63298,5
JK196532,41.7661,-87.57354,7
JK148943,41.91727,-87.71764,0
JK161421,41.74934,-87.714584,3
JK147587,41.980507,-87.6551,1
JK219681,41.800846,-87.60349,5
JK198117,41.854095,-87.66943,4
JK228178,41.783073,-87.60725,5
JK189952,41.925175,-87.66651,1
JK206208,41.942646,-87.73396,0
JK204466,41.89284,-87.61772,2
JK206059,41.992653,-87.79953,0
JK164579,41.884888,-87.76334,0
JK169889,41.875156,-87.66791,4
JK175956,41.734642,-87.55966,7
JK199810,41.959152,-87.72573,1
JK199126,41.895878,-87.706566,0
JK179926,41.94045,-87.651085,1
JK185323,41.808346,-87.62281,5
JK191193,41.89753,-87.66554,1
JK220809,41.944374,-87.64759,1
JK187998,41.741062,-87.693886,3
JK229210,41.778755,-87.65934,3
JK187866,41.974533,-87.77942,0
JK142719,41.714977,-87.656044,6
JK207247,41.923283,-87.6991,0
JK232698,41.81943,-87.61073,2
JK213067,41.76315,-87.559715,7
JK141210,41.884468,-87.744156,0
JK165388,41.807453,-87.62364,5
JK188001,41.777653,-87.61556,5
JK156520,41.87758,-87.75406,4
JK141927,41.921528,-87.734024,0
JK149042,41.750374,-87.607635,7
JK197200,41.8664,-87.70597,4
JK153129,41.91622,-87.70524,0
JK214696,41.911465,-87.79487,0
JK197383,41.796806,-87.70365,3
JK152708,41.776287,-87.79345,3
JK208895,41.705677,-87.600945,6
JK215602,41.88201,-87.6285,2
JK165806,41.87418,-87.667854,4
JK176849,41.885426,-87.63097,2
JK189393,41.851994,-87.68889,4
JK203771,41.902943,-87.69503,4
JK218565,41.713657,-87.62846,6
JK219751,41.809296,-87.622345,5
JK149612,41.746853,-87.601425,7
JK201732,41.866936,-87.66044,4
JK159849,41.77461,-87.68352,3
JK172245,41.69186,-87.53972,7
JK179719,41.89667,-87.62863,2
JK206174,41.878025,-87.721855,4
JK190730,41.776863,-87.67384,3
JK226606,41.76273,-87.69224,3
JK140753,41.780186,-87.70317,3
JK235576,41.89726,-87.671745,1
JK149368,41.84597,-87.68547,4
JK169832,41.81719,-87.61401,2
JK188241,41.949352,-87.72014,0
JK147216,41.87828,-87.71454,4
JK213601,41.85835,-87.641884,2
JK175585,41.762672,-87.65163,5
JK145767,41.699825,-87.62727,6
JK207637,41.756397,-87.72105,3
JK211104,41.754574,-87.58448,7
JK171933,41.89444,-87.71994,0
JK216436,41.98528,-87.73415,1
JK226406,41.929848,-87.70868,0
JK147670,41.812504,-87.685814,3
JK203805,41.79386,-87.65083,3
JK140568,41.877823,-87.65518,4
JK193005,41.83973,-87.72807,4
JK169198,41.899147,-87.62773,2
JK146064,41.96642,-87.6871,1
JK199728,41.710125,-87.62719,6
JK152137,41.66357,-87.627,6
JK155636,41.769917,-87.663956,5
JK213482,41.878532,-87.70546,4
JK215160,41.896263,-87.65577,1
JK233189,41.68541,-87.6148,6
JK172204,41.856445,-87.70539,4
JK209904,41.672226,-87.65061,6
JK199107,41.879265,-87.7438,4
JK143905,41.86838,-87.62585,2
JK179316,41.866333,-87.66638,4
JK200670,41.85273,-87.70139,4
JK211765,41.80204,-87.62032,5
JK218784,41.693172,-87.52704,7
JK180557,41.781578,-87.61566,5
JK200402,41.846294,-87.690384,4
JK221003,41.946857,-87.64697,1
JK147014,41.769653,-87.662735,5
JK152381,41.942474,-87.65904,1
JK226907,41.7642,-87.66501,5
JK222257,41.75037,-87.610054,7
JK149629,41.877823,-87.65518,4
JK147398,41.77432,-87.6058,5
JK216524,41.996605,-87.69839,1
JK005026,41.789707,-87.714485,3
JK173845,41.92853,-87.77223,0
JK171111,41.79326,-87.65364,3
JK188447,41.65417,-87.6022,6
JK170358,41.765427,-87.583664,7
JK203289,41.89637,-87.71756,0
JK197701,41.852303,-87.62549,2
JK179611,41.930195,-87.753914,0
JK236411,41.789455,-87.6888,3
JK184162,41.808334,-87.69092,3
JK228512,41.71914,-87.54921,7
JK223124,41.88368,-87.65442,4
JK216578,41.88649,-87.74365,0
JK141125,41.794445,-87.58043,5
JK234908,41.754234,-87.64717,5
JK184713,41.852505,-87.73064,4
JK199532,41.794388,-87.6219,5
JK190451,41.89543,-87.71929,0
JK146902,41.896084,-87.72857,0
JK150066,41.76818,-87.64934,5
JK194716,41.92485,-87.63581,1
JK144344,41.80319,-87.621056,5
JK192533,41.96043,-87.65311,1
JK205908,41.865875,-87.70687,4
JK142701,41.9969,-87.68529,1
JK190290,41.69115,-87.665634,6
JK141970,41.879826,-87.66675,4
JK214870,41.76878,-87.57393,7
JK143755,41.733295,-87.66056,6
JK199840,41.73188,-87.63742,6
JK230173,41.7549,-87.60714,5
JK225444,41.944664,-87.766716,0
JK172424,41.94175,-87.66872,1
JK153741,41.79752,-87.641594,3
JK185099,41.894367,-87.65983,1
JK179187,41.86175,-87.712845,4
JK191356,41.892754,-87.62419,2
JK150971,41.761997,-87.70274,3
JK192309,41.79141,-87.65359,3
JK153377,41.8059,-87.65639,3
JK153446,41.78648,-87.68921,3
JK172185,41.845703,-87.71849,4
JK181230,41.753326,-87.672005,5
JK229524,41.853832,-87.634895,2
JK192485,41.74366,-87.55408,7
JK188342,41.90357,-87.726944,0
JK196492,41.812695,-87.702896,3
JK150676,41.788387,-87.68404,3
JK168613,41.991142,-87.6603,1
JK232764,41.903534,-87.72943,0
JK187857,41.736847,-87.54867,7
JK194767,41.76717,-87.616905,5
JK162323,41.9467,-87.65612,1
JK161016,41.809902,-87.6166,5
JK214501,41.885395,-87.66355,4
JK167606,41.976852,-87.655,1
JK170174,41.77545,-87.69154,3
JK162210,41.896744,-87.75744,0
JK196757,41.758537,-87.683075,3
JK229949,41.707382,-87.56692,7
JK215698,41.877502,-87.64957,4
JK147675,41.944904,-87.772354,0
JK228841,41.766804,-87.60562,5
JK197308,41.884724,-87.62625,2
JK199412,41.925434,-87.72068,0
JK235664,41.94813,-87.64951,1
JK196333,41.880634,-87.73364,4
JK169326,41.855053,-87.71909,4
JK229836,41.75855,-87.565155,7
JK181788,41.820255,-87.61563,2
JK185000,41.83469,-87.61371,2
JK186926,41.964767,-87.638916,1
JK176093,41.736626,-87.60656,7
JK189710,41.766003,-87.59364,7
JK174474,41.76204,-87.69051,3
JK206341,41.78944,-87.66689,3
JK223994,41.758537,-87.58613,7
JK156383,41.77988,-87.63676,5
JK180768,41.940346,-87.81416,0
JK143974,41.907722,-87.64574,1
JK181675,41.892628,-87.63116,2
JK196463,41.881542,-87.627754,2
JK180889,41.953438,-87.74626,0
JK211428,41.75252,-87.58089,7
JK188247,41.77774,-87.63176,5
JK205459,41.891064,-87.61704,2
JK210655,41.86762,-87.70448,4
JK213521,41.865143,-87.73248,4
JK187479,41.99833,-87.70211,1
JK148793,41.96773,-87.77128,0
JK210095,41.967102,-87.746506,0
JK226805,41.940746,-87.79336,0
JK145244,41.830173,-87.67802,3
JK142091,41.95735,-87.65622,1
JK175011,41.908817,-87.72527,0
JK195739,41.864178,-87.715355,4
JK216422,41.82958,-87.680145,3
JK170070,41.888268,-87.627075,2
JK179646,41.912727,-87.71908,0
JK217690,41.694363,-87.62654,6
JK167994,41.873707,-87.70421,4
JK157495,41.876415,-87.626045,2
JK230329,41.96826,-87.7259,1
JK157498,41.74963,-87.65129,5
JK159887,41.903366,-87.62866,2
JK178919,41.930904,-87.64402,1
JK177526,41.8863,-87.77486,0
JK161009,41.98354,-87.66559,1
JK206579,41.8681,-87.71666,4
JK174721,41.692123,-87.60598,6
JK210091,41.72134,-87.594765,7
JK165001,41.75744,-87.61991,5
JK213802,41.91767,-87.658936,1
JK168885,41.780945,-87.621994,5
JK143559,41.88479,-87.75401,0
JK198339,41.876778,-87.74557,4
JK212998,41.832047,-87.61733,2
JK166641,41.892235,-87.64839,4
JK165871,41.87655,-87.65545,4
JK198370,41.88035,-87.75708,0
JK220666,41.844025,-87.62692,2
JK230375,41.707726,-87.559654,7
JK194437,41.86969,-87.71791,4
JK220879,41.798553,-87.686615,3
JK205216,41.967045,-87.66995,1
JK173910,41.80222,-87.687935,3
JK196219,41.99718,-87.66048,1
JK209462,41.728336,-87.632645,6
JK174291,41.992027,-87.71005,1
JK152270,41.668205,-87.62836,6
JK189617,41.81943,-87.619865,2
JK196747,41.812244,-87.60443,5
JK179401,41.788986,-87.74148,3
JK208809,41.724606,-87.63601,6
JK157275,41.90942,-87.76199,0
JK199136,41.93888,-87.742744,0
JK181856,41.941463,-87.67288,1
JK232754,41.86886,-87.732574,4
JK144223,41.88592,-87.658875,4
JK230010,41.938595,-87.649574,1
JK184778,41.79488,-87.64274,3
JK170827,41.851643,-87.71665,4
JK162433,41.856346,-87.70417,4
JK189102,41.845127,-87.61885,2
JK225466,41.91895,-87.68921,1
JK235822,41.908157,-87.75469,0
JK229813,41.757423,-87.63285,5
JK228649,41.782024,-87.69957,3
JK148158,41.830814,-87.69483,3
JK231040,41.726612,-87.63249,6
JK230184,41.756615,-87.56148,7
JK201644,41.86617,-87.65503,4
JK228252,41.984795,-87.66198,1
JK219159,41.678238,-87.68073,6
JK228839,41.903305,-87.67007,1
JK224101,41.8165,-87.62533,2
JK216812,41.793663,-87.66506,3
JK209654,41.884094,-87.675476,4
JK220722,41.96489,-87.65478,1
JK162315,41.74748,-87.614075,7
JK142203,41.87955,-87.66836,4
JK162647,41.831898,-87.616974,2
JK153863,41.882103,-87.684875,4
JK175687,41.925705,-87.703354,0
JK142695,41.894173,-87.62143,2
JK220695,41.90334,-87.66807,1
JK149613,41.876003,-87.69419,4
JK212252,41.871532,-87.74493,4
JK223275,41.935436,-87.65011,1
JK224477,41.82637,-87.63288,2
JK184779,41.949333,-87.648476,1
JK149692,41.929745,-87.68427,1
JK204549,41.870388,-87.6259,2
JK231137,41.751183,-87.66346,5
JK143858,41.743774,-87.56976,7
JK141136,41.90631,-87.682236,1
JK142179,41.88463,-87.67184,4
JK234863,41.89347,-87.632645,2
JK217925,41.783115,-87.62055,5
JK207889,41.95584,-87.68938,1
JK141229,41.77546,-87.633316,5
JK232407,41.888702,-87.64757,4
JK195941,41.881832,-87.64303,4
JK225178,41.836815,-87.665726,2
JK193599,41.703907,-87.62343,6
JK229853,41.93434,-87.725845,0
JK189076,41.94801,-87.64767,1
JK153256,41.761074,-87.64187,5
JK185439,41.893654,-87.62273,2
JK202519,41.745068,-87.60137,7
JK179793,41.809692,-87.59214,5
JK226680,41.868042,-87.6241,2
JK178698,41.84365,-87.72087,4
JK196551,41.883476,-87.62788,2
JK150644,41.93929,-87.65895,1
JK143536,41.998734,-87.660614,1
JK233808,41.84899,-87.71736,4
JK203436,41.82607,-87.624855,2
JK215804,41.75404,-87.59919,7
JK165279,41.766502,-87.6298,5
JK213782,41.9931,-87.689735,1
JK167396,41.913002,-87.67264,1
JK167078,41.95953,-87.77034,0
JK199304,41.73054,-87.64103,6
JK191344,41.998657,-87.683815,1
JK187563,41.736454,-87.54866,7
JK216497,41.821457,-87.61074,2
JK208987,41.86503,-87.61532,2
JK159537,41.908634,-87.62758,2
JK171278,41.88327,-87.72087,4
JK169714,41.845497,-87.63379,2
JK215621,41.802433,-87.65994,3
JK158645,41.750492,-87.654305,5
JK189310,41.862473,-87.70886,4
JK212769,41.759792,-87.59083,7
JK188272,41.942196,-87.68825,1
JK169241,41.782177,-87.609184,5
JK211298,41.937912,-87.72715,0
JK232153,41.77589,-87.779564,3
JK160693,41.779896,-87.63576,5
JK152512,41.73651,-87.54445,7
JK199943,41.76301,-87.55957,7
JK202738,41.91386,-87.646255,1
JK163116,41.88327,-87.73341,4
JK234624,41.82358,-87.70057,3
JK169163,41.77669,-87.70186,3
JK158797,41.79949,-87.5935,5
JK165751,41.95293,-87.785225,0
JK205531,41.89448,-87.70653,0
JK195617,41.880108,-87.64731,4
JK243486,41.901554,-87.66568,1
JK147068,41.880856,-87.62207,2
JK194900,41.89347,-87.632645,2
JK182004,41.929745,-87.68427,1
JK186231,41.81904,-87.637276,2
JK206994,41.763866,-87.67662,5
JK172633,41.895344,-87.76663,0
JK154187,41.83314,-87.61532,2
JK215842,41.767742,-87.69189,3
JK195710,41.87846,-87.63521,2
JK233948,41.893646,-87.63118,2
JK151339,41.999367,-87.76418,0
JK163346,41.806908,-87.729675,3
JK152811,41.852123,-87.62548,2
JK178731,41.799248,-87.584045,5
JK209571,41.88742,-87.664635,4
JK181879,41.82383,-87.63246,2
JK214533,41.953957,-87.70141,1
JK205544,41.86001,-87.6177,2
JK145838,41.824726,-87.64475,2
JK172050,41.87173,-87.71848,4
JK213821,41.95687,-87.713005,1
JK208540,41.74215,-87.58577,7
JK167095,41.850964,-87.69699,4
JK158028,41.816044,-87.619774,2
JK197316,41.73779,-87.602425,7
JK148825,41.94434,-87.64543,1
JK181699,41.85269,-87.64309,2
JK201422,41.947445,-87.8268,0
JK143287,41.88318,-87.615486,2
JK165761,41.761032,-87.62807,5
JK189980,41.89324,-87.630165,2
JK217503,41.654766,-87.54472,7
JK227730,41.883053,-87.68246,4
JK165958,41.743748,-87.55761,7
JK181242,41.72258,-87.662704,6
JK199819,41.85189,-87.696915,4
JK182789,41.794407,-87.58393,5
JK227912,41.769707,-87.58545,7
JK215703,41.80667,-87.70393,3
JK148180,41.921673,-87.69941,0
JK230171,41.975704,-87.7128,1
JK193666,41.798977,-87.591774,5
JK177251,41.74896,-87.72189,3
JK179251,41.886463,-87.625305,2
JK204213,41.761215,-87.5599,7
JK204218,41.76605,-87.57878,7
JK201209,41.875095,-87.626015,2
JK150709,41.883476,-87.62788,2
JK146701,41.880707,-87.62992,2
JK221066,41.91232,-87.67683,1
JK163389,41.73854,-87.54907,7
JK176251,41.904655,-87.63295,2
JK237914,41.870018,-87.72593,4
JK150507,41.808517,-87.708626,3
JK195598,41.814907,-87.59742,5
JK165144,41.714508,-87.569435,7
JK142394,41.781677,-87.73261,3
JK219025,41.777897,-87.60713,5
JK164944,41.847565,-87.64575,2
JK189399,41.880356,-87.73302,4
JK213181,41.867,-87.73097,4
JK176947,41.914433,-87.65443,1
JK209700,41.873516,-87.720215,4
JK174970,41.759468,-87.61673,5
JK166741,41.755592,-87.635635,5
JK213589,41.880432,-87.72811,4
JK164787,41.885902,-87.632454,2
JK154527,41.757603,-87.63569,5
JK151919,41.696384,-87.54135,7
JK165774,41.774902,-87.682175,3
JK168520,41.900257,-87.69034,4
JK218792,41.75932,-87.626396,5
JK159455,41.851994,-87.68889,4
JK184233,41.895004,-87.62153,2
JK198443,41.950653,-87.74866,0
JK141265,41.90988,-87.765564,0
JK175992,41.891167,-87.649185,4
JK144724,41.892696,-87.62675,2
JK207979,41.924725,-87.64775,1
JK214527,41.747723,-87.59679,7
JK151508,41.77392,-87.787056,3
JK225593,41.870808,-87.733284,4
JK197905,41.73581,-87.71925,3
JK209863,41.819176,-87.62783,2
JK180634,41.885517,-87.72692,4
JK179447,41.68942,-87.650276,6
JK143298,41.76699,-87.58791,7
JK168537,41.772694,-87.57525,7
JK232137,41.965202,-87.63955,1
JK169643,41.96777,-87.65966,1
JK153239,41.685783,-87.65752,6
JK188925,41.840145,-87.712234,4
JK219110,41.77615,-87.615524,5
JK157480,41.97795,-87.672935,1
JK231309,41.86431,-87.693344,4
JK196577,41.995285,-87.66043,1
JK150705,41.769077,-87.630165,5
JK223468,41.88797,-87.62166,2
JK145103,41.75799,-87.6005,5
JK152045,41.78473,-87.61574,5
JK222954,41.875168,-87.65184,4
JK166309,41.779713,-87.60837,5
JK225297,41.939083,-87.72828,0
JK225570,41.909714,-87.739265,0
JK182230,41.884605,-87.7748,0
JK168119,41.87376,-87.6998,4
JK188868,41.818455,-87.61556,2
JK181021,41.84715,-87.711205,4
JK227580,41.983715,-87.696106,1
JK208181,41.78047,-87.672714,3
JK187944,41.936707,-87.645996,1
JK158255,41.915096,-87.7467,0
JK159123,41.852512,-87.71117,4
JK232246,41.880775,-87.62703,2
JK190441,41.765995,-87.5947,7
JK220432,41.89224,-87.749176,0
JK230033,41.660126,-87.63771,6
JK160106,41.835686,-87.62064,2
JK213474,41.810852,-87.7053,3
JK144011,41.88798,-87.77358,0
JK181236,41.89307,-87.72601,0
JK153903,41.880333,-87.75796,0
JK200727,41.935738,-87.69928,0
JK217211,41.92084,-87.64004,1
JK224243,41.84068,-87.62327,2
JK192669,41.972275,-87.68748,1
JK218282,41.663383,-87.62728,6
JK187354,41.823822,-87.6179,2
JK166207,41.860645,-87.705505,4
JK222519,41.803673,-87.70385,3
JK228857,41.761654,-87.61033,5
JK233019,41.651215,-87.54716,7
JK213063,41.903996,-87.64323,2
JK200569,41.94045,-87.651085,1
JK179743,41.82728,-87.63293,2
JK160265,41.750904,-87.56137,7
JK199832,41.948605,-87.64803,1
JK216145,41.877144,-87.643974,4
JK154426,41.89801,-87.6262,2
JK199756,41.809536,-87.674965,3
JK190018,41.755352,-87.647804,5
JK152817,41.87661,-87.62765,2
JK234236,41.65871,-87.6041,6
JK223941,41.786587,-87.76695,3
JK211035,41.877747,-87.626076,2
JK213595,41.830315,-87.68194,3
JK225474,41.861168,-87.68646,4
JK144804,41.853836,-87.62552,2
JK182948,41.749577,-87.55771,7
JK211976,41.91086,-87.652054,1
JK179375,41.78803,-87.78653,3
JK164822,41.778454,-87.68362,3
JK188811,41.82153,-87.616936,2
JK154695,41.760155,-87.556755,7
JK216890,41.777622,-87.605865,5
JK164853,41.86896,-87.628555,2
JK218595,41.881657,-87.65503,4
JK209675,41.734455,-87.589294,7
JK214761,41.942852,-87.718285,0
JK194492,41.76493,-87.57627,7
JK199626,41.678074,-87.619644,6
JK219286,41.859035,-87.70965,4
JK220310,41.883606,-87.70753,4
JK219026,41.74797,-87.67187,5
JK224504,41.79591,-87.63187,5
JK194393,41.908257,-87.631584,2
JK142823,41.81778,-87.62306,2
JK227671,41.721622,-87.6247,6
JK149396,41.939957,-87.65104,1
JK168603,41.791317,-87.696175,3
JK228662,41.930904,-87.64402,1
JK170994,41.86623,-87.72093,4
JK147821,41.95701,-87.75224,0
JK214753,41.808987,-87.61019,5
JK230164,41.828983,-87.6418,2
JK157571,41.885494,-87.618645,2
JK215455,41.805126,-87.608894,5
JK199567,41.773956,-87.61066,5
JK177749,41.910725,-87.678,1
JK205289,41.79599,-87.63054,5
JK221124,41.907326,-87.69326,4
JK153402,41.754692,-87.55704,7
JK223986,41.929745,-87.68427,1
JK174895,41.979053,-87.67949,1
JK178667,41.75289,-87.5809,7
JK179700,41.695408,-87.63523,6
JK188954,41.900063,-87.71105,0
JK159158,41.678078,-87.61935,6
JK169876,41.88098,-87.77469,0
JK193217,41.90182,-87.63307,2
JK196852,41.776814,-87.690895,3
JK198998,41.90423,-87.761024,0
JK146860,41.966217,-87.643524,1
JK146555,41.872646,-87.629616,2
JK220391,41.794937,-87.65975,3
JK218990,41.87863,-87.63667,2
JK215265,41.76674,-87.66316,5
JK204012,41.976574,-87.68186,1
JK221910,41.886612,-87.763405,0
JK169485,41.88082,-87.697205,4
JK205868,41.93468,-87.6367,1
JK202432,41.768852,-87.57393,7
JK141143,41.794373,-87.58044,5
JK228495,41.8095,-87.60869,5
JK167240,41.707302,-87.61458,6
JK163534,41.742657,-87.63202,5
JK171270,41.92092,-87.71854,0
JK200792,41.762726,-87.65284,5
JK155502,41.78733,-87.705826,3
JK216934,41.81253,-87.61271,2
JK218216,41.978054,-87.69257,1
JK232651,41.68771,-87.66355,6
JK157666,41.910534,-87.65383,1
JK147240,41.773384,-87.6604,5
JK203041,41.9303,-87.744095,0
JK148418,41.85738,-87.61646,2
JK185034,41.96857,-87.77634,0
JK237280,41.910072,-87.65311,1
JK176168,41.752754,-87.557,7
JK216579,41.800556,-87.653824,3
JK162923,41.939137,-87.645325,1
JK162445,41.94702,-87.71273,1
JK170183,41.874096,-87.67313,4
JK202335,41.78357,-87.72411,3
JK196218,41.947,-87.750275,0
JK143027,41.766434,-87.643196,5
JK181771,41.77507,-87.77483,3
JK166976,41.89254,-87.658226,1
JK166539,41.758175,-87.56272,7
JK213134,41.794174,-87.703575,3
JK173450,41.7736,-87.69599,3
JK197941,41.933434,-87.74111,0
JK151180,41.753113,-87.65703,5
JK199231,41.857357,-87.65057,4
JK240401,41.76315,-87.57623,7
JK212744,41.947174,-87.724976,0
JK185981,41.744385,-87.64264,5
JK149713,41.902256,-87.75513,0
JK205330,41.956467,-87.667595,1
JK214036,41.752243,-87.61374,7
JK150817,41.992226,-87.69513,1
JK216652,41.881084,-87.695076,4
JK199196,41.893845,-87.62423,2
JK163500,41.921158,-87.77884,0
JK146754,41.654766,-87.54472,7
JK175309,41.78515,-87.648926,3
JK209394,41.91393,-87.68,1
JK223286,41.88358,-87.70962,4
JK155014,41.706913,-87.643135,6
JK154553,41.756634,-87.56148,7
JK153770,41.810257,-87.62286,5
JK212944,41.895927,-87.74889,0
JK149080,41.74826,-87.61807,5
JK163480,41.83924,-87.653564,2
JK221035,41.91277,-87.70853,0
JK222249,41.828762,-87.61443,2
JK170480,41.75303,-87.5504,7
JK218543,41.880703,-87.630226,2
JK175939,41.883076,-87.65141,4
JK142579,41.765255,-87.61526,5
JK236188,41.778564,-87.66547,3
JK161166,41.77574,-87.75557,3
JK231054,41.89669,-87.627235,2
JK199528,41.70699,-87.62025,6
JK169006,41.891693,-87.62615,2
JK151314,41.88173,-87.65012,4
JK180976,41.75111,-87.65537,5
JK231218,41.768192,-87.62337,5
JK169236,41.767487,-87.5665,7
JK141218,41.730743,-87.6205,7
JK215522,41.81877,-87.68471,3
JK220870,41.74845,-87.66995,5
JK216505,41.760235,-87.56218,7
JK208945,41.863598,-87.62247,2
JK181052,41.78881,-87.62069,5
JK186172,41.97017,-87.6963,1
JK147071,41.794174,-87.703575,3
JK204779,41.942577,-87.75681,0
JK197103,41.763294,-87.60674,5
JK151695,41.69901,-87.62329,6
JK141272,41.806065,-87.59095,5
JK181591,41.972942,-87.72816,1
JK162297,41.80172,-87.63071,5
JK211762,41.93916,-87.722015,0
JK168891,41.767445,-87.586365,7
JK199983,41.94794,-87.74825,0
JK226982,41.877876,-87.73399,4
JK141067,41.756275,-87.58343,7
JK223357,41.790577,-87.59319,5
JK156490,41.771297,-87.72903,3
JK226855,41.90393,-87.629395,2
JK157481,41.733128,-87.55271,7
JK244075,41.789024,-87.69247,3
JK145245,41.84965,-87.63194,2
JK168310,41.973797,-87.841156,0
JK159970,41.930946,-87.78896,0
JK230998,41.96586,-87.72307,1
JK169703,41.916092,-87.7253,0
JK218093,41.758625,-87.60135,5
JK215373,41.782547,-87.640816,5
JK144655,41.931465,-87.64435,1
JK225342,41.763943,-87.611984,5
JK148181,41.803673,-87.70385,3
JK164691,41.910534,-87.65383,1
JK140710,41.925465,-87.647896,1
JK186735,41.80662,-87.622765,5
JK167547,41.818733,-87.632416,2
JK185255,41.932697,-87.706215,0
JK195537,41.699738,-87.63447,6
JK199645,41.80135,-87.61614,5
JK192454,41.885178,-87.67116,4
JK191772,41.946648,-87.70202,1
JK194300,41.754353,-87.55058,7
JK151407,41.89571,-87.689804,4
JK184222,41.75795,-87.61511,5
JK235096,41.782093,-87.659424,3
JK172325,41.887222,-87.62454,2
JK236765,41.861656,-87.726265,4
JK170551,41.968807,-87.67517,1
JK194554,41.907837,-87.74389,0
JK203561,41.938507,-87.77166,0
JK141061,41.892628,-87.63116,2
JK190701,41.775146,-87.71407,3
JK154414,41.796425,-87.65007,3
JK161210,41.69184,-87.618256,6
JK155951,41.75171,-87.56819,7
JK196431,41.881718,-87.62776,2
JK143341,41.919926,-87.72786,0
JK193789,41.888657,-87.74931,0
JK146489,41.895733,-87.68778,4
JK184010,41.874344,-87.67453,4
JK158653,41.735546,-87.64849,5
JK234001,41.909664,-87.6331,2
JK178387,41.760303,-87.611206,5
JK179856,41.756542,-87.56876,7
JK193003,41.733784,-87.613205,7
JK202701,41.881184,-87.68498,4
JK152319,41.895508,-87.75684,0
JK234564,41.778255,-87.60465,5
JK178321,41.769585,-87.72069,3
JK190592,41.87831,-87.71216,4
JK214437,41.909454,-87.75945,0
JK155851,41.803032,-87.743034,3
JK202465,41.69275,-87.70087,6
JK142025,41.8917,-87.64764,4
JK208346,41.89859,-87.75501,0
JK173279,41.906548,-87.6505,1
JK196553,41.755592,-87.64781,5
JK235100,41.86549,-87.772026,0
JK225018,41.997257,-87.664185,1
JK202769,41.97113,-87.693886,1
JK212333,41.885345,-87.710045,4
JK219349,41.87385,-87.76266,0
JK207162,41.853146,-87.67223,4
JK220140,41.764507,-87.652885,5
JK168967,41.89347,-87.632645,2
JK154235,41.8767,-87.69008,4
JK214030,41.981052,-87.66837,1
JK171825,41.815815,-87.6717,3
JK201739,41.926327,-87.64636,1
JK205205,41.77373,-87.64827,5
JK143815,41.862537,-87.651886,4
JK214674,41.967358,-87.65873,1
JK220094,41.866333,-87.66638,4
JK219440,41.76321,-87.65584,5
JK203226,41.930904,-87.64402,1
JK205068,41.80605,-87.656395,3
JK216228,41.76917,-87.56653,7
JK210839,41.772514,-87.60819,5
JK162818,41.773354,-87.58469,7
JK196916,41.926598,-87.76852,0
JK195652,41.942966,-87.75682,0
JK224856,41.905327,-87.72963,0
JK143747,41.80062,-87.58441,5
JK226540,41.74989,-87.650085,5
JK168873,41.722477,-87.63217,6
JK184073,41.85973,-87.62237,2
JK165711,41.893677,-87.63118,2
JK214080,41.885742,-87.631714,2
JK192906,41.863678,-87.71778,4
JK142397,41.904522,-87.63146,2
JK230312,41.88238,-87.66588,4
JK222706,41.94819,-87.65436,1
JK178490,41.89265,-87.629684,2
JK161532,41.767113,-87.57099,7
JK186931,41.76541,-87.584755,7
JK172551,41.911343,-87.63471,2
JK224485,41.83584,-87.61743,2
JK201306,41.711758,-87.620926,6
JK207699,41.866486,-87.697655,4
JK213376,41.951893,-87.74728,0
JK211030,41.886864,-87.73686,4
JK200753,41.923782,-87.77845,0
JK222792,41.92046,-87.67083,1
JK163961,41.881977,-87.73128,4
JK193116,41.766315,-87.5684,7
JK165323,41.877617,-87.750984,4
JK205180,41.88535,-87.62793,2
JK169028,41.878174,-87.629,2
JK220029,41.95344,-87.74496,0
JK167841,41.727097,-87.603035,7
JK172387,41.87623,-87.72154,4
JK220599,41.736954,-87.54583,7
JK144454,41.888382,-87.64756,4
JK171256,41.900658,-87.679634,4
JK143230,41.799206,-87.584045,5
JK218813,41.884605,-87.765015,0
JK188548,41.87328,-87.71974,4
JK206080,41.873806,-87.69446,4
JK209408,41.901722,-87.72505,0
JK200125,41.877625,-87.77368,0
JK218014,41.865746,-87.721504,4
JK210661,41.932312,-87.65584,1
JK221988,41.783802,-87.647316,3
JK164266,41.87863,-87.63667,2
JK150012,41.72627,-87.63728,6
JK227477,41.87646,-87.660446,4
JK226370,41.723637,-87.662735,6
JK186136,41.943233,-87.676956,1
JK211135,41.751503,-87.67317,5
JK184479,41.94545,-87.65103,1
JK155492,41.809093,-87.63285,2
JK215361,41.75981,-87.56639,7
JK145476,41.877586,-87.68312,4
JK226028,41.7005,-87.64263,6
JK181875,41.937195,-87.6652,1
JK202789,41.966087,-87.69128,1
JK218280,41.89529,-87.73031,0
JK200959,41.917435,-87.702866,0
JK224855,41.96072,-87.66617,1
JK204121,41.894184,-87.77012,0
JK168961,41.805115,-87.7235,3
JK182251,41.75219,-87.66241,5
JK216097,41.90977,-87.7352,0
JK201941,41.894497,-87.74579,0
JK194558,41.785957,-87.80127,3
JK192492,41.913242,-87.74429,0
JK169944,41.754635,-87.55089,7
JK236717,41.655968,-87.59887,6
JK190475,41.85385,-87.64174,2
JK202666,41.94056,-87.67207,1
JK162984,41.746704,-87.66395,5
JK179640,41.77324,-87.66161,5
JK197640,41.892654,-87.61692,2
JK141131,41.794373,-87.58044,5
JK202842,41.962585,-87.69361,1
JK172675,41.817703,-87.66567,3
JK149706,41.881443,-87.66784,4
JK152115,41.778145,-87.70312,3
JK175676,41.89926,-87.69956,4
JK168391,41.887722,-87.655136,4
JK176428,41.69753,-87.59491,6
JK196785,41.758537,-87.683075,3
JK147433,41.803047,-87.67537,3
JK208474,41.89308,-87.68303,4
JK179393,41.83792,-87.66575,2
JK168334,41.85284,-87.62646,2
JK158825,41.724564,-87.615425,7
JK218304,41.649384,-87.56055,7
JK178804,41.89513,-87.738914,0
JK194912,41.791534,-87.78789,3
JK197470,41.944668,-87.663956,1
JK154633,41.773415,-87.67254,3
JK165986,41.893677,-87.63118,2
JK168784,41.736954,-87.54583,7
JK177795,41.799076,-87.59502,5
JK173740,41.918026,-87.73148,0
JK162934,41.715405,-87.652824,6
JK163964,41.921608,-87.665565,1
JK230895,41.701275,-87.62574,6
JK171713,41.891922,-87.771034,0
JK193232,41.739517,-87.58912,7
JK210213,41.95377,-87.76702,0
JK155074,41.9393,-87.71174,0
JK192455,41.67855,-87.62052,6
JK193755,41.881363,-87.64118,4
JK235740,41.702457,-87.62458,6
JK147797,41.848644,-87.64649,2
JK182261,41.877563,-87.68479,4
JK231674,41.877934,-87.72924,4
JK181140,41.967667,-87.66273,1
JK178835,41.96489,-87.65478,1
JK171336,41.873577,-87.76462,0
JK215027,41.941547,-87.748116,0
JK214999,41.990616,-87.68319,1
JK182608,41.90393,-87.62931,2
JK170015,41.902645,-87.72804,0
JK233142,41.976265,-87.733406,1
JK149068,41.707756,-87.58071,7
JK197827,41.69238,-87.62105,6
JK153534,41.8366,-87.61677,2
JK193676,41.97463,-87.79638,0
JK189864,41.940006,-87.647545,1
JK193530,41.88321,-87.63016,2
JK229242,41.763504,-87.69545,3
JK146738,41.851334,-87.72404,4
JK210794,41.869823,-87.72407,4
JK196770,41.99624,-87.76443,0
JK169462,41.748676,-87.61647,5
JK190147,41.768597,-87.66076,5
JK233529,41.704002,-87.61855,6
JK189264,41.901,-87.76804,0
JK189280,41.727802,-87.657974,6
JK194148,41.89814,-87.71762,0
JK183129,41.880337,-87.629364,2
JK226646,41.76315,-87.57623,7
JK162930,41.919224,-87.68922,1
JK219696,41.92781,-87.671906,1
JK177293,41.931988,-87.64224,1
JK156622,41.755436,-87.5513,7
JK172741,41.861168,-87.68646,4
JK220608,41.96484,-87.639,1
JK157471,41.93695,-87.66924,1
JK171160,41.890015,-87.63167,2
JK166888,41.913376,-87.670204,1
JK215016,41.931213,-87.67689,1
JK163305,41.824696,-87.69048,3
JK221053,41.733505,-87.63868,6
JK221319,41.9624,-87.646324,1
JK175902,41.72528,-87.57055,7
JK220078,41.768597,-87.66076,5
JK182750,41.88321,-87.629906,2
JK219104,41.739525,-87.611374,7
JK211511,41.888412,-87.645775,4
JK181129,41.935,-87.81519,0
JK219318,41.8654,-87.70808,4
JK197712,41.751957,-87.54957,7
JK187443,41.90104,-87.77533,0
JK225182,41.931,-87.785995,0
JK166504,41.79728,-87.65374,3
JK206515,41.734867,-87.54578,7
JK205648,41.794373,-87.58044,5
JK160420,41.825737,-87.61074,2
JK151077,41.729126,-87.604645,7
JK180709,41.75069,-87.602745,7
JK212932,41.86168,-87.666245,4
JK198839,41.930527,-87.707855,0
JK215196,41.929745,-87.68427,1
JK193367,41.927856,-87.79781,0
JK228192,41.873764,-87.699295,4
JK229695,41.943363,-87.6411,1
JK204327,41.840927,-87.64392,2
JK224600,41.885864,-87.69641,4
JK150480,41.721565,-87.635605,6
JK182039,41.96105,-87.71974,1
JK157922,41.89423,-87.71872,0
JK177416,41.946724,-87.6915,1
JK181222,41.870827,-87.71672,4
JK158906,41.91358,-87.760704,0
JK234718,41.75909,-87.63573,5
JK201856,41.7777,-87.725174,3
JK217586,41.903076,-87.68367,4
JK165823,41.954716,-87.70927,1
JK179791,41.86615,-87.726845,4
JK146969,41.743374,-87.54666,7
JK188592,41.80934,-87.69913,3
JK212161,41.77868,-87.6642,3
JK153466,41.700146,-87.54378,7
JK203196,41.72622,-87.56729,7
JK184906,41.956913,-87.760345,0
JK225597,41.92904,-87.651825,1
JK218102,41.91232,-87.75014,0
JK222574,41.96558,-87.76124,0
JK230591,41.788986,-87.74148,3
JK152336,41.67973,-87.632805,6
JK221986,41.759007,-87.56494,7
JK204819,41.752716,-87.59917,7
JK231734,41.90771,-87.73309,0
JK186307,41.885468,-87.70009,4
JK215329,41.882877,-87.69813,4
JK232519,41.86631,-87.71364,4
JK147992,41.867416,-87.62723,2
JK157141,41.97057,-87.744156,0
JK142905,41.865566,-87.719505,4
JK176063,41.804264,-87.664856,3
JK189533,41.93171,-87.68713,1
JK201547,41.94423,-87.647545,1
JK215822,41.87435,-87.72606,4
JK162598,41.808834,-87.61658,5
JK148095,41.85724,-87.62718,2
JK210128,41.703808,-87.535286,7
JK216971,41.89601,-87.634186,2
JK158330,41.894234,-87.71628,0
JK221752,41.91086,-87.652054,1
JK211441,41.83482,-87.64688,2
JK233387,41.760105,-87.56212,7
JK228816,41.74397,-87.5858,7
JK201076,41.88946,-87.62422,2
JK160608,41.938942,-87.738625,0
JK162071,41.87884,-87.63958,4
JK218314,41.921246,-87.76589,0
JK195654,41.743988,-87.5564,7
JK170923,41.921913,-87.64217,1
JK165623,41.80908,-87.63405,2
JK184900,41.760597,-87.68314,3
JK229359,41.741943,-87.57095,7
JK171253,41.86166,-87.62402,2
JK228523,41.766247,-87.575714,7
JK228070,41.88177,-87.63531,2
JK200474,41.731228,-87.552666,7
JK230261,41.91764,-87.68355,1
JK203416,41.893574,-87.72177,0
JK214034,41.877472,-87.67822,4
JK202061,41.86694,-87.67251,4
JK158216,41.752586,-87.584435,7
JK195771,41.97846,-87.802376,0
JK141068,41.764603,-87.635864,5
JK193447,41.688004,-87.626526,6
JK166886,41.861748,-87.71163,4
JK172402,41.920948,-87.78658,0
JK196481,41.831764,-87.64713,2
JK144937,41.86745,-87.69593,4
JK216061,41.764572,-87.69089,3
JK165272,41.89399,-87.702156,4
JK148931,41.799885,-87.70007,3
JK187190,41.77217,-87.66579,5
JK201832,41.722755,-87.624794,6
JK187268,41.991337,-87.65685,1
JK208379,41.842,-87.707405,4
JK164335,41.78913,-87.70344,3
JK212530,41.854965,-87.62714,2
JK230244,41.85001,-87.661095,4
JK179724,41.772617,-87.635864,5
JK151141,41.966827,-87.77053,0
JK203633,41.690445,-87.6503,6
JK160431,41.932858,-87.642105,1
JK180582,41.934547,-87.67941,1
JK141112,41.794827,-87.580444,5
JK226625,41.70002,-87.61285,6
JK161034,41.862476,-87.72794,4
JK187379,41.79976,-87.61773,5
JK145674,41.77731,-87.60463,5
JK224332,41.9174,-87.63545,1
JK174807,41.999695,-87.68872,1
JK145388,41.858387,-87.715195,4
JK236107,41.734787,-87.569595,7
JK217718,41.903893,-87.63186,2
JK148954,41.8664,-87.70597,4
JK217891,41.747288,-87.69133,3
JK209685,41.718822,-87.64314,6
JK191830,41.887802,-87.61864,2
JK218818,41.966656,-87.7052,1
JK164582,41.881207,-87.76322,0
JK207224,41.722183,-87.53771,7
JK209506,41.94175,-87.66872,1
JK145198,41.866333,-87.66638,4
JK220850,41.812782,-87.72744,3
JK230603,41.930416,-87.76254,0
JK156513,41.99371,-87.79277,0
JK196178,41.729176,-87.56702,7
JK169426,41.867527,-87.70081,4
JK199786,41.924675,-87.71123,0
JK172179,41.824657,-87.60726,2
JK184909,41.949066,-87.710335,1
JK159837,41.936337,-87.65071,1
JK161952,41.83815,-87.63832,2
JK230256,41.707245,-87.618164,6
JK187855,41.907158,-87.695694,4
JK144972,41.93757,-87.70635,0
JK144273,41.786068,-87.66923,3
JK151056,41.69341,-87.637566,6
JK160493,41.96138,-87.65474,1
JK244589,41.81257,-87.60738,5
JK230816,41.975826,-87.69757,1
JK211345,41.95239,-87.67469,1
JK225462,41.791714,-87.70259,3
JK153424,41.91184,-87.760635,0
JK160312,41.68139,-87.61556,6
JK167029,41.947227,-87.65555,1
JK165305,41.763912,-87.613655,5
JK207201,41.95843,-87.70815,1
JK232221,41.902065,-87.77081,0
JK200976,41.755062,-87.66477,5
JK155188,41.939922,-87.65321,1
JK188805,41.840107,-87.724434,4
JK208320,41.676083,-87.63379,6
JK186971,41.891693,-87.62615,2
JK172811,41.981846,-87.657135,1
JK217529,41.708096,-87.56496,7
JK232824,41.825706,-87.61344,2
JK176321,41.997574,-87.698944,1
JK149614,41.884426,-87.652756,4
JK193350,41.96087,-87.73487,0
JK146847,41.79794,-87.60088,5
JK202252,41.696377,-87.61317,6
JK145138,41.88286,-87.7666,0
JK217438,41.740135,-87.690506,3
JK243000,41.730766,-87.58043,7
JK142109,41.880486,-87.72566,4
JK196820,41.878586,-87.7461,4
JK223903,41.69593,-87.6232,6
JK197166,41.93345,-87.71723,0
JK202993,41.759045,-87.62802,5
JK180153,41.788486,-87.62231,5
JK156249,41.941647,-87.7187,0
JK157417,41.82139,-87.64101,2
JK146554,41.936848,-87.683136,1
JK176985,41.814133,-87.66087,3
JK183718,41.92367,-87.7863,0
JK229428,41.78951,-87.69856,3
JK213462,41.76189,-87.62398,5
JK147996,41.748802,-87.61123,7
JK198178,41.874973,-87.72547,4
JK142412,41.87748,-87.692276,4
JK216146,41.754593,-87.74153,3
JK198894,41.903854,-87.736176,0
JK217762,41.87893,-87.62611,2
JK150514,41.769207,-87.58953,7
JK190388,41.79535,-87.65127,3
JK227657,41.893112,-87.75156,0
JK140480,41.754723,-87.554665,7
JK204483,41.778965,-87.70374,3
JK142665,41.654,-87.60589,6
JK219102,41.96914,-87.65108,1
JK188012,41.75782,-87.61511,5
JK223731,41.89326,-87.6288,2
JK202624,41.923233,-87.70617,0
JK217527,41.931847,-87.79795,0
JK161659,41.88065,-87.73191,4
JK188759,41.7511,-87.61609,7
JK149084,41.807354,-87.70396,3
JK194313,41.89399,-87.702156,4
JK183677,41.75901,-87.56448,7
JK232742,41.772385,-87.60819,5
JK223533,41.767246,-87.57633,7
JK180276,41.67522,-87.64182,6
JK164807,41.87152,-87.62593,2
JK201381,41.90946,-87.73141,0
JK228071,41.893646,-87.63118,2
JK175524,41.743126,-87.60501,7
JK190971,41.809868,-87.66135,3
JK221008,41.923397,-87.69737,0
JK183790,41.748592,-87.659325,5
JK173494,41.882206,-87.76737,0
JK197280,41.921154,-87.77075,0
JK201925,41.89244,-87.666214,1
JK143270,41.77606,-87.61552,5
JK188856,41.941334,-87.76511,0
JK143580,41.82132,-87.62478,2
JK144048,41.918114,-87.72781,0
JK231664,41.881153,-87.68728,4
JK156642,41.69046,-87.648766,6
JK170682,41.783978,-87.666756,3
JK208017,41.876587,-87.62873,2
JK172206,41.888676,-87.7467,0
JK215893,41.795197,-87.791664,3
JK231896,41.95344,-87.74496,0
JK160062,41.79914,-87.62258,5
JK215530,41.669796,-87.62842,6
JK164137,41.72874,-87.59615,7
JK155967,41.989273,-87.7055,1
JK226084,41.663296,-87.632675,6
JK224200,41.905823,-87.725586,0
JK198269,41.95057,-87.76326,0
JK175137,41.94045,-87.651085,1
JK202299,41.97603,-87.84262,0
JK151169,41.785675,-87.68992,3
JK197387,41.823536,-87.61699,2
JK153375,41.65626,-87.59699,6
JK182093,41.803673,-87.70385,3
JK170031,41.890793,-87.75056,0
JK147244,41.81699,-87.62304,2
JK187868,41.97222,-87.6563,1
JK185057,41.65651,-87.60756,6
JK213605,41.897804,-87.72739,0
JK193405,41.78787,-87.7731,3
JK190196,41.75903,-87.663635,5
JK163109,41.883076,-87.65141,4
JK200288,41.80532,-87.603806,5
JK227409,41.98696,-87.70293,1
JK225459,41.765503,-87.57935,7
JK201833,41.745308,-87.54549,7
JK183748,41.751545,-87.674385,5
JK156222,41.949055,-87.653564,1
JK150168,41.906055,-87.62875,2
JK182136,41.867165,-87.71858,4
JK152364,41.936314,-87.75661,0
JK219768,41.96178,-87.75742,0
JK158681,41.780815,-87.64967,3
JK161601,41.705437,-87.68159,6
JK164338,41.803883,-87.67579,3
JK148848,41.85741,-87.643776,2
JK240487,41.942276,-87.64104,1
JK149081,41.824932,-87.62311,2
JK213909,41.88656,-87.716064,4
JK187586,41.909176,-87.782715,0
JK216283,41.76698,-87.58281,7
JK190843,41.801228,-87.74298,3
JK222507,41.74864,-87.65642,5
JK165729,41.76058,-87.58766,7
JK197463,41.797585,-87.62254,5
JK221404,41.96619,-87.657974,1
JK140857,41.928703,-87.754974,0
JK211078,41.899937,-87.72256,0
JK231060,41.902287,-87.75246,0
JK188325,41.85006,-87.697235,4
JK158688,41.724564,-87.615425,7
JK201668,41.741104,-87.63851,5
JK146542,41.994915,-87.881935,0
JK156115,41.886845,-87.66191,4
JK155960,41.763973,-87.56555,7
JK205527,41.784256,-87.620575,5
JK150985,41.998936,-87.66677,1
JK190918,41.885395,-87.66355,4
JK184885,41.874344,-87.67453,4
JK235899,41.86011,-87.72621,4
JK195017,41.74033,-87.663185,5
JK193742,41.86374,-87.72754,4
JK217205,41.82965,-87.61445,2
JK191466,41.748043,-87.63423,5
JK143185,41.70141,-87.62813,6
JK158528,41.719856,-87.56026,7
JK222135,41.966064,-87.68883,1
JK169249,41.812687,-87.71019,3
JK208016,41.894005,-87.633026,2
JK144816,41.8712,-87.633545,2
JK229264,41.865746,-87.62707,2
JK185928,41.962017,-87.72541,1
JK157246,41.87418,-87.667854,4
JK174321,41.930904,-87.64402,1
JK151443,41.903645,-87.71659,0
JK232625,41.757175,-87.59347,7
JK182840,41.901573,-87.63439,2
JK239793,41.742588,-87.64867,5
JK147451,41.7296,-87.55263,7
JK183809,41.761135,-87.6309,5
JK152184,41.9997,-87.68063,1
JK153647,41.909462,-87.75888,0
JK227363,41.970585,-87.65766,1
JK200066,41.917427,-87.72657,0
JK158980,41.750492,-87.654305,5
JK150146,41.717052,-87.63824,6
JK176931,41.71201,-87.6369,6
JK232337,41.762398,-87.58779,7
JK146503,41.80967,-87.59443,5
JK142732,41.86316,-87.62245,2
JK228393,41.78035,-87.70196,3
JK181898,41.881252,-87.64851,4
JK219343,41.869503,-87.71963,4
JK151656,41.80882,-87.61019,5
JK156252,41.87009,-87.70188,4
JK160994,41.881943,-87.73421,4
JK188468,41.901352,-87.694374,4
JK212270,41.96726,-87.65515,1
JK188127,41.70173,-87.6579,6
JK142668,41.801792,-87.73443,3
JK167127,41.772915,-87.6184,5
JK144148,41.751312,-87.67681,5
JK165246,41.773117,-87.68714,3
JK216179,41.74938,-87.663414,5
JK158655,41.853516,-87.66604,4
JK200351,41.9461,-87.70535,1
JK149116,41.692158,-87.612144,6
JK176603,41.954636,-87.70804,1
JK231215,41.843506,-87.708664,4
JK222514,41.786148,-87.7098,3
JK207664,41.85751,-87.66131,4
JK227858,41.773464,-87.62273,5
JK188052,41.890324,-87.6826,4
JK201652,41.757374,-87.62152,5
JK230099,41.90578,-87.71178,0
JK204468,41.89284,-87.61772,2
JK152442,41.90736,-87.695694,4
JK206306,41.84818,-87.702,4
JK201977,41.78206,-87.703224,3
JK185946,41.699284,-87.62211,6
JK203835,41.73894,-87.64735,5
JK145201,41.819485,-87.61987,2
JK209049,41.900204,-87.66862,1
JK194149,41.778885,-87.661766,3
JK200971,41.84434,-87.71763,4
JK184701,41.70662,-87.59429,6
JK141669,41.841473,-87.6292,2
JK195144,41.748817,-87.550415,7
JK217209,41.981842,-87.77079,0
JK206120,41.873814,-87.678894,4
JK165820,41.882744,-87.769844,0
JK200745,41.92616,-87.64756,1
JK169829,41.92242,-87.78473,0
JK151067,41.808834,-87.622826,5
JK163189,41.891907,-87.705734,0
JK151661,41.699245,-87.61598,6
JK201895,41.783096,-87.761925,3
JK179091,41.991375,-87.65685,1
JK163337,41.877758,-87.62929,2
JK217408,41.803432,-87.643715,3
JK196172,41.731155,-87.60612,7
JK198642,41.83629,-87.71946,4
JK175757,41.866177,-87.72486,4
JK228229,41.881943,-87.63419,2
JK183814,41.74722,-87.568596,7
JK182510,41.747482,-87.55039,7
JK239834,41.867317,-87.63382,2
JK157223,41.909878,-87.77399,0
JK163659,41.781773,-87.72896,3
JK227855,41.886375,-87.70953,4
JK180702,41.903934,-87.6733,1
JK218128,41.80995,-87.66622,3
JK215772,41.90376,-87.64033,2
JK206255,41.88052,-87.74344,4
JK176636,41.789486,-87.683914,3
JK224214,41.864567,-87.70605,4
JK193832,41.902664,-87.64259,2
JK183010,41.73477,-87.55829,7
JK164054,41.87576,-87.70596,4
JK199491,41.76365,-87.586266,7
JK166652,41.89347,-87.632645,2
JK201443,41.945465,-87.65017,1
JK151370,41.90585,-87.75762,0
JK192396,41.75312,-87.56262,7
JK154168,41.953278,-87.67471,1
JK190962,41.85031,-87.67908,4
JK188007,41.80825,-87.69593,3
JK191552,41.972168,-87.6563,1
JK205987,41.952652,-87.676285,1
JK147270,41.800896,-87.59929,5
JK163234,41.767853,-87.588715,7
JK220408,41.907063,-87.72036,0
JK151781,41.74952,-87.652504,5
JK162712,41.95435,-87.71538,1
JK152727,41.76377,-87.579315,7
JK183885,41.784523,-87.6607,3
JK228593,41.800625,-87.59047,5
JK149878,41.903866,-87.73372,0
JK193322,41.978065,-87.79146,0
JK206987,41.733692,-87.63747,6
JK143931,41.976852,-87.655,1
JK199020,41.877426,-87.696945,4
JK216564,41.722656,-87.62748,6
JK232210,41.717884,-87.56986,7
JK196004,41.883163,-87.64473,4
JK145755,41.896667,-87.62888,2
JK222972,41.774387,-87.63734,5
JK190960,41.88178,-87.620766,2
JK173795,41.799305,-87.75516,3
JK162588,41.69638,-87.61303,6
JK226899,41.743504,-87.60502,7
JK181134,41.878223,-87.62705,2
JK148767,41.909744,-87.73716,0
JK161751,41.750656,-87.61496,7
JK217550,41.94752,-87.664024,1
JK226025,41.856358,-87.70417,4
JK198696,41.908684,-87.75593,0
JK179916,41.92508,-87.67374,1
JK140947,41.85455,-87.72359,4
JK225747,41.772102,-87.61179,5
JK232375,41.93994,-87.65205,1
JK227133,41.784847,-87.61207,5
JK168680,41.993214,-87.78914,0
JK227294,41.870144,-87.69696,4
JK172568,41.72153,-87.57777,7
JK151192,41.801533,-87.61774,5
JK233429,41.691788,-87.67974,6
JK155005,41.770454,-87.608154,5
JK163260,41.765285,-87.57709,7
JK218255,41.896687,-87.627686,2
JK198165,41.891857,-87.759224,0
JK180764,41.874596,-87.75485,4
JK151279,41.75122,-87.66346,5
JK211572,41.793686,-87.69411,3
JK204571,41.772934,-87.581406,7
JK207650,41.752815,-87.675644,5
JK189221,41.870857,-87.736465,4
JK231359,41.750893,-87.558945,7
JK213816,41.786034,-87.6486,3
JK202648,41.77239,-87.58986,7
JK142272,41.97486,-87.89037,0
JK206274,41.843475,-87.71476,4
JK219399,41.748802,-87.59905,7
JK157456,41.894558,-87.624245,2
JK177252,41.880363,-87.755806,0
JK223659,41.881737,-87.75138,0
JK229236,41.831013,-87.61732,2
JK219818,41.92629,-87.785545,0
JK189071,41.839363,-87.62192,2
JK197434,41.9478,-87.65918,1
JK226692,41.97639,-87.65544,1
JK216810,41.932014,-87.64094,1
JK197970,41.75957,-87.607864,5
JK144797,41.882553,-87.62438,2
JK182124,41.766163,-87.584114,7
JK216033,41.721226,-87.66201,6
JK236747,41.85431,-87.72357,4
JK174215,41.69236,-87.6231,6
JK214066,41.932224,-87.68343,1
JK217974,41.761227,-87.66777,5
JK193885,41.73662,-87.54582,7
JK183417,41.90773,-87.673325,1
JK193366,41.943954,-87.775276,0
JK225241,41.74893,-87.594215,7
JK143011,41.769318,-87.68205,3
JK230880,41.90817,-87.67401,1
JK193044,41.767555,-87.69188,3
JK150790,41.89328,-87.627594,2
JK160510,41.909695,-87.79236,0
JK194806,41.715908,-87.57463,7
JK160358,41.794174,-87.703575,3
JK193276,41.739735,-87.70335,3
JK230885,41.794373,-87.58044,5
JK154755,41.765873,-87.576294,7
JK163741,41.937717,-87.64062,1
JK220232,41.68646,-87.633736,6
JK165426,41.778046,-87.58639,7
JK142725,41.89082,-87.61436,2
JK166963,41.894676,-87.650116,1
JK154472,41.803883,-87.67579,3
JK188266,41.89438,-87.65011,1
JK216313,41.73421,-87.64664,5
JK143046,41.890335,-87.629616,2
JK236878,41.790382,-87.63173,5
JK202540,41.76948,-87.67123,5
JK230904,41.91368,-87.782364,0
JK158997,41.777752,-87.600395,5
JK174395,41.703487,-87.61,6
JK189193,41.899197,-87.76676,0
JK185571,41.883026,-87.753494,0
JK194926,41.74559,-87.56007,7
JK216987,41.980667,-87.65793,1
JK223540,41.884495,-87.62714,2
JK189659,41.830917,-87.60806,2
JK144230,41.898643,-87.749626,0
JK212007,41.892864,-87.77061,0
JK186369,41.9022,-87.69686,4
JK204546,41.99074,-87.67588,1
JK224277,41.906685,-87.6353,2
JK185062,41.65651,-87.60756,6
JK204790,41.898067,-87.721275,0
JK160671,41.799534,-87.589935,5
JK227104,41.891884,-87.66717,1
JK144099,41.868565,-87.77301,0
JK212562,41.7209,-87.55451,7
JK197753,41.8511,-87.708885,4
JK209331,41.679863,-87.62192,6
JK212069,41.85383,-87.62068,2
JK180165,41.748062,-87.7413,3
JK191798,41.873905,-87.75831,0
JK201548,41.94112,-87.64529,1
JK181301,41.781464,-87.61444,5
JK151840,41.884544,-87.67978,4
JK231682,41.788986,-87.74148,3
JK187870,41.66826,-87.64159,6
JK234227,41.94142,-87.75812,0
JK193640,41.86828,-87.63922,2
JK172441,41.93842,-87.712456,0
JK201730,41.705677,-87.600945,6
JK160502,41.684036,-87.63911,6
JK202148,41.776,-87.615524,5
JK186575,41.940186,-87.784065,0
JK168787,41.80107,-87.75031,3
JK184735,41.901325,-87.628334,2
JK237336,41.74699,-87.60263,7
JK169491,41.791943,-87.63293,5
JK212815,41.751705,-87.72272,3
JK209256,41.797554,-87.617676,5
JK149816,41.897053,-87.70041,4
JK176541,41.89456,-87.62274,2
JK142353,41.853786,-87.63012,2
JK215429,41.80866,-87.66097,3
JK180056,41.890392,-87.76339,0
JK218151,41.769936,-87.64023,5
JK194497,41.932014,-87.64094,1
JK156164,41.797176,-87.633064,5
JK148963,41.793587,-87.69955,3
JK147282,41.794174,-87.703575,3
JK149445,41.876045,-87.73625,4
JK155973,41.903934,-87.62913,2
JK219591,41.915413,-87.680786,1
JK199961,41.894897,-87.75972,0
JK154398,41.946667,-87.74709,0
JK195178,41.881184,-87.68498,4
JK219436,41.792816,-87.69134,3
JK176621,41.7693,-87.56823,7
JK146212,41.859825,-87.72011,4
JK223306,41.976814,-87.65988,1
JK157965,41.974007,-87.69508,1
JK147269,41.89427,-87.72605,0
JK172298,41.955437,-87.67965,1
JK199322,41.877747,-87.626076,2
JK230950,41.87913,-87.65262,4
JK161368,41.93468,-87.6367,1
JK232312,41.94139,-87.81464,0
JK220018,41.89781,-87.69429,4
JK239291,41.8029,-87.60642,5
JK220113,41.90201,-87.77456,0
JK205645,41.913597,-87.64231,1
JK229353,41.748734,-87.591774,7
JK235883,41.726364,-87.64456,6
JK225275,41.85569,-87.72727,4
JK148522,41.751213,-87.609344,7
JK182080,41.968662,-87.68558,1
JK177000,41.938267,-87.7892,0
JK217263,41.86282,-87.71807,4
JK179124,41.86613,-87.65752,4
JK215826,41.818092,-87.63963,2
JK198893,41.900227,-87.69323,4
JK201983,41.89268,-87.629684,2
JK215834,41.902103,-87.76839,0
JK193553,41.790028,-87.64626,3
JK171466,41.91256,-87.73253,0
JK142625,41.94045,-87.651085,1
JK189002,41.808598,-87.611435,5
JK190040,41.835278,-87.643776,2
JK218009,41.75617,-87.57364,7
JK168010,41.768013,-87.57338,7
JK205707,41.779392,-87.6683,3
JK213917,41.902004,-87.69564,4
JK182452,41.859795,-87.727425,4
JK168993,41.92178,-87.73036,0
JK190913,41.89846,-87.68773,4
JK199679,41.779522,-87.660965,3
JK197189,41.83941,-87.64632,2
JK228362,41.930874,-87.6642,1
JK234867,41.770805,-87.59111,7
JK161161,41.859837,-87.70297,4
JK194491,41.87658,-87.74514,4
JK187172,41.789932,-87.66448,3
JK201736,41.775078,-87.77457,3
JK143744,41.897026,-87.73669,0
JK224958,41.78494,-87.6206,5
JK161783,41.83932,-87.63291,2
JK233572,41.994194,-87.68399,1
JK222521,41.87105,-87.69717,4
JK234069,41.750923,-87.59304,7
JK221001,41.832314,-87.65344,2
JK204476,41.881973,-87.63129,2
JK160821,41.89778,-87.62411,2
JK168198,41.78327,-87.61087,5
JK176491,41.76782,-87.66387,5
JK204797,41.958065,-87.64636,1
JK234359,41.82734,-87.62812,2
JK141866,41.755806,-87.664314,5
JK167437,41.895046,-87.65061,1
JK191314,41.771454,-87.66885,5
JK200630,41.88243,-87.627846,2
JK229786,41.891777,-87.62187,2
JK236854,41.798557,-87.66349,3
JK214776,41.753975,-87.55018,7
JK231510,41.89271,-87.71867,0
JK195810,41.93956,-87.67948,1
JK230386,41.88457,-87.68161,4
JK210064,41.683746,-87.64536,6
JK187422,41.92099,-87.648605,1
JK207198,41.776855,-87.68847,3
JK222143,41.81073,-87.60172,5
JK205839,41.88332,-87.729416,4
JK227668,41.90581,-87.76142,0
JK152154,41.80967,-87.59443,5
JK155606,41.983646,-87.65873,1
JK184253,41.65651,-87.60756,6
JK223233,41.998554,-87.68868,1
JK212371,41.7595,-87.707504,3
JK156010,41.803673,-87.70385,3
JK215824,41.808434,-87.61957,5
JK190965,41.938683,-87.676506,1
JK221085,41.871986,-87.69464,4
JK163091,41.93274,-87.64812,1
JK170903,41.847565,-87.64575,2
JK167708,41.747543,-87.70638,3
JK214400,41.919975,-87.68095,1
JK207852,41.83758,-87.61946,2
JK199801,41.791817,-87.69668,3
JK197770,41.99041,-87.70498,1
JK150409,41.772198,-87.61865,5
JK161943,41.968403,-87.7129,1
JK153020,41.892696,-87.62675,2
JK159965,41.757404,-87.616684,5
JK178197,41.727596,-87.630066,6
JK164106,41.86256,-87.69202,4
JK205992,41.771275,-87.687096,3
JK203440,41.875805,-87.75108,4
JK166236,41.925842,-87.70234,0
JK174538,41.84588,-87.70508,4
JK201810,41.882187,-87.67971,4
JK231552,41.977436,-87.66837,1
JK217138,41.73137,-87.55267,7
JK197911,41.959934,-87.73102,1
JK219509,41.721626,-87.62449,6
JK194427,41.861767,-87.712845,4
JK208361,41.932846,-87.68136,1
JK206507,41.938076,-87.7076,0
JK206206,41.77868,-87.6642,3
JK146938,41.755928,-87.65739,5
JK227403,41.803673,-87.70385,3
JK170266,41.880764,-87.75018,0
JK173511,41.830696,-87.61448,2
JK227719,41.868446,-87.64223,2
JK226598,41.65653,-87.60233,6
JK190568,41.85908,-87.705765,4
JK143052,41.958458,-87.70327,1
JK144708,41.70385,-87.53649,7
JK238151,41.903305,-87.67007,1
JK145352,41.904663,-87.75583,0
JK143000,41.820187,-87.69137,3
JK176386,41.88532,-87.63097,2
JK163256,41.774277,-87.608246,5
JK143551,41.9001,-87.66251,1
JK208444,41.95144,-87.758156,0
JK190418,41.906406,-87.71273,0
JK213377,41.80025,-87.70375,3
JK185755,41.678074,-87.619644,6
JK192420,41.69037,-87.60595,6
JK145610,41.85149,-87.72847,4
JK221710,41.745552,-87.550354,7
JK219685,41.735676,-87.62415,6
JK187071,41.918247,-87.643906,1
JK167061,41.956493,-87.74623,0
JK171126,41.762455,-87.58186,7
JK226005,41.84458,-87.701805,4
JK194524,41.944607,-87.6721,1
JK140646,41.7814,-87.608406,5
JK215099,41.903996,-87.64323,2
JK160456,41.820293,-87.61279,2
JK192470,41.815697,-87.62301,2
JK213223,41.869335,-87.68672,4
JK212930,41.953644,-87.72801,0
JK163656,41.737076,-87.64973,5
JK182163,41.79417,-87.632286,5
JK224465,41.791878,-87.64388,3
JK150061,41.88578,-87.6643,4
JK230140,41.910072,-87.65311,1
JK183099,41.822666,-87.615326,2
JK148313,41.951504,-87.66898,1
JK208970,41.766804,-87.60562,5
JK150572,41.96362,-87.656334,1
JK155544,41.909073,-87.69329,4
JK181845,41.89612,-87.66432,1
JK198973,41.946598,-87.72741,0
JK197758,41.907154,-87.63968,2
JK233820,41.763622,-87.58471,7
JK221864,41.935394,-87.652306,1
JK149512,41.678677,-87.67895,6
JK218133,41.868164,-87.62744,2
JK209487,41.873615,-87.711754,4
JK144626,41.799168,-87.587265,5
JK194743,41.73517,-87.703316,3
JK200091,41.807068,-87.60384,5
JK225824,41.977848,-87.846466,0
JK225481,41.782383,-87.70323,3
JK183526,41.881172,-87.64968,4
JK165370,41.99835,-87.68015,1
JK172135,41.75482,-87.551094,7
JK223182,41.77019,-87.641716,5
JK214223,41.897736,-87.74687,0
JK159022,41.74512,-87.60138,7
JK223687,41.96513,-87.742744,0
JK163094,41.769184,-87.62573,5
JK194405,41.816254,-87.64146,2
JK204867,41.99828,-87.78872,0
JK232583,41.679317,-87.676994,6
JK235736,41.76894,-87.5813,7
JK144844,41.97574,-87.7095,1
JK146826,41.77949,-87.70801,3
JK183874,41.896038,-87.73473,0
JK157431,41.952747,-87.762054,0
JK208846,41.78416,-87.66555,3
JK161235,41.939133,-87.66121,1
JK176056,41.75577,-87.71514,3
JK216639,41.98493,-87.746864,0
JK209690,41.74879,-87.600266,7
JK198207,41.970722,-87.80599,0
JK202444,41.774727,-87.64465,5
JK182377,41.750656,-87.61496,7
JK193838,41.90377,-87.6397,2
JK212315,41.894123,-87.71628,0
JK207314,41.86936,-87.74243,4
JK209169,41.755154,-87.63279,5
JK178029,41.87701,-87.64721,4
JK176888,41.720966,-87.6804,6
JK180561,41.821995,-87.68479,3
JK213699,41.75295,-87.55406,7
JK172114,41.987408,-87.694435,1
JK194284,41.799732,-87.64842,3
JK178882,41.93263,-87.6684,1
JK192226,41.962734,-87.65089,1
JK226905,41.75217,-87.63434,5
JK166140,41.75525,-87.66963,5
JK214801,41.91878,-87.64975,1
JK165945,41.88116,-87.73304,4
JK145084,41.919758,-87.69493,0
JK167725,41.87704,-87.72934,4
JK234315,41.794678,-87.62326,5
JK146538,41.888287,-87.63399,2
JK150224,41.75373,-87.621445,5
JK158888,41.73674,-87.66917,6
JK206502,41.821228,-87.62639,2
JK151534,41.81303,-87.6154,2
JK149061,41.735104,-87.64847,5
JK152309,41.801964,-87.59508,5
JK198762,41.871788,-87.63357,2
JK213828,41.9531,-87.65208,1
JK161906,41.89444,-87.71994,0
JK205022,41.73125,-87.653206,6
JK161525,41.88054,-87.74174,4
JK178381,41.8081,-87.669815,3
JK196330,41.653137,-87.6048,6
JK191802,41.734474,-87.60169,7
JK184223,41.890022,-87.65391,4
JK186197,41.90122,-87.68559,4
JK157243,41.85867,-87.6429,2
JK206045,41.82945,-87.69725,3
JK205427,41.89199,-87.61146,2
JK157504,41.988285,-87.65676,1
JK174314,41.73389,-87.60613,7
JK157405,41.837536,-87.63409,2
JK219576,41.75466,-87.585785,7
JK141371,41.758995,-87.5656,7
JK202411,41.953163,-87.76876,0
JK180668,41.763424,-87.59942,7
JK147876,41.752106,-87.66903,5
JK155678,41.884495,-87.62714,2
JK173874,41.67866,-87.66981,6
JK198851,41.937008,-87.724556,0
JK142842,41.965313,-87.72428,1
JK234096,41.737885,-87.60971,7
JK186209,41.686676,-87.60829,6
JK242820,41.917408,-87.70579,0
JK195591,41.969337,-87.76202,0
JK198900,41.768032,-87.57088,7
JK188517,41.84916,-87.7015,4
JK147994,41.704094,-87.531654,7
JK170353,41.736423,-87.60481,7
JK207404,41.787403,-87.707054,3
JK230487,41.690296,-87.60595,6
JK179340,41.870388,-87.6259,2
JK207151,41.806698,-87.61652,5
JK212246,41.84746,-87.67856,4
JK167643,41.977055,-87.65643,1
JK180774,41.89286,-87.77103,0
JK182881,41.871494,-87.730804,4
JK149217,41.977127,-87.803,0
JK167147,41.875813,-87.75028,4
JK171818,41.82965,-87.61445,2
JK186821,41.95157,-87.79744,0
JK186487,41.741367,-87.71552,3
JK148144,41.736507,-87.61412,7
JK217015,41.975826,-87.69757,1
JK170345,41.991405,-87.65685,1
JK152239,41.954536,-87.65122,1
JK152036,41.938194,-87.793655,0
JK174179,41.869022,-87.68283,4
JK209735,41.886715,-87.65375,4
JK209591,41.953754,-87.76824,0
JK210494,41.77587,-87.72879,3
JK223153,41.838417,-87.61767,2
JK165718,41.90423,-87.62504,2
JK211537,41.899506,-87.7299,0
JK155907,41.932335,-87.755135,0
JK224086,41.773464,-87.66283,5
JK226179,41.746212,-87.63541,5
JK174661,41.684914,-87.65461,6
JK152915,41.780445,-87.69587,3
JK213919,41.819572,-87.62149,2
JK168724,41.91981,-87.73466,0
JK156902,41.930946,-87.78896,0
JK151003,41.894066,-87.71993,0
JK168215,41.94332,-87.670334,1
JK223752,41.82968,-87.62886,2
JK217536,41.925926,-87.67041,1
JK162765,41.88312,-87.74629,4
JK143028,41.79489,-87.63052,5
JK155679,41.932133,-87.64472,1
JK234482,41.89122,-87.64497,4
JK207311,41.890602,-87.64581,4
JK175247,41.768124,-87.65056,5
JK168828,41.882496,-87.62438,2
JK176764,41.942593,-87.65419,1
JK223959,41.93854,-87.76923,0
JK177758,41.837936,-87.61947,2
JK207567,41.871426,-87.62416,2
JK228365,41.898018,-87.695526,4
JK160287,41.69895,-87.6221,6
JK225768,41.96665,-87.70641,1
JK212034,41.912014,-87.633156,2
JK195648,41.717358,-87.62856,6
JK193315,41.980724,-87.80517,0
JK198264,41.880657,-87.73134,4
JK172209,41.749054,-87.60027,7
JK204152,41.96726,-87.655235,1
JK198724,41.983013,-87.71302,1
JK176658,41.695988,-87.59665,6
JK218269,41.89689,-87.628204,2
JK197433,41.66815,-87.62474,6
JK208253,41.81935,-87.6157,2
JK152523,41.9537,-87.76946,0
JK170142,41.7709,-87.62794,5
JK189676,41.90849,-87.63012,2
JK183214,41.982056,-87.768364,0
JK170018,41.904224,-87.64812,2
JK222102,41.87931,-87.76035,0
JK184698,41.996704,-87.68863,1
JK153750,41.797817,-87.58192,5
JK198899,41.912655,-87.71785,0
JK199419,41.76826,-87.72004,3
JK168169,41.96307,-87.65598,1
JK168621,41.965454,-87.65317,1
JK202415,41.93332,-87.71437,0
JK170786,41.96673,-87.76745,0
JK149839,41.87788,-87.733894,4
JK202464,41.777767,-87.600395,5
JK207615,41.90977,-87.7352,0
JK219977,41.881718,-87.62776,2
JK175418,41.90646,-87.762085,0
JK166979,41.797092,-87.75343,3
JK187377,41.702686,-87.526024,7
JK198383,41.93207,-87.712364,0
JK145058,41.868515,-87.74536,4
JK210922,41.76733,-87.58126,7
JK167058,41.92825,-87.7563,0
JK186955,41.842934,-87.64275,2
JK170493,41.822372,-87.60408,2
JK209708,41.837055,-87.665726,2
JK194605,41.85977,-87.625656,2
JK146084,41.899857,-87.7189,0
JK232822,41.814163,-87.618286,2
JK182449,41.751217,-87.68288,3
JK178512,41.925625,-87.63841,1
JK145510,41.864178,-87.715355,4
JK173694,41.729385,-87.60257,7
JK227958,41.927685,-87.761635,0
JK220769,41.96592,-87.65781,1
JK185112,41.82386,-87.615166,2
JK208735,41.86359,-87.64537,2
JK141117,41.793453,-87.58157,5
JK148876,41.778046,-87.58639,7
JK179835,41.88109,-87.720764,4
JK193408,41.96333,-87.71933,1
JK229703,41.85226,-87.67023,4
JK182927,41.896706,-87.76164,0
JK176145,41.891914,-87.754265,0
JK177459,41.91274,-87.70852,0
JK143779,41.758537,-87.58613,7
JK193569,41.781364,-87.622,5
JK170764,41.886818,-87.64201,4
JK169503,41.77731,-87.6408,5
JK197784,41.97875,-87.659935,1
JK209510,41.816727,-87.69078,3
JK176560,41.884014,-87.6279,2
JK151069,41.909897,-87.725624,0
JK221834,41.94511,-87.65483,1
JK199553,41.92528,-87.6778,1
JK190339,41.789013,-87.73039,3
JK177980,41.862446,-87.71121,4
JK163633,41.754417,-87.56265,7
JK222004,41.75193,-87.64407,5
JK196077,41.7916,-87.66329,3
JK224089,41.75292,-87.57723,7
JK162663,41.902027,-87.693275,4
JK194056,41.881584,-87.6262,2
JK200289,41.876934,-87.73823,4
JK232034,41.895004,-87.62153,2
JK155122,41.748425,-87.62696,5
JK212308,41.868572,-87.660286,4
JK209712,41.893238,-87.6733,4
JK144898,41.90439,-87.7583,0
JK186161,41.954212,-87.722725,0
JK236494,41.729065,-87.56701,7
JK208681,41.73054,-87.64103,6
JK177453,41.884792,-87.624466,2
JK209123,41.996437,-87.70081,1
JK195815,41.707005,-87.636246,6
JK208147,41.798954,-87.58908,5
JK150930,41.83778,-87.72802,4
JK217257,41.88907,-87.72101,4
JK216933,41.871254,-87.662926,4
JK159990,41.881687,-87.65268,4
JK163134,41.821136,-87.61521,2
JK177442,41.720783,-87.643196,6
JK167890,41.921906,-87.64264,1
JK231716,41.867603,-87.70204,4
JK178994,41.78273,-87.65215,3
JK176127,41.852196,-87.72478,4
JK167811,41.925804,-87.69012,1
JK142669,41.890015,-87.63167,2
JK204122,41.877155,-87.68143,4
JK150232,41.866333,-87.66638,4
JK231761,41.89318,-87.63469,2
JK184843,41.777946,-87.60953,5
JK204163,41.87831,-87.68146,4
JK173335,41.886776,-87.6491,4
JK151681,41.762283,-87.68929,3
JK159764,41.881718,-87.62776,2
JK223683,41.778103,-87.591446,7
JK172647,41.781693,-87.73628,3
JK193039,41.856293,-87.63019,2
JK201361,41.947506,-87.827934,0
JK168502,41.858032,-87.65106,4
JK160869,41.756042,-87.60532,5
JK160742,41.995968,-87.68666,1
JK225867,41.690033,-87.66621,6
JK146324,41.87596,-87.69788,4
JK158542,41.891403,-87.62806,2
JK141101,41.765804,-87.66627,5
JK175243,41.894318,-87.72115,0
JK187299,41.811234,-87.746376,3
JK187860,41.968052,-87.6882,1
JK200090,41.863148,-87.64057,2
JK146835,41.911682,-87.74592,0
JK143040,41.88537,-87.63541,2
JK231321,41.786476,-87.68949,3
JK180395,41.76493,-87.57627,7
JK152266,41.926403,-87.792885,0
JK205981,41.88233,-87.62784,2
JK236328,41.761543,-87.581955,7
JK151442,41.742683,-87.6511,5
JK221486,41.999577,-87.68797,1
JK177372,41.708237,-87.6453,6
JK204339,41.91111,-87.67626,1
JK144287,41.78139,-87.61205,5
JK155538,41.788788,-87.622314,5
JK219178,41.836327,-87.66571,2
JK225713,41.733013,-87.60353,7
JK225562,41.98403,-87.7004,1
JK147726,41.918896,-87.66064,1
JK186855,41.721313,-87.569664,7
JK234386,41.975727,-87.65985,1
JK220685,41.863716,-87.70308,4
JK222385,41.808064,-87.660095,3
JK148438,41.812004,-87.621284,2
JK142820,41.968407,-87.712746,1
JK191722,41.929535,-87.744804,0
JK228047,41.7874,-87.62335,5
JK148620,41.890335,-87.629616,2
JK220544,41.774277,-87.71204,3
JK224241,41.728836,-87.60464,7
JK202498,41.89484,-87.630554,2
JK224933,41.80504,-87.65931,3
JK143503,41.787857,-87.68632,3
JK207588,41.803673,-87.70385,3
JK160120,41.956062,-87.70808,1
JK186759,41.819687,-87.61987,2
JK199471,41.77834,-87.703125,3
JK187405,41.74261,-87.65595,5
JK194675,41.811985,-87.624535,2
JK190933,41.936817,-87.79443,0
JK209609,41.921566,-87.66813,1
JK189025,41.88427,-87.648994,4
JK205230,41.921185,-87.77197,0
JK166048,41.910583,-87.72636,0
JK236263,41.881916,-87.73663,4
JK154265,41.887386,-87.62455,2
JK229566,41.756496,-87.552895,7
JK149553,41.907234,-87.69325,4
JK232694,41.95759,-87.75482,0
JK233264,41.80358,-87.596725,5
JK208247,41.823685,-87.62871,2
JK143380,41.745552,-87.56857,7
JK204950,41.850025,-87.69956,4
JK220260,41.764786,-87.58057,7
JK169858,41.90442,-87.730034,0
JK141631,41.9931,-87.689735,1
JK186966,41.880356,-87.73302,4
JK208183,41.76614,-87.63717,5
JK167084,41.916073,-87.7253,0
JK160179,41.928288,-87.64308,1
JK183324,41.859035,-87.70967,4
JK157271,41.868164,-87.62744,2
JK225057,41.890015,-87.63167,2
JK170838,41.768982,-87.57393,7
JK154777,41.781933,-87.591385,7
JK213182,41.72476,-87.6118,7
JK218705,41.9514,-87.725105,0
JK211596,41.834644,-87.72307,4
JK230788,41.712112,-87.62844,6
JK143010,41.742584,-87.66567,5
JK176047,41.79613,-87.60385,5
JK219409,41.967896,-87.650085,1
JK179207,41.998917,-87.67728,1
JK157792,41.871086,-87.73781,4
JK219539,41.767822,-87.71639,3
JK211296,41.942196,-87.68825,1
JK200160,41.898243,-87.71641,0
JK227308,41.879543,-87.625145,2
JK168958,41.862503,-87.70608,4
JK153260,41.76503,-87.65567,5
JK214226,41.903305,-87.67007,1
JK225045,41.8778,-87.62767,2
JK198421,41.90942,-87.76197,0
JK142271,41.812714,-87.603966,5
JK181038,41.7421,-87.60547,7
JK222928,41.89328,-87.627594,2
JK234875,41.779705,-87.647545,5
JK142753,41.8809,-87.71227,4
JK241954,41.911995,-87.647095,1
JK168058,41.877907,-87.7158,4
JK225990,41.86822,-87.66405,4
JK198403,41.78359,-87.69474,3
JK158839,41.67852,-87.6625,6
JK201552,41.945423,-87.65274,1
JK157738,41.802505,-87.66846,3
JK208221,41.885902,-87.632454,2
JK170963,41.72032,-87.56156,7
JK168313,41.751377,-87.68156,3
JK187865,41.833595,-87.61154,2
JK182125,41.8687,-87.62586,2
JK201808,41.755997,-87.61826,5
JK157711,41.866516,-87.695175,4
JK226506,41.893757,-87.75066,0
JK221022,41.751163,-87.6122,7
JK194168,41.968765,-87.68866,1
JK212337,41.890007,-87.71233,0
JK228947,41.928246,-87.66342,1
JK221276,41.92046,-87.67083,1
JK188231,41.8638,-87.712906,4
JK186498,41.97009,-87.76269,0
JK198766,41.74422,-87.543045,7
JK179687,41.86971,-87.62748,2
JK167485,41.707756,-87.58071,7
JK157861,41.65814,-87.61367,6
JK160866,41.896088,-87.66629,1
JK236006,41.96585,-87.836685,0
JK197685,41.945824,-87.65541,1
JK185243,41.72169,-87.62654,6
JK217351,41.752735,-87.562614,7
JK142777,41.78486,-87.61897,5
JK165037,41.99849,-87.68381,1
JK223186,41.772858,-87.69811,3
JK197889,41.776394,-87.6982,3
JK236277,41.767426,-87.591034,7
JK181604,41.891197,-87.64648,4
JK148381,41.693066,-87.689804,6
JK202834,41.9619,-87.69359,1
JK145456,41.754982,-87.65265,5
JK179580,41.72258,-87.662704,6
JK145242,41.878586,-87.74603,4
JK227608,41.741264,-87.72529,3
JK156262,41.91105,-87.7101,0
JK140661,41.90553,-87.66756,1
JK155799,41.761463,-87.611534,5
JK207514,41.906624,-87.755875,0
JK231891,41.911304,-87.79728,0
JK221113,41.96849,-87.7039,1
JK208324,41.791763,-87.658455,3
JK223331,41.875256,-87.62762,2
JK212528,41.93254,-87.7258,0
JK215086,41.96005,-87.637695,1
JK226199,41.97144,-87.67927,1
JK154905,41.913376,-87.63478,2
JK190282,41.872894,-87.62059,2
JK173846,41.9626,-87.66098,1
JK175845,41.77403,-87.603355,5
JK213156,41.930946,-87.78896,0
JK147608,41.896038,-87.6327,2
JK227972,41.855003,-87.72645,4
JK191691,41.749596,-87.58607,7
JK236692,41.999245,-87.70746,1
JK232146,41.906055,-87.62875,2
JK224149,41.87611,-87.68486,4
JK214792,41.82906,-87.61444,2
JK195168,41.910046,-87.760574,0
JK193387,41.981323,-87.79878,0
JK242221,41.74788,-87.58383,7
JK188004,41.877995,-87.7242,4
JK199480,41.67172,-87.64414,6
JK218833,41.757088,-87.66528,5
JK152756,41.73153,-87.54433,7
JK216907,41.745365,-87.60138,7
JK192168,41.934685,-87.70505,0
JK209903,41.76204,-87.61618,5
JK204072,41.96592,-87.65781,1
JK154643,41.926895,-87.70728,0
JK185002,41.896305,-87.65288,1
JK166472,41.69257,-87.6244,6
JK192382,41.74854,-87.61243,7
JK227233,41.779522,-87.660965,3
JK218606,41.98042,-87.77208,0
JK213348,41.827625,-87.64669,2
JK168887,41.79197,-87.624016,5
JK147901,41.71817,-87.57526,7
JK233949,41.821995,-87.68479,3
JK150309,41.877777,-87.657875,4
JK234901,41.86556,-87.7215,4
JK200905,41.78323,-87.721375,3
JK207023,41.8785,-87.737854,4
JK220683,41.96489,-87.65478,1
JK215321,41.679066,-87.63833,6
JK223883,41.73967,-87.604904,7
JK164999,41.910065,-87.71076,0
JK201289,41.911064,-87.77683,0
JK216345,41.883842,-87.74663,4
JK201068,41.70003,-87.69878,6
JK204708,41.90535,-87.68955,4
JK217486,41.87819,-87.74934,4
JK233556,41.880905,-87.74774,4
JK192984,41.880432,-87.62436,2
JK189475,41.776546,-87.63007,5
JK149707,41.835632,-87.62508,2
JK183014,41.859837,-87.70297,4
JK180507,41.957462,-87.74743,0
JK241503,41.88756,-87.61749,2
JK198233,41.947987,-87.649506,1
JK200187,41.790752,-87.6256,5
JK183675,41.686317,-87.684105,6
JK183463,41.736626,-87.60656,7
JK200417,41.897034,-87.65525,1
JK203481,41.78166,-87.60841,5
JK206449,41.734108,-87.61931,7
JK178225,41.88772,-87.7314,4
JK201735,41.808575,-87.66803,3
JK177984,41.896275,-87.654976,1
JK153835,41.96825,-87.72722,1
JK152349,41.799152,-87.58551,5
JK169656,41.998734,-87.660614,1
JK161600,41.865574,-87.76612,0
JK200841,41.924446,-87.63978,1
JK144926,41.910378,-87.631874,2
JK146001,41.81069,-87.68393,3
JK216084,41.982162,-87.6685,1
JK234217,41.992508,-87.66035,1
JK193944,41.765095,-87.59276,7
JK167238,41.86623,-87.72093,4
JK196160,41.800957,-87.655045,3
JK217213,41.89267,-87.61621,2
JK236173,41.871124,-87.68973,4
JK227525,41.692978,-87.53407,7
JK189573,41.882572,-87.73063,4
JK163521,41.798637,-87.60472,5
JK156337,41.85427,-87.62479,2
JK155867,41.94611,-87.74824,0
JK171492,41.915714,-87.746056,0
JK152715,41.866333,-87.66638,4
JK164234,41.79285,-87.67792,3
JK230399,41.907005,-87.72035,0
JK194851,41.82932,-87.6794,3
JK183572,41.799103,-87.62096,5
JK148369,41.8582,-87.71153,4
JK163774,41.73764,-87.661156,6
JK186909,41.828075,-87.6249,2
JK168597,41.830017,-87.66794,3
JK175724,41.78302,-87.62055,5
JK167386,41.98938,-87.66996,1
JK228089,41.784157,-87.6619,3
JK188403,41.750473,-87.6343,5
JK199307,41.873978,-87.631676,2
JK200563,41.89347,-87.632645,2
JK176288,41.929745,-87.68427,1
JK155287,41.874947,-87.65689,4
JK179940,41.702946,-87.61365,6
JK168214,41.895504,-87.711784,0
JK154526,41.877823,-87.65518,4
JK192615,41.782326,-87.6206,5
JK203866,41.83824,-87.72439,4
JK217431,41.88194,-87.65967,4
JK213198,41.76079,-87.643074,5
JK152261,41.89667,-87.62863,2
JK145218,41.857933,-87.64479,2
JK166647,41.866978,-87.62254,2
JK152272,41.911343,-87.63471,2
JK217118,41.70699,-87.62025,6
JK174233,41.88589,-87.65448,4
JK219567,41.8165,-87.66516,3
JK211087,41.972843,-87.67113,1
JK142073,41.863644,-87.627335,2
JK202740,41.75279,-87.562614,7
JK222027,41.805367,-87.61011,5
JK192730,41.877823,-87.65518,4
JK172966,41.930134,-87.785675,0
JK225568,41.921185,-87.68753,1
JK200771,41.88469,-87.636826,2
JK175194,41.81623,-87.6067,5
JK153459,41.84388,-87.62043,2
JK164595,41.73822,-87.579384,7
JK227713,41.727036,-87.63216,6
JK184599,41.850563,-87.73122,4
JK197972,41.705704,-87.669235,6
JK196369,41.87945,-87.62846,2
JK188097,41.763943,-87.66622,5
JK202471,41.86975,-87.64011,2
JK162283,41.74826,-87.7413,3
JK232934,41.918793,-87.776764,0
JK235301,41.863003,-87.650925,4
JK148884,41.76936,-87.595245,7
JK188519,41.853737,-87.69477,4
JK150432,41.86976,-87.62412,2
JK197065,41.91931,-87.636665,1
JK225626,41.886536,-87.64095,4
JK145280,41.867073,-87.726,4
JK169768,41.80354,-87.676994,3
JK141121,41.794174,-87.58043,5
JK213391,41.98726,-87.80571,0
JK183938,41.750675,-87.60395,7
JK165525,41.888992,-87.62694,2
JK168860,41.728085,-87.62641,6
JK142932,41.89355,-87.766624,0
JK141971,41.83314,-87.61532,2
JK166484,41.75651,-87.55291,7
JK198908,41.761578,-87.57804,7
JK187561,41.79386,-87.6795,3
JK187739,41.804443,-87.66243,3
JK219808,41.717518,-87.66287,6
JK179667,41.823696,-87.62785,2
JK178865,41.746975,-87.58938,7
JK212166,41.967945,-87.7543,0
JK161870,41.940517,-87.65412,1
JK154813,41.893646,-87.63118,2
JK168264,41.8664,-87.70597,4
JK219332,41.94591,-87.65547,1
JK221476,41.722363,-87.583824,7
JK182339,41.93572,-87.65154,1
JK231949,41.91649,-87.698204,0
JK234689,41.88093,-87.70951,4
JK218899,41.78131,-87.60595,5
JK159817,41.684944,-87.652466,6
JK241796,41.864494,-87.63916,2
JK177619,41.921673,-87.65752,1
JK204058,41.748108,-87.652466,5
JK208252,41.99004,-87.65892,1
JK224395,41.8197,-87.62311,2
JK181041,41.837944,-87.65378,2
JK194869,41.870388,-87.6259,2
JK232558,41.747208,-87.56252,7
JK169172,41.85519,-87.62387,2
JK210349,41.729263,-87.55124,7
JK219936,41.829716,-87.688705,3
JK181782,41.935627,-87.76762,0
JK220536,41.991337,-87.65685,1
JK186605,41.883163,-87.644905,4
JK197588,41.82407,-87.63248,2
JK155029,41.77516,-87.65074,5
JK227878,41.793682,-87.66281,3
JK153501,41.876247,-87.67332,4
JK183140,41.90929,-87.647255,1
JK142230,41.973263,-87.65862,1
JK199695,41.861107,-87.64982,4
JK191535,41.773285,-87.68714,3
JK182490,41.852734,-87.70894,4
JK144077,41.88075,-87.72398,4
JK184901,41.749313,-87.67387,5
JK235363,41.88589,-87.65448,4
JK150477,41.70049,-87.65236,6
JK236156,41.932014,-87.64094,1
JK211017,41.90869,-87.72284,0
JK144826,41.88465,-87.627914,2
JK224675,41.903305,-87.67007,1
JK200904,41.707756,-87.58071,7
JK140938,41.652668,-87.53745,7
JK219983,41.87429,-87.73096,4
JK235712,41.698925,-87.63773,6
JK172003,41.708897,-87.63155,6
JK176958,41.895943,-87.634186,2
JK222722,41.75856,-87.557304,7
JK164150,41.671696,-87.618774,6
JK224252,41.81944,-87.61012,2
JK223946,41.703354,-87.5942,6
JK181063,41.79458,-87.63028,5
JK222468,41.793232,-87.721375,3
JK155102,41.797077,-87.64158,3
JK224288,41.771786,-87.62834,5
JK206410,41.91575,-87.6887,1
JK159192,41.89659,-87.74829,0
JK167540,41.747116,-87.588234,7
JK207625,41.787357,-87.625885,5
JK171599,41.754692,-87.55704,7
JK157346,41.855526,-87.69785,4
JK169403,41.707333,-87.535286,7
JK174850,41.882008,-87.72882,4
JK220500,41.76164,-87.59087,7
JK171055,41.765556,-87.60557,5
JK235430,41.88813,-87.62955,2
JK202104,41.756294,-87.58343,7
JK203518,41.77838,-87.683624,3
JK168425,41.810738,-87.74935,3
JK233598,41.759968,-87.7025,3
JK160469,41.870544,-87.72026,4
JK233144,41.72749,-87.61428,7
JK159487,41.895733,-87.68778,4
JK206105,41.86132,-87.704216,4
JK177495,41.705105,-87.62052,6
JK197655,41.867096,-87.72388,4
JK188419,41.769222,-87.587975,7
JK215489,41.94584,-87.649445,1
JK208485,41.855816,-87.677284,4
JK180413,41.778717,-87.71887,3
JK225595,41.96793,-87.649284,1
JK161890,41.871986,-87.69471,4
JK185405,41.65582,-87.601425,6
JK206316,41.89347,-87.632645,2
JK222151,41.789604,-87.721375,3
JK160504,41.870922,-87.72646,4
JK167774,41.857773,-87.66758,4
JK202066,41.984108,-87.66086,1
JK229102,41.882366,-87.62622,2
JK145329,41.781837,-87.702,3
JK152237,41.957874,-87.64824,1
JK180852,41.817886,-87.618385,2
JK146397,41.896023,-87.7703,0
JK193809,41.77429,-87.645035,5
JK185924,41.870823,-87.71898,4
JK151329,41.932884,-87.64067,1
JK232216,41.895004,-87.62153,2
JK212136,41.7583,-87.62093,5
JK208881,41.874023,-87.631676,2
JK156471,41.88447,-87.632805,2
JK143677,41.928097,-87.78561,0
JK164505,41.87548,-87.65185,4
JK152537,41.80979,-87.619606,5
JK220665,41.74305,-87.664825,5
JK194820,41.90702,-87.6494,1
JK178762,41.85519,-87.62387,2
JK186688,41.90845,-87.765884,0
JK159525,41.783283,-87.59081,7
JK210581,41.762947,-87.61398,5
JK143489,41.94045,-87.651085,1
JK190170,41.89,-87.63292,2
JK161363,41.89454,-87.624245,2
JK185597,41.906998,-87.67217,1
JK181317,41.829205,-87.69361,3
JK214372,41.77606,-87.61552,5
JK183646,41.865467,-87.773476,0
JK228108,41.793514,-87.677444,3
JK213292,41.745335,-87.59413,7
JK192161,41.96663,-87.708725,1
JK178641,41.695072,-87.64125,6
JK171004,41.945362,-87.76674,0
JK225917,41.79565,-87.620865,5
JK221702,41.9779,-87.80294,0
JK233358,41.786976,-87.73278,3
JK160072,41.749763,-87.65129,5
JK218175,41.808903,-87.60436,5
JK149452,41.877655,-87.74819,4
JK235514,41.884964,-87.62792,2
JK227950,41.731262,-87.56585,7
JK163497,41.81261,-87.72376,3
JK234647,41.888992,-87.62694,2
JK223636,41.88637,-87.62069,2
JK205974,41.756905,-87.59028,7
JK236727,41.956875,-87.68613,1
JK180267,41.78295,-87.613266,5
JK221917,41.892776,-87.708916,0
JK217979,41.76072,-87.65279,5
JK170011,41.761036,-87.64916,5
JK190487,41.916325,-87.6982,0
JK197286,41.783466,-87.596275,7
JK189914,41.889954,-87.71656,0
JK233570,41.81518,-87.666374,3
JK192277,41.87723,-87.68791,4
JK150895,41.77907,-87.69651,3
JK212927,41.88819,-87.62378,2
JK205612,41.967293,-87.70599,1
JK167265,41.895004,-87.62153,2
JK214492,41.915516,-87.71243,0
JK206101,41.74529,-87.60138,7
JK172904,41.936146,-87.66203,1
JK155805,41.902782,-87.71232,0
JK191447,41.85644,-87.65481,4
JK151009,41.78148,-87.61323,5
JK213598,41.85043,-87.63475,2
JK180584,41.86686,-87.667656,4
JK206387,41.769024,-87.57149,7
JK214867,41.771076,-87.61968,5
JK218244,41.88798,-87.77355,0
JK187050,41.76752,-87.57267,7
JK157776,41.753956,-87.66648,5
JK192853,41.88879,-87.632515,2
JK163710,41.913258,-87.693405,4
JK184937,41.876865,-87.74341,4
JK215129,41.94931,-87.706665,1
JK197773,41.87418,-87.667854,4
JK204759,41.814323,-87.60448,5
JK233651,41.757515,-87.60781,5
JK141536,41.766884,-87.65336,5
JK210290,41.892605,-87.6198,2
JK188767,41.71205,-87.63084,6
JK225864,41.876858,-87.63328,2
JK236352,41.83148,-87.646126,2
JK222396,41.72008,-87.57407,7
JK156055,41.89803,-87.721275,0
JK197514,41.87682,-87.63554,2
JK225687,41.939568,-87.724625,0
JK208500,41.93025,-87.77107,0
JK236375,41.90413,-87.69691,4
JK222202,41.784065,-87.60554,5
JK198128,41.86986,-87.72102,4
JK215946,41.87003,-87.708824,4
JK198914,41.902405,-87.62641,2
JK191560,41.707245,-87.618164,6
JK207218,41.96916,-87.64984,1
JK157596,41.93179,-87.78207,0
JK216344,41.924385,-87.66696,1
JK194624,41.777897,-87.60161,5
JK171878,41.894386,-87.65441,1
JK152245,41.925373,-87.697426,0
JK231519,41.71368,-87.62606,6
JK163743,41.84829,-87.693535,4
JK200029,41.826694,-87.679756,3
JK142908,41.974403,-87.76703,0
JK225758,41.69796,-87.63098,6
JK156703,41.752075,-87.67141,5
JK142417,41.744564,-87.72887,3
JK232473,41.729355,-87.54985,7
JK206365,41.877472,-87.67822,4
JK162528,41.744614,-87.651146,5
JK224680,41.87639,-87.66476,4
JK211052,41.965874,-87.663925,1
JK193661,41.89284,-87.61772,2
JK144465,41.954506,-87.65337,1
JK230339,41.8105,-87.60392,5
JK183420,41.667503,-87.622284,6
JK213148,41.98279,-87.66004,1
JK231544,41.917233,-87.721,0
JK233321,41.780773,-87.77649,3
JK208349,41.930134,-87.76864,0
JK226773,41.94039,-87.76747,0
JK169627,41.777863,-87.601616,5
JK147061,41.899925,-87.62914,2
JK148909,41.920803,-87.72831,0
JK232712,41.929005,-87.70748,0
JK222974,41.967854,-87.66276,1
JK195643,41.930542,-87.6367,1
JK149123,41.844276,-87.72294,4
JK188505,41.90416,-87.74717,0
JK163583,41.909286,-87.77286,0
JK147372,41.980404,-87.69549,1
JK207795,41.960213,-87.70821,1
JK175280,41.750942,-87.62518,5
JK196229,41.76101,-87.62482,5
JK226866,41.75248,-87.5699,7
JK206766,41.72927,-87.57796,7
JK184435,41.71142,-87.5377,7
JK222539,41.881268,-87.679924,4
JK218494,41.902943,-87.69503,4
JK192620,41.89314,-87.6378,2
JK165728,41.754593,-87.74153,3
JK210834,41.751083,-87.562584,7
JK152391,41.89423,-87.618965,2
JK173480,41.904728,-87.731285,0
JK160095,41.965252,-87.73996,0
JK212726,41.908993,-87.688416,4
JK177524,41.87571,-87.75845,0
JK181365,41.882824,-87.62439,2
JK143437,41.742386,-87.64866,5
JK148986,41.775097,-87.70305,3
JK191807,41.939354,-87.70424,0
JK155776,41.995537,-87.71688,1
JK195716,41.937706,-87.723785,0
JK177846,41.8274,-87.62258,2
JK163129,41.938545,-87.6937,0
JK181497,41.74831,-87.68127,3
JK162603,41.998215,-87.692345,1
JK213839,41.71764,-87.569855,7
JK183875,41.752644,-87.584435,7
JK230673,41.75054,-87.65059,5
JK209199,41.705677,-87.600945,6
JK241198,41.927727,-87.743996,0
JK154593,41.938187,-87.79403,0
JK203293,41.847317,-87.703896,4
JK221470,41.99813,-87.66582,1
JK221104,41.804806,-87.61387,5
JK205493,41.998734,-87.660614,1
JK208260,41.943573,-87.70653,1
JK213636,41.961075,-87.77949,0
JK156314,41.92407,-87.75905,0
JK214833,41.960217,-87.70944,1
JK234586,41.869484,-87.65257,4
JK236965,41.858017,-87.65181,4
JK178503,41.758953,-87.5695,7
JK181241,41.950993,-87.70671,1
JK220771,41.839962,-87.661446,2
JK167030,41.889763,-87.674675,4
JK152642,41.746986,-87.601425,7
JK186883,41.90621,-87.73176,0
JK217210,41.76228,-87.671036,5
JK152179,41.835464,-87.64378,2
JK154804,41.82594,-87.672714,3
JK205175,41.872707,-87.62419,2
JK185032,41.775974,-87.60218,5
JK213739,41.974186,-87.65775,1
JK200274,41.768246,-87.688774,3
JK152193,41.939354,-87.7044,0
JK203637,41.893127,-87.680214,4
JK140602,41.89448,-87.70653,0
JK144714,41.78024,-87.68612,3
JK142548,41.826305,-87.67151,3
JK189173,41.98367,-87.657265,1
JK165952,41.845287,-87.62212,2
JK146526,41.80859,-87.66665,3
JK146795,41.748436,-87.6711,5
JK153419,41.89337,-87.62191,2
JK197099,41.98158,-87.83658,0
JK194276,41.902733,-87.7193,0
JK207764,41.939922,-87.66867,1
JK153809,41.7844,-87.663124,3
JK178539,41.80521,-87.58579,5
JK146431,41.75131,-87.65861,5
JK193906,41.870388,-87.6259,2
JK207192,41.958,-87.72934,1
JK234751,41.794067,-87.63844,3
JK187123,41.884895,-87.652115,4
JK216831,41.787277,-87.67412,3
JK202772,41.702503,-87.63167,6
JK230243,41.76115,-87.62995,5
JK229169,41.670586,-87.637085,6
JK201447,41.793076,-87.65727,3
JK226645,41.891937,-87.628075,2
JK224326,41.805107,-87.60428,5
JK203747,41.910698,-87.66289,1
JK190031,41.810448,-87.66336,3
JK216085,41.94392,-87.64518,1
JK169022,41.84392,-87.62692,2
JK190405,41.76494,-87.6617,5
JK198927,41.793964,-87.66979,3
JK242037,41.821487,-87.60639,2
JK180623,41.873413,-87.728226,4
JK169513,41.79625,-87.6841,3
JK171076,41.77544,-87.633316,5
JK156006,41.77762,-87.785255,3
JK152751,41.67186,-87.62969,6
JK218242,41.903076,-87.68367,4
JK184706,41.85728,-87.62392,2
JK224860,41.764732,-87.585884,7
JK223803,41.9082,-87.68053,1
JK186321,41.764107,-87.673515,5
JK217400,41.953552,-87.73578,0
JK163789,41.883842,-87.7062,4
JK208113,41.780212,-87.597244,7
JK176564,41.8794,-87.63266,2
JK142935,41.885757,-87.75947,0
JK186814,41.779957,-87.60592,5
JK161255,41.671917,-87.62608,6
JK196447,41.95344,-87.74496,0
JK169214,41.88917,-87.65574,4
JK200821,41.77437,-87.59293,7
JK205907,41.936104,-87.66464,1
JK173689,41.953552,-87.6479,1
JK228567,41.74016,-87.55512,7
JK173676,41.722572,-87.56705,7
JK219426,41.834972,-87.679085,3
JK155149,41.87485,-87.735275,4
JK156439,41.77069,-87.572754,7
JK184912,41.847282,-87.714874,4
JK210014,41.76529,-87.57935,7
JK226296,41.918713,-87.76551,0
JK199067,41.908398,-87.76214,0
JK194240,41.90453,-87.63751,2
JK181076,41.97486,-87.89037,0
JK169969,41.758358,-87.61786,5
JK207465,41.925304,-87.657715,1
JK151655,41.88043,-87.72322,4
JK211956,41.77781,-87.59301,7
JK163339,41.90364,-87.68216,4
JK204417,41.89284,-87.61772,2
JK187346,41.80967,-87.59443,5
JK156650,41.764275,-87.582054,7
JK198018,41.91116,-87.635185,2
JK214802,41.93445,-87.72461,0
JK212173,41.79473,-87.62028,5
JK173715,41.79248,-87.64542,3
JK179968,41.947227,-87.65555,1
JK153134,41.915108,-87.790085,0
JK170912,41.926674,-87.734184,0
JK198279,41.694023,-87.65523,6
JK165260,41.79103,-87.6248,5
JK233437,41.759983,-87.7025,3
JK186689,41.86971,-87.63049,2
JK173593,41.755116,-87.64416,5
JK211134,41.88537,-87.63541,2
JK189087,41.91145,-87.64437,1
JK147405,41.780277,-87.670296,3
JK236113,41.89325,-87.67943,4
JK194522,41.939682,-87.66966,1
JK164180,41.8725,-87.65121,4
JK216873,41.746155,-87.64634,5
JK178022,41.865143,-87.73248,4
JK226698,41.786755,-87.62226,5
JK214023,41.77002,-87.69134,3
JK159526,41.920055,-87.714645,0
JK233604,41.774944,-87.58632,7
JK200362,41.911507,-87.777725,0
JK161165,41.997322,-87.76138,0
JK198840,41.874508,-87.62761,2
JK166966,41.776764,-87.69699,3
JK166763,41.73354,-87.55979,7
JK154982,41.756348,-87.590744,7
JK236842,41.88186,-87.72409,4
JK163851,41.75584,-87.611404,5
JK199814,41.89328,-87.627594,2
JK169507,41.877617,-87.75094,4
JK237288,41.68364,-87.538864,7
JK173063,41.74709,-87.60022,7
JK149154,41.786293,-87.66438,3
JK226943,41.802345,-87.59852,5
JK202150,41.823875,-87.61386,2
JK232709,41.77485,-87.78738,3
JK147212,41.750435,-87.65787,5
JK201536,41.996914,-87.6678,1
JK231217,41.76835,-87.63723,5
JK236176,41.973824,-87.7177,1
JK216090,41.967808,-87.67257,1
JK159023,41.737064,-87.66309,6
JK194484,41.906307,-87.72323,0
JK157671,41.938595,-87.649574,1
JK211763,41.93083,-87.72206,0
JK161068,41.80861,-87.62282,5
JK185978,41.860348,-87.71037,4
JK185606,41.696,-87.6232,6
JK214722,41.809666,-87.6735,3
JK228457,41.975098,-87.64703,1
JK180878,41.97537,-87.744026,0
JK161945,41.73096,-87.55128,7
JK229463,41.818573,-87.6847,3
JK199234,41.796825,-87.66223,3
JK213159,41.781185,-87.61565,5
JK144734,41.81443,-87.60448,5
JK205149,41.788986,-87.74148,3
JK192948,41.773968,-87.78417,3
JK156577,41.90068,-87.663574,1
JK144073,41.862057,-87.71042,4
JK154103,41.844162,-87.73089,4
JK190191,41.97573,-87.65499,1
JK140481,41.78644,-87.69146,3
JK163391,41.903114,-87.643196,2
JK188626,41.74859,-87.60516,7
JK232860,41.92532,-87.74024,0
JK207798,41.807083,-87.591934,5
JK225386,41.968407,-87.712746,1
JK236060,41.744358,-87.54668,7
JK203162,41.881977,-87.73123,4
JK176569,41.726696,-87.62519,6
JK165912,41.881718,-87.62776,2
JK145401,41.871834,-87.72959,4
JK167475,41.854687,-87.70778,4
JK166301,41.879147,-87.6277,2
JK208468,41.958485,-87.70082,1
JK221617,41.93113,-87.77649,0
JK144529,41.862896,-87.71135,4
JK226285,41.81466,-87.62771,2
JK145569,41.876255,-87.742676,4
JK197395,41.67124,-87.65387,6
JK177404,41.880444,-87.62436,2
JK146411,41.93891,-87.76894,0
JK184765,41.881927,-87.68153,4
JK175516,41.80213,-87.61368,5
JK198935,41.958504,-87.64831,1
JK163108,41.990158,-87.72683,1
JK174808,41.930515,-87.75487,0
JK188843,41.91609,-87.70524,0
JK225716,41.788986,-87.74148,3
JK229389,41.781765,-87.69469,3
JK154769,41.903934,-87.62913,2
JK193532,41.97762,-87.795105,0
JK163043,41.774094,-87.59451,7
JK177880,41.959354,-87.70973,1
JK147130,41.75636,-87.56268,7
JK235619,41.750683,-87.60153,7
JK169018,41.68771,-87.66355,6
JK199221,41.70413,-87.67913,6
JK151338,41.852882,-87.63553,2
JK175153,41.98997,-87.662125,1
JK166923,41.85427,-87.62479,2
JK144045,41.85605,-87.62823,2
JK191306,41.87856,-87.74822,4
JK154610,41.80318,-87.585434,5
JK178334,41.897232,-87.66733,1
JK160968,41.770073,-87.710396,3
JK144585,41.768066,-87.5676,7
JK170127,41.78228,-87.60415,5
JK176781,41.90928,-87.77346,0
JK187103,41.781628,-87.613235,5
JK170613,41.858883,-87.654884,4
JK221334,41.98105,-87.839935,0
JK141706,41.713516,-87.56549,7
JK197213,41.65868,-87.60486,6
JK236576,41.94266,-87.64013,1
JK183182,41.885193,-87.62449,2
JK180284,41.896595,-87.64893,1
JK222673,41.721626,-87.62449,6
JK206704,41.768124,-87.64813,5
JK143520,41.77215,-87.73966,3
JK195504,41.94819,-87.65436,1
JK171559,41.96793,-87.649284,1
JK149345,41.77819,-87.60465,5
JK179487,41.88611,-87.63985,4
JK233978,41.78308,-87.61569,5
JK211538,41.89001,-87.71188,0
JK219965,41.99231,-87.65892,1
JK206090,41.86854,-87.63924,2
JK203854,41.674458,-87.62345,6
JK235532,41.91146,-87.766815,0
JK229004,41.78326,-87.71947,3
JK199074,41.90423,-87.761024,0
JK176920,41.76569,-87.582436,7
JK177203,41.899326,-87.775276,0
JK150083,41.92447,-87.639786,1
JK142733,41.76251,-87.57677,7
JK198467,41.947227,-87.65555,1
JK234159,41.72258,-87.662704,6
JK226498,41.74809,-87.69554,3
JK189167,41.876934,-87.73823,4
JK186431,41.680916,-87.627556,6
JK156487,41.935955,-87.75725,0
JK189390,41.839115,-87.64631,2
JK185583,41.7593,-87.61269,5
JK203989,41.910656,-87.66586,1
JK200344,41.884808,-87.750336,0
JK156200,41.7421,-87.60547,7
JK225960,41.88904,-87.64054,4
JK181162,41.75148,-87.66468,5
JK210654,41.721992,-87.67846,6
JK151926,41.994457,-87.668655,1
JK195606,41.92726,-87.64962,1
JK188748,41.895733,-87.68778,4
JK201105,41.939617,-87.67481,1
JK156033,41.863373,-87.65974,4
JK173054,41.733227,-87.544365,7
JK167141,41.830677,-87.61035,2
JK142457,41.918247,-87.71244,0
JK195890,41.89877,-87.624115,2
JK205623,41.994244,-87.68097,1
JK156856,41.91806,-87.65644,1
JK148922,41.784218,-87.653404,3
JK203878,41.91747,-87.75595,0
JK153354,41.94299,-87.80322,0
JK186211,41.71873,-87.535286,7
JK167163,41.967224,-87.68886,1
JK201364,41.909527,-87.75384,0
JK170481,41.752415,-87.70612,3
JK231796,41.869717,-87.6849,4
JK179521,41.93143,-87.6611,1
JK165230,41.874912,-87.66181,4
JK187937,41.84163,-87.72204,4
JK173890,41.889977,-87.71504,0
JK198462,41.68634,-87.63735,6
JK176005,41.73694,-87.54583,7
JK184105,41.905277,-87.75094,0
JK176371,41.749638,-87.717636,3
JK155858,41.795082,-87.65976,3
JK156940,41.894886,-87.6275,2
JK165988,41.766163,-87.584114,7
JK212995,41.954147,-87.67948,1
JK210547,41.770153,-87.68268,3
JK228559,41.749878,-87.68284,3
JK235628,41.76883,-87.61856,5
JK205209,41.798157,-87.62339,5
JK168318,41.991337,-87.65685,1
JK181534,41.924774,-87.701065,0
JK142813,41.924324,-87.69967,0
JK189945,41.975113,-87.88248,0
JK217534,41.893826,-87.76663,0
JK208152,41.968567,-87.694435,1
JK217641,41.791325,-87.66937,3
JK213845,41.68178,-87.6727,6
JK176933,41.778015,-87.763504,3
JK232099,41.96595,-87.69722,1
JK148004,41.909637,-87.7453,0
JK150941,41.780384,-87.666664,3
JK213499,41.79634,-87.59037,5
JK224877,41.773636,-87.622734,5
JK209174,41.795193,-87.58815,5
JK221805,41.779907,-87.63536,5
JK150689,41.813183,-87.60601,5
JK192043,41.749424,-87.60722,7
JK190950,41.956764,-87.69215,1
JK195829,41.991394,-87.655426,1
JK232379,41.973278,-87.65739,1
JK165510,41.975826,-87.69757,1
JK164198,41.694397,-87.62405,6
JK229449,41.964863,-87.65239,1
JK204923,41.758026,-87.56393,7
JK216791,41.99864,-87.683815,1
JK157388,41.852253,-87.62226,2
JK194877,41.693016,-87.67673,6
JK188918,41.736065,-87.57934,7
JK222716,41.782806,-87.690315,3
JK175002,41.881664,-87.62776,2
JK161852,41.98364,-87.65905,1
JK163725,41.749477,-87.55043,7
JK157117,41.690403,-87.6577,6
JK216951,41.878586,-87.74615,4
JK184080,41.758335,-87.5595,7
JK146433,41.651432,-87.52726,7
JK161922,41.724873,-87.625145,6
JK149851,41.687244,-87.65438,6
JK167614,41.88589,-87.65448,4
JK197333,41.89177,-87.62214,2
JK220315,41.76055,-87.64672,5
JK169375,41.92108,-87.80502,0
JK221497,41.893917,-87.687675,4
JK192432,41.775135,-87.59049,7
JK187801,41.907104,-87.62757,2
JK165362,41.93807,-87.80189,0
JK215880,41.745434,-87.59889,7
JK172989,41.94083,-87.644424,1
JK236300,41.795975,-87.76068,3
JK214053,41.689304,-87.7044,6
JK141872,41.906982,-87.65115,1
JK149264,41.864494,-87.63916,2
JK200114,41.815926,-87.61039,2
JK165561,41.91076,-87.65927,1
JK169994,41.76458,-87.56113,7
JK222387,41.96939,-87.700485,1
JK171768,41.935017,-87.66215,1
JK164369,41.917557,-87.787704,0
JK206262,41.769485,-87.65666,5
JK196116,41.87115,-87.687096,4
JK166734,41.734867,-87.54578,7
JK194918,41.89284,-87.61772,2
JK143662,41.796314,-87.5809,5
JK229252,41.816006,-87.60184,2
JK141393,41.780746,-87.66061,3
JK189148,41.79347,-87.62082,5
JK201463,41.941113,-87.64592,1
JK188976,41.918377,-87.70524,0
JK224850,41.868385,-87.63923,2
JK173350,41.93257,-87.71315,0
JK180060,41.72222,-87.592865,7
JK213284,41.855385,-87.69311,4
JK222575,41.9467,-87.65612,1
JK169614,41.776157,-87.59731,7
JK200789,41.74305,-87.6648,5
JK196838,41.74403,-87.66206,5
JK162365,41.877823,-87.65518,4
JK170560,41.923424,-87.6838,1
JK158152,41.808647,-87.66185,3
JK195163,41.803673,-87.70385,3
JK235465,41.87199,-87.69431,4
JK151043,41.903934,-87.62918,2
JK167543,41.773777,-87.72263,3
JK236190,41.969116,-87.71706,1
JK206098,41.878567,-87.70532,4
JK178682,41.887535,-87.705025,4
JK219516,41.75238,-87.634346,5
JK191107,41.747444,-87.56982,7
JK204290,41.88893,-87.75669,0
JK187047,41.884335,-87.61916,2
JK209274,41.757614,-87.58611,7
JK229137,41.880943,-87.75753,0
JK232397,41.988632,-87.81283,0
JK158675,41.702866,-87.65748,6
JK158263,41.913006,-87.70853,0
JK154881,41.73314,-87.54858,7
JK232874,41.978107,-87.711174,1
JK143387,41.72905,-87.57796,7
JK228390,41.917545,-87.69099,1
JK234844,41.97486,-87.89037,0
JK141369,41.776318,-87.75763,3
JK200704,41.961582,-87.669876,1
JK157138,41.704605,-87.61247,6
JK187474,41.752415,-87.55142,7
JK206055,41.697628,-87.61716,6
JK212648,41.881718,-87.62776,2
JK160952,41.875454,-87.75337,4
JK210455,41.874187,-87.73887,4
JK187375,41.89632,-87.70658,0
JK167079,41.706318,-87.61976,6
JK191602,41.95975,-87.75244,0
JK156043,41.914207,-87.72647,0
JK149623,41.713417,-87.63694,6
JK228498,41.877823,-87.65518,4
JK152508,41.89543,-87.719246,0
JK183805,41.877823,-87.738525,4
JK179056,41.92462,-87.77574,0
JK160024,41.80339,-87.62106,5
JK188148,41.850708,-87.73339,4
JK145994,41.85169,-87.71307,4
JK217229,41.894432,-87.62972,2
JK186773,41.70696,-87.63974,6
JK178663,41.946278,-87.6421,1
JK186463,41.80095,-87.59421,5
JK196862,41.886402,-87.70736,4
JK217063,41.789227,-87.62333,5
JK185338,41.936653,-87.69866,0
JK204270,41.943333,-87.6695,1
JK162196,41.713497,-87.62847,6
JK212763,41.7808,-87.702446,3
JK206462,41.785355,-87.69723,3
JK178161,41.72194,-87.57899,7
JK176540,41.9263,-87.76972,0
JK181138,41.852886,-87.62281,2
JK175188,41.881718,-87.62776,2
JK184833,41.916885,-87.74961,0
JK171314,41.87297,-87.68689,4
JK183273,41.938595,-87.649574,1
JK182968,41.89773,-87.7471,0
JK204634,41.931755,-87.64898,1
JK182264,41.876915,-87.62805,2
JK227516,41.877823,-87.65518,4
JK215740,41.998314,-87.70699,1
JK221983,41.748825,-87.708466,3
JK191476,41.779705,-87.647545,5
JK191023,41.7798,-87.625374,5
JK197168,41.750557,-87.64971,5
JK207250,41.742016,-87.56244,7
JK232964,41.789204,-87.624664,5
JK149600,41.927998,-87.67321,1
JK207336,41.890034,-87.70972,0
JK187770,41.881348,-87.67452,4
JK180828,41.791492,-87.66937,3
JK147091,41.79599,-87.63054,5
JK215141,41.69632,-87.660385,6
JK156935,41.74778,-87.658516,5
JK197526,41.88364,-87.64858,4
JK144668,41.798748,-87.72116,3
JK197236,41.895588,-87.634796,2
JK145505,41.76295,-87.633385,5
JK176389,41.925175,-87.66651,1
JK202264,41.903076,-87.68367,4
JK178801,41.968765,-87.68866,1
JK162990,41.970978,-87.73551,1
JK202048,41.89284,-87.61772,2
JK206543,41.753048,-87.56262,7
JK206876,41.88172,-87.62436,2
JK227638,41.886024,-87.773415,0
JK209463,41.887142,-87.62455,2
JK147116,41.861317,-87.70435,4
JK223704,41.78639,-87.694466,3
JK170916,41.788788,-87.622314,5
JK238085,41.82526,-87.649216,2
JK223812,41.803795,-87.61008,5
JK191493,41.802948,-87.59342,5
JK151478,41.801895,-87.58769,5
JK197816,41.76095,-87.63456,5
JK172168,41.888676,-87.7467,0
JK188769,41.837715,-87.62062,2
JK192640,41.82844,-87.6857,3
JK221950,41.75379,-87.64655,5
JK220905,41.710175,-87.625984,6
JK148769,41.749477,-87.55043,7
JK194401,41.899418,-87.76677,0
JK174938,41.85593,-87.6437,2
JK217365,41.901585,-87.62679,2
JK174318,41.744873,-87.608696,7
JK185804,41.778458,-87.693375,3
JK181737,41.752174,-87.61132,7
JK197024,41.96605,-87.66106,1
JK207300,41.96935,-87.710945,1
JK198234,41.81115,-87.68544,3
JK147265,41.798008,-87.71839,3
JK212275,41.769077,-87.630165,5
JK223663,41.9247,-87.70865,0
JK197109,41.856354,-87.61912,2
JK182270,41.838085,-87.64319,2
JK155474,41.775047,-87.63492,5
JK176146,41.76624,-87.63102,5
JK212138,41.76135,-87.576195,7
JK188082,41.947647,-87.646385,1
JK192246,41.84829,-87.693535,4
JK193294,41.88177,-87.748764,4
JK180653,41.81902,-87.60123,2
JK143940,41.76798,-87.65541,5
JK200320,41.96415,-87.66932,1
JK218422,41.896732,-87.62439,2
JK164960,41.67736,-87.64189,6
JK230048,41.932194,-87.64475,1
JK141058,41.84549,-87.70507,4
JK219477,41.791336,-87.657234,3
JK197075,41.83228,-87.61104,2
JK169307,41.76986,-87.66274,5
JK192953,41.768192,-87.62337,5
JK152717,41.757492,-87.612656,5
JK215115,41.8245,-87.675125,3
JK234249,41.795193,-87.588165,5
JK238318,41.89941,-87.62413,2
JK178108,41.948997,-87.70544,1
JK229789,41.868164,-87.62744,2
JK231248,41.765068,-87.58365,7
JK188302,41.757614,-87.58611,7
JK179372,41.86707,-87.72615,4
JK165548,41.8093,-87.68775,3
JK143856,41.84744,-87.700226,4
JK187093,41.897728,-87.73108,0
JK169226,41.880993,-87.70434,4
JK227566,41.803204,-87.721985,3
JK213680,41.951714,-87.762024,0
JK235101,41.94663,-87.708336,1
JK217649,41.891068,-87.61681,2
JK234238,41.898373,-87.62504,2
JK166677,41.852734,-87.70134,4
JK161752,41.74595,-87.66576,5
JK226012,41.782925,-87.646095,3
JK193957,41.908978,-87.67253,1
JK164411,41.78881,-87.73528,3
JK228488,41.886467,-87.63247,2
JK176981,41.722538,-87.63839,6
JK209362,41.891132,-87.62414,2
JK165930,41.794407,-87.58393,5
JK185504,41.7591,-87.56014,7
JK141486,41.89347,-87.632645,2
JK170475,41.968765,-87.68866,1
JK224159,41.668274,-87.63437,6
JK225394,41.693485,-87.62398,6
JK217203,41.876625,-87.650276,4
JK193163,41.88322,-87.625824,2
JK232744,41.814293,-87.61829,2
JK193990,41.788876,-87.64345,3
JK157895,41.76691,-87.62334,5
JK158615,41.939323,-87.70864,0
JK170747,41.99273,-87.79835,0
JK162066,41.982777,-87.65659,1
JK163409,41.800873,-87.624245,5
JK140981,41.886776,-87.64912,4
JK151320,41.743145,-87.601364,7
JK145621,41.931297,-87.764626,0
JK160459,41.853737,-87.69674,4
JK173378,41.821655,-87.60463,2
JK237807,41.857533,-87.6256,2
JK226735,41.856216,-87.62717,2
JK155850,41.74401,-87.60201,7
JK213017,41.951756,-87.65204,1
JK224393,41.758274,-87.55481,7
JK145433,41.903725,-87.73372,0
JK160565,41.869286,-87.66496,4
JK160577,41.939316,-87.70943,0
JK196289,41.76451,-87.69468,3
JK158593,41.933636,-87.63931,1
JK234492,41.93765,-87.686676,1
JK221293,41.988705,-87.81297,0
JK235949,41.706238,-87.642815,6
JK235868,41.89572,-87.76785,0
JK232678,41.722767,-87.62441,6
JK150281,41.82386,-87.615166,2
JK174312,41.78306,-87.60725,5
JK211152,41.65365,-87.61646,6
JK150149,41.804035,-87.652695,3
JK235263,41.754955,-87.56266,7
JK216893,41.84023,-87.712234,4
JK159762,41.940372,-87.816605,0
JK163039,41.789993,-87.6487,3
JK156308,41.79885,-87.65498,3
JK223264,41.77503,-87.776886,3
JK193268,41.756237,-87.55811,7
JK213491,41.89371,-87.62273,2
JK212694,41.655853,-87.5957,6
JK233561,41.89501,-87.63268,2
JK154642,41.779705,-87.64751,5
JK158658,41.765278,-87.5665,7
JK185183,41.96307,-87.65598,1
JK228442,41.89433,-87.6942,4
JK177320,41.77834,-87.703125,3
JK174617,41.89381,-87.63266,2
JK223556,41.78996,-87.69888,3
JK173634,41.854404,-87.71755,4
JK233878,41.79034,-87.73288,3
JK142048,41.937187,-87.76767,0
JK173312,41.79656,-87.69022,3
JK226819,41.878124,-87.63321,2
JK232176,41.898426,-87.621445,2
JK157365,41.9983,-87.80898,0
JK162639,41.891876,-87.7457,0
JK208654,41.807648,-87.703964,3
JK172474,41.891693,-87.62615,2
JK153057,41.770897,-87.585014,7
JK232197,41.874744,-87.76325,0
JK142099,41.69257,-87.6244,6
JK198966,41.795864,-87.70363,3
JK225705,41.816593,-87.61943,2
JK184860,41.77844,-87.74157,3
JK162302,41.787746,-87.72375,3
JK141816,41.82346,-87.68898,3
JK149489,41.990616,-87.68319,1
JK187947,41.931793,-87.76748,0
JK206967,41.755554,-87.65387,5
JK240097,41.87165,-87.66503,4
JK194409,41.923782,-87.77845,0
JK205855,41.939262,-87.713356,0
JK193394,41.93345,-87.7906,0
JK145143,41.792633,-87.710884,3
JK210258,41.87884,-87.63958,4
JK195411,41.941616,-87.717476,0
JK157964,41.863377,-87.656456,4
JK171553,41.769005,-87.56985,7
JK193907,41.93665,-87.79933,0
JK235508,41.88305,-87.68283,4
JK235166,41.87516,-87.66773,4
JK184862,41.924805,-87.697716,0
JK171431,41.89361,-87.718025,0
JK233099,41.93743,-87.64918,1
JK181846,41.94175,-87.66872,1
JK190909,41.90706,-87.62756,2
JK224848,41.954037,-87.796425,0
JK224279,41.93176,-87.753975,0
JK176409,41.882965,-87.76495,0
JK153224,41.941788,-87.650406,1
JK167873,41.802116,-87.58775,5
JK210415,41.930748,-87.64772,1
JK224816,41.894993,-87.74712,0
JK195993,41.688553,-87.622986,6
JK146475,41.818573,-87.6082,2
JK156931,41.90906,-87.68719,4
JK169352,41.947697,-87.72367,0
JK236046,41.79451,-87.60622,5
JK142929,41.937965,-87.66246,1
JK174460,41.767303,-87.68698,3
JK200136,41.85811,-87.72003,4
JK222774,41.974438,-87.81119,0
JK190712,41.886677,-87.76341,0
JK179245,41.787457,-87.69363,3
JK162336,41.903683,-87.64524,2
JK201405,41.80515,-87.7235,3
JK147716,41.90739,-87.69448,4
JK146824,41.909958,-87.63856,2
JK183957,41.878,-87.64291,4
JK219613,41.82791,-87.60818,2
JK167040,41.70699,-87.62025,6
JK223926,41.839317,-87.63413,2
JK200014,41.77593,-87.77762,3
JK170168,41.929348,-87.644135,1
JK194619,41.67234,-87.64259,6
JK206146,41.992977,-87.70191,1
JK147720,41.89484,-87.630554,2
JK228240,41.892414,-87.71135,0
JK222121,41.886337,-87.62069,2
JK143830,41.753212,-87.661896,5
JK230663,41.743866,-87.702225,3
JK206048,41.72262,-87.62747,6
JK205914,41.93937,-87.70191,0
JK185948,41.90736,-87.689606,4
JK201270,41.78834,-87.74052,3
JK160950,41.83749,-87.64626,2
JK210073,41.88239,-87.624374,2
JK177167,41.903202,-87.62734,2
JK166817,41.74557,-87.692505,3
JK159011,41.807453,-87.62358,5
JK151011,41.808067,-87.63455,2
JK167025,41.881786,-87.64674,4
JK204586,41.756603,-87.576096,7
JK167656,41.740513,-87.54539,7
JK172750,41.901524,-87.72018,0
JK215750,41.949696,-87.65198,1
JK162916,41.880196,-87.66498,4
JK149070,41.83573,-87.63891,2
JK201499,41.905804,-87.66269,1
JK169138,41.8059,-87.60586,5
JK174260,41.994522,-87.66333,1
JK189830,41.82386,-87.61504,2
JK230914,41.88159,-87.63676,2
JK167839,41.885944,-87.65215,4
JK226214,41.802414,-87.59252,5
JK152286,41.774853,-87.787,3
JK229362,41.925392,-87.71078,0
JK155972,41.98029,-87.77755,0
JK150148,41.979694,-87.8004,0
JK224822,41.938595,-87.649574,1
JK180082,41.74952,-87.59955,7
JK213841,41.8912,-87.620224,2
JK189612,41.886017,-87.63394,2
JK187339,41.65409,-87.60218,6
JK160498,41.897896,-87.6241,2
JK149153,41.75417,-87.61015,5
JK163949,41.988632,-87.81283,0
JK167199,41.90216,-87.76451,0
JK187517,41.878506,-87.75216,4
JK172241,41.895294,-87.73009,0
JK192195,41.93378,-87.77849,0
JK191899,41.902054,-87.72141,0
JK182144,41.874023,-87.631676,2
JK235757,41.747196,-87.60264,7
JK182623,41.733616,-87.60475,7
JK223736,41.986065,-87.72852,1
JK219572,41.906593,-87.69508,4
JK220193,41.79451,-87.6333,5
JK177923,41.692123,-87.66135,6
JK188086,41.909603,-87.74774,0
JK232148,41.959896,-87.731026,1
JK243481,41.83635,-87.71701,4
JK180697,41.67576,-87.623795,6
JK170292,41.981373,-87.69019,1
JK211805,41.706913,-87.64335,6
JK230948,41.74106,-87.62427,5
JK146842,41.85385,-87.64174,2
JK148706,41.99809,-87.66971,1
JK165505,41.77583,-87.610695,5
JK144653,41.87181,-87.62734,2
JK162937,41.91104,-87.69212,4
JK193934,41.8791,-87.715836,4
JK180179,41.882526,-87.62438,2
JK203962,41.871674,-87.663414,4
JK160171,41.906643,-87.762085,0
JK219807,41.922215,-87.65229,1
JK155584,41.788986,-87.74148,3
JK145326,41.97773,-87.846466,0
JK223028,41.932224,-87.68343,1
JK167627,41.99449,-87.69588,1
JK147645,41.882103,-87.68475,4
JK186844,41.904736,-87.75584,0
JK228505,41.884277,-87.6221,2
JK181201,41.989334,-87.67467,1
JK167320,41.772343,-87.653595,5
JK177229,41.911163,-87.6329,2
JK227578,41.772614,-87.57402,7
JK175742,41.814564,-87.604485,5
JK177999,41.862988,-87.70375,4
JK146748,41.92522,-87.701126,0
JK223347,41.83404,-87.67437,3
JK149298,41.85774,-87.6701,4
JK157110,41.801132,-87.61773,5
JK188566,41.856804,-87.66206,4
JK190959,41.74761,-87.667015,5
JK179939,41.74335,-87.60137,7
JK141588,41.770393,-87.621826,5
JK232738,41.76113,-87.58843,7
JK166468,41.77739,-87.752846,3
JK219783,41.862526,-87.70413,4
JK208294,41.873764,-87.699295,4
JK229673,41.722637,-87.62747,6
JK176164,41.887867,-87.77491,0
JK163492,41.89601,-87.634186,2
JK185867,41.946648,-87.70209,1
JK183935,41.77584,-87.78216,3
JK160127,41.862095,-87.65755,4
JK216440,41.865353,-87.72149,4
JK175122,41.86473,-87.71294,4
JK189721,41.710426,-87.63079,6
JK155609,41.794174,-87.703575,3
JK145243,41.772743,-87.57403,7
JK186210,41.78503,-87.61326,5
JK192472,41.721992,-87.55107,7
JK204665,41.754593,-87.74153,3
JK163573,41.98919,-87.81779,0
JK190478,41.86622,-87.72184,4
JK154996,41.88776,-87.65249,4
JK150682,41.999535,-87.671104,1
JK186356,41.690727,-87.62669,6
JK171316,41.918083,-87.65491,1
JK161058,41.851986,-87.68932,4
JK236075,41.876747,-87.74792,4
JK213517,41.78972,-87.62558,5
JK172237,41.8468,-87.62353,2
JK224154,41.687904,-87.64832,6
JK199800,41.665043,-87.620026,6
JK194949,41.872334,-87.67961,4
JK205949,41.931576,-87.71152,0
JK166262,41.77281,-87.57648,7
JK201415,41.65847,-87.64292,6
JK188866,41.727825,-87.58403,7
JK201498,41.933388,-87.69522,0
JK206572,41.795017,-87.66826,3
JK213814,41.774815,-87.78982,3
JK217237,41.951393,-87.64496,1
JK196542,41.784176,-87.663124,3
JK221143,41.71355,-87.54509,7
JK190954,41.74519,-87.60628,7
JK195026,41.980415,-87.69368,1
JK223350,41.861965,-87.71407,4
JK230586,41.7424,-87.666885,5
JK210488,41.96489,-87.65478,1
JK212118,41.751766,-87.66024,5
JK175487,41.87859,-87.745804,4
JK171152,41.903183,-87.69443,4
JK199094,41.803673,-87.70385,3
JK162847,41.685673,-87.618065,6
JK192634,41.957016,-87.751755,0
JK156944,41.794174,-87.703575,3
JK154676,41.890266,-87.63109,2
JK148548,41.711548,-87.6466,6
JK188620,41.892273,-87.646034,4
JK205008,41.898823,-87.68203,4
JK185575,41.82472,-87.60465,2
JK142735,41.921604,-87.72302,0
JK223503,41.912357,-87.67417,1
JK166126,41.872036,-87.68374,4
JK167872,41.67759,-87.658134,6
JK178170,41.71113,-87.53649,7
JK212848,41.97457,-87.66302,1
JK177712,41.908543,-87.650116,1
JK162234,41.895267,-87.731316,0
JK182663,41.904415,-87.6724,1
JK160014,41.95063,-87.75038,0
JK212931,41.932503,-87.70866,0
JK144557,41.794373,-87.58044,5
JK213051,41.878506,-87.635216,2
JK151324,41.7758,-87.74098,3
JK161839,41.74497,-87.60015,7
JK164926,41.796738,-87.58731,5
JK156527,41.830425,-87.67209,3
JK228311,41.746853,-87.58709,7
JK170954,41.97965,-87.6808,1
JK148690,41.793865,-87.6507,3
JK197619,41.794426,-87.58252,5
JK231423,41.68193,-87.672676,6
JK226130,41.93742,-87.7701,0
JK156976,41.858223,-87.70292,4
JK227591,41.90235,-87.6728,1
JK226633,41.882294,-87.76103,0
JK151158,41.69182,-87.52785,7
JK193925,41.71473,-87.564606,7
JK151127,41.925034,-87.677345,1
JK200609,41.761555,-87.558136,7
JK235738,41.828552,-87.621704,2
JK231616,41.92961,-87.75484,0
JK210983,41.99091,-87.66106,1
JK196910,41.94115,-87.77959,0
JK146377,41.937057,-87.792,0
JK181746,41.885654,-87.66545,4
JK175213,41.9733,-87.655716,1
JK212086,41.78925,-87.7206,3
JK216466,41.993126,-87.65548,1
JK213317,41.871834,-87.62615,2
JK152275,41.885597,-87.65151,4
JK219559,41.98935,-87.658195,1
JK191494,41.92908,-87.64111,1
JK232128,41.826363,-87.63298,2
JK185390,41.78952,-87.66083,3
JK186731,41.7593,-87.61269,5
JK161327,41.882477,-87.63703,2
JK152923,41.85972,-87.6467,2
JK166247,41.80009,-87.62585,5
JK188427,41.79308,-87.69622,3
JK143069,41.891693,-87.62615,2
JK207352,41.86616,-87.65536,4
JK157211,41.777187,-87.65322,5
JK198480,41.99476,-87.71448,1
JK159822,41.954803,-87.700714,1
JK171603,41.953175,-87.76757,0
JK187965,41.877857,-87.65257,4
JK142156,41.896774,-87.62147,2
JK195512,41.738354,-87.55874,7
JK231297,41.773018,-87.61274,5
JK157058,41.682606,-87.670235,6
JK219275,41.90229,-87.70677,0
JK217098,41.89508,-87.7654,0
JK231133,41.750496,-87.60522,7
JK168839,41.883694,-87.72575,4
JK234213,41.902637,-87.77417,0
JK185095,41.87527,-87.62425,2
JK225511,41.740086,-87.552704,7
JK193357,41.933254,-87.798,0
JK223068,41.72051,-87.6604,6
JK181334,41.888992,-87.62694,2
JK208440,41.89321,-87.69258,4
JK221636,41.73264,-87.58394,7
JK220093,41.881718,-87.62776,2
JK179428,41.97996,-87.80698,0
JK148856,41.93185,-87.78572,0
JK150651,41.88239,-87.62622,2
JK222195,41.884514,-87.67428,4
JK159728,41.97486,-87.89037,0
JK206169,41.89154,-87.75303,0
JK205270,41.736828,-87.54583,7
JK158497,41.962006,-87.654755,1
JK227200,41.888165,-87.62294,2
JK222364,41.94591,-87.65547,1
JK202449,41.877495,-87.67471,4
JK217645,41.6895,-87.63263,6
JK191733,41.96603,-87.65887,1
JK233551,41.885506,-87.6971,4
JK152291,41.932457,-87.7221,0
JK233205,41.91038,-87.76058,0
JK145903,41.789154,-87.70099,3
JK158275,41.735046,-87.61548,7
JK156001,41.756035,-87.58342,7
JK165340,41.756035,-87.58342,7
JK141811,41.960213,-87.70821,1
JK213288,41.741383,-87.61789,5
JK211915,41.91114,-87.6369,2
JK212162,41.908863,-87.727715,0
JK186074,41.819294,-87.69362,3
JK193100,41.799908,-87.60393,5
JK209600,41.728935,-87.631325,6
JK153461,41.718555,-87.644356,6
JK145976,41.83641,-87.64995,2
JK174782,41.768272,-87.61291,5
JK234450,41.81215,-87.7494,3
JK201980,41.869785,-87.774284,0
JK148232,41.89452,-87.713844,0
JK201640,41.830654,-87.607864,2
JK224649,41.806885,-87.61652,5
JK196792,41.946144,-87.65567,1
JK208884,41.88599,-87.65215,4
JK179000,41.793896,-87.62407,5
JK164842,41.677197,-87.644325,6
JK153431,41.8366,-87.61677,2
JK148197,41.726917,-87.5949,7
JK178704,41.77303,-87.64263,5
JK165484,41.885494,-87.65736,4
JK187916,41.92187,-87.680244,1
JK204039,41.651215,-87.54716,7
JK213546,41.746346,-87.653625,5
JK194787,41.925133,-87.64019,1
JK160784,41.89943,-87.65663,1
JK212027,41.88303,-87.761635,0
JK167151,41.958458,-87.65219,1
JK208988,41.764717,-87.616844,5
JK225817,41.90127,-87.75699,0
JK173675,41.879055,-87.64728,4
JK234659,41.86175,-87.712845,4
JK155547,41.79949,-87.5935,5
JK163301,41.79811,-87.70491,3
JK175722,41.84647,-87.693695,4
JK191753,41.876617,-87.758064,0
JK194989,41.96048,-87.76764,0
JK160663,41.881584,-87.6262,2
JK166748,41.969063,-87.65672,1
JK147576,41.96859,-87.69165,1
JK218658,41.989548,-87.660255,1
JK186144,41.93811,-87.717354,0
JK220013,41.96307,-87.65598,1
JK144629,41.93024,-87.7018,0
JK241686,41.907974,-87.77192,0
JK196179,41.75825,-87.56635,7
JK165738,41.8968,-87.63421,2
JK225025,41.891693,-87.69005,4
JK167367,41.84086,-87.62685,2
JK226255,41.943317,-87.81356,0
JK155949,41.852505,-87.65555,4
JK175721,41.79228,-87.6224,5
JK221948,41.96156,-87.75359,0
JK183915,41.655365,-87.605125,6
JK179624,41.736847,-87.563644,7
JK235624,41.896553,-87.77364,0
JK188682,41.9191,-87.71794,0
JK148367,41.782806,-87.690315,3
JK144963,41.799553,-87.58811,5
JK208328,41.737453,-87.643394,5
JK186813,41.774067,-87.6273,5
JK145441,41.82965,-87.61445,2
JK205788,41.984623,-87.83658,0
JK173168,41.727432,-87.610565,7
JK193658,41.87178,-87.71389,4
JK189629,41.882275,-87.72083,4
JK223251,41.732033,-87.60826,7
JK206877,41.862923,-87.708916,4
JK144707,41.772766,-87.57526,7
JK197936,41.82625,-87.60986,2
JK228804,41.69046,-87.61331,6
JK148016,41.875797,-87.75163,4
JK182674,41.873787,-87.69742,4
JK224417,41.906994,-87.706924,0
JK140868,41.95422,-87.72923,0
JK223834,41.9673,-87.707214,1
JK157235,41.816135,-87.61978,2
JK165775,41.93858,-87.76583,0
JK229250,41.83885,-87.60988,2
JK169293,41.817604,-87.598015,2
JK234283,41.770943,-87.5699,7
JK159429,41.776707,-87.60998,5
JK153706,41.866604,-87.686646,4
JK216660,41.75913,-87.6333,5
JK196443,41.77778,-87.77567,3
JK180845,41.881977,-87.73143,4
JK164007,41.809017,-87.72852,3
JK170110,41.886665,-87.76509,0
JK148168,41.94234,-87.77637,0
JK192807,41.910378,-87.631874,2
JK207169,41.894028,-87.74921,0
JK224239,41.76199,-87.56482,7
JK143989,41.744297,-87.54668,7
JK173654,41.881123,-87.76489,0
JK235288,41.737495,-87.61617,7
JK224238,41.90504,-87.749596,0
JK209016,41.68096,-87.644455,6
JK213954,41.793533,-87.675934,3
JK219569,41.874893,-87.75139,4
JK235098,41.844063,-87.705025,4
JK147403,41.97537,-87.7459,0
JK222153,41.84682,-87.6473,2
JK194682,41.936337,-87.65071,1
JK189329,41.935738,-87.7664,0
JK188622,41.77907,-87.6156,5
JK143631,41.653652,-87.615814,6
JK208879,41.77239,-87.69931,3
JK162720,41.805992,-87.670975,3
JK141189,41.884686,-87.76667,0
JK206057,41.682495,-87.626755,6
JK223500,41.75836,-87.61768,5
JK217116,41.68806,-87.650764,6
JK231962,41.81073,-87.60172,5
JK156549,41.942276,-87.641014,1
JK167870,41.91035,-87.68509,4
JK179171,41.871338,-87.62592,2
JK201701,41.962944,-87.77711,0
JK218775,41.869183,-87.672195,4
JK165061,41.888355,-87.75046,0
JK221352,41.968746,-87.67992,1
JK151000,41.89222,-87.60468,2
JK156835,41.799503,-87.592285,5
JK231037,41.92528,-87.7219,0
JK227271,41.889313,-87.627014,2
JK233127,41.78131,-87.60595,5
JK214004,41.820908,-87.60497,2
JK146583,41.84301,-87.62041,2
JK151294,41.945602,-87.64349,1
JK236019,41.87804,-87.63994,4
JK210795,41.779736,-87.60718,5
JK203164,41.91086,-87.65199,1
JK165012,41.87832,-87.71176,4
JK165932,41.881886,-87.64006,4
JK227966,41.944004,-87.66757,1
JK151544,41.91805,-87.68497,1
JK217320,41.77312,-87.566635,7
JK196804,41.882168,-87.65205,4
JK173169,41.948997,-87.65723,1
JK204377,41.79593,-87.60123,5
JK178287,41.747337,-87.72306,3
JK234045,41.72917,-87.554565,7
JK205437,41.968765,-87.68866,1
JK191258,41.791107,-87.69739,3
JK186916,41.879383,-87.634125,2
JK225186,41.852505,-87.71624,4
JK150944,41.881886,-87.64006,4
JK214389,41.779793,-87.63183,5
JK151121,41.654984,-87.55078,7
JK155335,41.895515,-87.710526,0
JK164792,41.840748,-87.68527,4
JK228921,41.755966,-87.65328,5
JK154090,41.778824,-87.65691,5
JK222496,41.837887,-87.71949,4
JK141730,41.88247,-87.627846,2
JK143847,41.77001,-87.64454,5
JK194623,41.881184,-87.68485,4
JK207150,41.738804,-87.65463,6
JK231963,41.76615,-87.58681,7
JK185818,41.8238,-87.61976,2
JK221203,41.891693,-87.62615,2
JK219123,41.899067,-87.66737,1
JK147115,41.788525,-87.62231,5
JK141838,41.765812,-87.6047,5
JK211587,41.691437,-87.64236,6
JK149877,41.788986,-87.74148,3
JK190806,41.73309,-87.55271,7
JK176804,41.907154,-87.63968,2
JK207730,41.88556,-87.65365,4
JK176203,41.736954,-87.54583,7
JK145765,41.796215,-87.72324,3
JK216380,41.962032,-87.6459,1
JK234784,41.756935,-87.67089,5
JK146773,41.856636,-87.69437,4
JK158920,41.877823,-87.738525,4
JK193033,41.827065,-87.62167,2
JK158706,41.89609,-87.721214,0
JK206083,41.87856,-87.7482,4
JK200432,41.925594,-87.63991,1
JK184225,41.774307,-87.60336,5
JK183442,41.89555,-87.70709,0
JK222502,41.871532,-87.74493,4
JK140728,41.921097,-87.78171,0
JK213258,41.700844,-87.64386,6
JK213691,41.76166,-87.558235,7
JK143608,41.863895,-87.72145,4
JK161798,41.794827,-87.580444,5
JK177616,41.85774,-87.66128,4
JK226219,41.747658,-87.55646,7
JK205879,41.967865,-87.671,1
JK163519,41.977226,-87.655014,1
JK147722,41.880913,-87.681526,4
JK169357,41.979836,-87.7684,0
JK166412,41.851437,-87.64646,2
JK174720,41.90054,-87.63216,2
JK212440,41.931526,-87.64371,1
JK211899,41.882217,-87.6777,4
JK225227,41.776917,-87.67264,3
JK172807,41.885002,-87.72579,4
JK172663,41.75808,-87.55922,7
JK225842,41.7874,-87.62335,5
JK237941,41.861294,-87.64674,2
JK188169,41.91078,-87.71496,0
JK206644,41.784733,-87.646126,3
JK222771,41.902912,-87.76811,0
JK185054,41.89892,-87.67959,4
JK151574,41.99705,-87.65703,1
JK235837,41.99759,-87.69795,1
JK157190,41.721626,-87.62449,6
JK201060,41.85792,-87.62059,2
JK235659,41.893646,-87.71448,0
JK208376,41.732098,-87.664474,6
JK194730,41.88663,-87.65999,4
JK154887,41.88083,-87.75263,0
JK186527,41.891403,-87.62806,2
JK184420,41.872807,-87.62596,2
JK203929,41.87295,-87.689316,4
JK145230,41.82005,-87.60495,2
JK210276,41.88214,-87.77231,0
JK158902,41.91912,-87.756004,0
JK192925,41.765285,-87.57709,7
JK184594,41.880993,-87.73794,4
JK205299,41.997887,-87.68044,1
JK220531,41.90988,-87.765564,0
JK146790,41.877823,-87.738525,4
JK194030,41.766804,-87.60562,5
JK189271,41.924126,-87.7548,0
JK172813,41.901276,-87.7533,0
JK190084,41.88986,-87.754196,0
JK209276,41.92877,-87.70666,0
JK228728,41.695553,-87.61345,6
JK230338,41.95421,-87.6749,1
JK181082,41.91139,-87.751656,0
JK191717,41.88243,-87.627846,2
JK189912,41.874126,-87.63362,2
JK196111,41.769886,-87.66639,5
JK144746,41.74748,-87.614075,7
JK221599,41.891693,-87.76201,0
JK235031,41.87961,-87.709625,4
JK208712,41.89601,-87.63716,2
JK179886,41.868835,-87.6861,4
JK177745,41.978992,-87.65994,1
JK202509,41.955437,-87.67965,1
JK193346,41.977993,-87.79025,0
JK180679,41.786224,-87.65103,3
JK141848,41.86975,-87.64011,2
JK147909,41.784786,-87.61897,5
JK206874,41.75828,-87.56272,7
JK219487,41.841473,-87.6292,2
JK160233,41.77344,-87.659195,5
JK180885,41.861725,-87.62081,2
JK219239,41.852543,-87.727875,4
JK226500,41.747013,-87.60384,7
JK171690,41.821907,-87.69335,3
JK222065,41.808575,-87.66826,3
JK173114,41.921677,-87.73281,0
JK209252,41.989227,-87.693275,1
JK217802,41.90216,-87.76451,0
JK188891,41.705833,-87.53046,7
JK221344,41.8983,-87.675896,4
JK233007,41.936146,-87.705086,0
JK161387,41.97402,-87.6935,1
JK199607,41.887966,-87.63479,2
JK163854,41.80521,-87.58579,5
JK228427,41.938595,-87.649574,1
JK175971,41.802143,-87.67332,3
JK174050,41.902443,-87.74038,0
JK227316,41.749477,-87.55043,7
JK180791,41.786274,-87.70164,3
JK222601,41.93526,-87.709946,0
JK204919,41.941414,-87.64445,1
JK216970,41.92982,-87.65376,1
JK195649,41.883083,-87.773315,0
JK181025,41.87256,-87.72396,4
JK170920,41.92119,-87.77441,0
JK189788,41.77143,-87.71901,3
JK178569,41.92086,-87.648605,1
JK241874,41.83401,-87.63522,2
JK154293,41.885887,-87.627945,2
JK193048,41.911964,-87.775314,0
JK219573,41.70125,-87.61238,6
JK183947,41.90239,-87.62717,2
JK180930,41.788986,-87.74148,3
JK159568,41.908092,-87.774345,0
JK206461,41.7116,-87.64661,6
JK167066,41.88771,-87.61714,2
JK140612,41.868534,-87.66238,4
JK168938,41.89413,-87.72115,0
JK193348,41.93888,-87.742744,0
JK230076,41.997326,-87.657036,1
JK149906,41.76058,-87.58766,7
JK193299,41.76829,-87.62824,5
JK228935,41.977226,-87.655014,1
JK228892,41.884228,-87.65133,4
JK209847,41.998,-87.67465,1
JK165663,41.802288,-87.66967,3
JK193178,41.692745,-87.61277,6
JK198400,41.737774,-87.69087,3
JK167634,41.893433,-87.661415,1
JK210770,41.750492,-87.654305,5
JK162595,41.86929,-87.66477,4
JK211248,41.75894,-87.5705,7
JK143495,41.678955,-87.657776,6
JK171904,41.99074,-87.67588,1
JK210306,41.726795,-87.65474,6
JK192353,41.76242,-87.68318,3
JK169436,41.72154,-87.63756,6
JK188746,41.999683,-87.681755,1
JK149462,41.86975,-87.64011,2
JK200706,41.886368,-87.75651,0
JK144234,41.745815,-87.60333,7
JK203240,41.76552,-87.57629,7
JK225382,41.750862,-87.60033,7
JK202760,41.89539,-87.723946,0
JK227926,41.78329,-87.651306,3
JK144788,41.886494,-87.69999,4
JK201929,41.94334,-87.64332,1
JK178786,41.802376,-87.66846,3
JK175745,41.87658,-87.74514,4
JK171097,41.756634,-87.56148,7
JK207478,41.885033,-87.62448,2
JK213038,41.72167,-87.62801,6
JK199536,41.880444,-87.62436,2
JK220873,41.8282,-87.626495,2
JK193585,41.927845,-87.79905,0
JK188718,41.829018,-87.63919,2
JK169623,41.934723,-87.70872,0
JK188944,41.965424,-87.65536,1
JK224545,41.872963,-87.75366,4
JK161739,41.854034,-87.674355,4
JK202290,41.740917,-87.631966,5
JK149972,41.847046,-87.72096,4
JK220427,41.866234,-87.72052,4
JK167950,41.950928,-87.73077,0
JK191972,41.744183,-87.543045,7
JK169504,41.8815,-87.66393,4
JK166921,41.785122,-87.60603,5
JK162674,41.92383,-87.69942,0
JK229946,41.98251,-87.673,1
JK237022,41.977837,-87.6804,1
JK233991,41.900562,-87.63057,2
JK204275,41.968876,-87.71827,1
JK219887,41.880775,-87.62703,2
JK204955,41.870144,-87.75589,4
JK158041,41.909286,-87.687195,4
JK209764,41.95862,-87.672325,1
JK196976,41.882496,-87.62438,2
JK197080,41.87987,-87.685104,4
JK172702,41.727528,-87.58035,7
JK141008,41.7964,-87.72325,3
JK161561,41.785965,-87.72112,3
JK188019,41.9191,-87.71769,0
JK197350,41.804207,-87.594185,5
JK223939,41.806923,-87.616264,5
JK174044,41.742588,-87.57027,7
JK194460,41.82493,-87.6192,2
JK207226,41.874607,-87.68868,4
JK152284,41.927387,-87.80637,0
JK208524,41.7943,-87.64577,3
JK154343,41.79689,-87.60277,5
JK230787,41.705887,-87.720215,6
JK157174,41.91882,-87.63458,1
JK213395,41.702656,-87.6427,6
JK234776,41.771877,-87.6543,5
JK155077,41.776917,-87.703094,3
JK142288,41.82693,-87.62772,2
JK197009,41.86617,-87.654945,4
JK211450,41.956272,-87.645744,1
JK215035,41.967297,-87.65367,1
JK142119,41.92767,-87.76299,0
JK212632,41.92508,-87.67374,1
JK202414,41.790543,-87.61749,5
JK233292,41.980038,-87.690544,1
JK178523,41.900154,-87.73115,0
JK206638,41.73667,-87.60307,7
JK159963,41.88103,-87.700584,4
JK191005,41.995125,-87.65837,1
JK227814,41.949715,-87.6544,1
JK183329,41.86822,-87.66405,4
JK182032,41.649487,-87.53503,7
JK175361,41.96774,-87.77083,0
JK181167,41.786488,-87.72298,3
JK163191,41.90465,-87.76938,0
JK235596,41.758175,-87.549934,7
JK181991,41.923935,-87.76872,0
JK154237,41.806667,-87.61551,5
JK192281,41.96409,-87.77047,0
JK173896,41.88183,-87.64355,4
JK172228,41.863377,-87.65964,4
JK194005,41.963436,-87.71811,1
JK225196,41.75623,-87.562675,7
JK212208,41.96841,-87.71261,1
JK140567,41.872746,-87.70912,4
JK233484,41.838993,-87.651505,2
JK181589,41.879498,-87.62696,2
JK192655,41.76867,-87.62177,5
JK195900,41.934383,-87.736885,0
JK182969,41.755283,-87.70167,3
JK161217,41.844345,-87.65737,2
JK209022,41.78141,-87.72132,3
JK169116,41.798683,-87.661064,3
JK197559,41.92518,-87.74725,0
JK177209,41.790882,-87.63207,5
JK161274,41.941086,-87.64774,1
JK160924,41.866146,-87.68603,4
JK159860,41.89547,-87.71549,0
JK235681,41.69753,-87.61961,6
JK159111,41.773693,-87.62839,5
JK216500,41.72095,-87.550064,7
JK156837,41.90595,-87.74949,0
JK222561,41.85845,-87.71032,4
JK175080,41.930946,-87.78896,0
JK170901,41.88035,-87.73302,4
JK218872,41.77774,-87.63176,5
JK209385,41.856735,-87.67718,4
JK150015,41.812065,-87.61967,2
JK198780,41.996704,-87.68863,1
JK155313,41.750954,-87.68287,3
JK158927,41.739098,-87.64492,5
JK198071,41.773006,-87.575264,7
JK156148,41.945866,-87.767914,0
JK162652,41.766613,-87.67476,5
JK205837,41.893276,-87.62778,2
JK227044,41.869717,-87.62412,2
JK168947,41.799324,-87.723335,3
JK175815,41.875156,-87.66791,4
JK156098,41.847103,-87.71609,4
JK220463,41.887733,-87.76544,0
JK194254,41.968765,-87.68866,1
JK146284,41.77338,-87.58214,7
JK172129,41.877636,-87.735374,4
JK182836,41.88183,-87.74415,4
JK214482,41.700333,-87.563194,7
JK203919,41.68423,-87.64607,6
JK190558,41.79981,-87.72335,3
JK171233,41.762974,-87.58237,7
JK223722,41.819016,-87.703,3
JK193522,41.98776,-87.690796,1
JK217555,41.759792,-87.59083,7
JK160305,41.777813,-87.77424,3
JK190896,41.749214,-87.619286,5
JK229103,41.73667,-87.558334,7
JK200170,41.88238,-87.698784,4
JK149519,41.83981,-87.61714,2
JK212350,41.89284,-87.61772,2
JK196682,41.729317,-87.63194,6
JK143361,41.756058,-87.65469,5
JK200910,41.878574,-87.63374,2
JK164693,41.79472,-87.58394,5
JK147748,41.699,-87.61476,6
JK171028,41.923573,-87.79851,0
JK164870,41.72194,-87.57899,7
JK222235,41.692204,-87.65532,6
JK183843,41.89294,-87.63263,2
JK231997,41.89601,-87.62428,2
JK188858,41.82308,-87.64105,2
JK192774,41.84918,-87.711266,4
JK202199,41.943672,-87.645775,1
JK221297,41.79342,-87.710075,3
JK163289,41.874725,-87.745056,4
JK164340,41.903683,-87.64524,2
JK172622,41.884468,-87.74413,0
JK150746,41.747166,-87.60022,7
JK193278,41.885742,-87.62967,2
JK142998,41.783127,-87.608444,5
JK230402,41.895004,-87.62153,2
JK201593,41.886574,-87.755295,0
JK169045,41.917652,-87.697205,0
JK163392,41.891434,-87.74233,0
JK220519,41.7936,-87.669876,3
JK175583,41.98818,-87.65533,1
JK209261,41.80542,-87.72597,3
JK156772,41.928585,-87.65317,1
JK153586,41.93775,-87.759766,0
JK230654,41.736446,-87.556946,7
JK150859,41.87139,-87.661705,4
JK183773,41.866673,-87.7252,4
JK227612,41.736347,-87.58564,7
JK213922,41.789616,-87.691246,3
JK193154,41.754593,-87.74153,3
JK195110,41.903305,-87.67007,1
JK183990,41.777634,-87.61556,5
JK157016,41.69729,-87.612274,6
JK199395,41.853794,-87.619064,2
JK174359,41.772514,-87.60819,5
JK161333,41.81241,-87.723755,3
JK147458,41.763626,-87.56018,7
JK218213,41.856297,-87.62229,2
JK201880,41.910816,-87.654564,1
JK189035,41.884483,-87.623215,2
JK193259,41.777996,-87.64048,5
JK155515,41.89934,-87.69074,4
JK223947,41.79376,-87.78063,3
JK187203,41.888657,-87.74924,0
JK160651,41.942276,-87.688255,1
JK169315,41.940556,-87.67256,1
JK163595,41.913105,-87.71503,0
JK165955,41.956726,-87.7228,0
JK142607,41.915592,-87.643585,1
JK186107,41.916424,-87.715126,0
JK228598,41.722363,-87.584045,7
JK222857,41.980907,-87.778076,0
JK169169,41.868034,-87.63921,2
JK228242,41.705605,-87.65816,6
JK153463,41.71852,-87.644356,6
JK194461,41.88224,-87.765335,0
JK195099,41.853127,-87.71918,4
JK173317,41.892895,-87.706474,0
JK162521,41.846436,-87.696495,4
JK228267,41.892456,-87.629074,2
