tSNE1,tSNE2
-53.719093,31.086323
-11.599191,-11.049439
-19.570316,-60.778744
25.681234,-57.075603
-21.66532,43.017426
55.98352,-53.125168
47.31848,-0.39942953
25.331057,-64.13723
-39.039463,14.532735
57.076763,-28.08761
-36.40851,-33.632538
-41.343815,-48.85907
22.69035,14.60126
22.821228,-57.153206
72.20326,-8.160089
8.160076,47.12374
-50.852722,27.140612
-4.021167,38.113205
-4.7119718,-17.548176
20.960121,-55.457714
12.938309,-4.5475783
-9.976109,-28.857462
40.348587,45.587154
-70.70778,-6.813326
-73.95636,17.28538
-40.385418,13.455198
-47.031284,6.1201916
-12.212012,-52.420715
2.0421305,75.32902
37.773964,2.0868676
56.912018,-37.047924
-22.656828,60.36299
30.800697,-16.798288
-2.624546,51.501682
1.0543629,64.39431
-33.27975,-40.38433
53.03479,10.303318
16.072903,-63.79959
-44.022083,19.842773
8.136161,65.909355
-30.802889,-33.934433
-20.099796,-53.75577
11.456635,68.02183
63.958782,4.1615124
40.376328,41.42287
2.0182004,43.802017
77.358284,-5.6141844
-33.953236,14.189789
35.326504,-3.915598
69.842186,1.5789398
12.657153,47.172604
14.358738,51.17529
-71.04105,14.126674
21.52686,59.759945
36.625175,-30.811462
-19.895878,60.38263
-26.322557,-49.5188
-6.2443495,-52.971436
52.98331,-42.327652
59.142326,-40.286053
63.28014,5.6163044
5.9728203,68.65025
-17.78347,-60.52189
-39.25453,-33.515472
26.21052,30.61377
-4.581315,7.445919
18.951181,-67.45875
26.2665,-56.17969
57.53101,-46.426563
-2.50817,11.766621
1.1192677,52.80375
35.179764,40.39421
-64.56479,6.284621
-34.930805,22.295246
41.285328,43.263725
54.641937,7.611848
-13.906392,-10.557568
31.942379,26.816645
-13.506052,-23.891443
-37.21754,-28.667576
53.189163,-44.497963
-20.459156,-52.067566
17.754694,52.02514
37.854782,38.5788
-5.7085824,70.95326
-50.949104,3.7653084
-54.806667,17.41057
-21.894287,61.20777
53.347095,-31.336039
-29.145334,-40.354477
50.033096,-43.44035
-68.62237,13.324602
-9.1356,-42.554756
6.9931107,62.160824
43.72391,4.768959
-0.27011147,8.914869
57.9803,-52.28117
60.82726,-46.238422
-60.712627,-7.8870735
76.86947,-4.255792
-73.654366,-2.5525413
-67.57685,-1.4159539
-3.0086234,-6.2251554
-7.917545,-45.07076
-47.30114,24.74309
-57.646935,20.5356
69.89535,-4.660837
71.00783,0.5142226
-22.751749,-0.50218713
20.650734,9.073072
-51.332016,2.2674356
31.98011,-19.576424
55.67006,-43.69614
-53.001556,20.648565
-0.7304132,69.29449
-6.4865513,68.59066
59.413464,-7.564617
-63.468258,21.630621
21.356556,-26.538689
8.317263,64.312744
-15.299567,-11.466325
-60.2666,-7.662426
37.593735,-27.902748
-18.939995,4.646615
-70.73329,-1.445487
0.7216448,8.367342
35.269165,25.715921
27.616678,-61.700092
-36.317585,-51.514114
40.712727,41.437653
-16.69911,-8.346089
-5.77255,-53.328304
42.496685,35.314198
-58.369877,-1.656282
-73.80828,0.90690917
-42.489155,-50.42344
42.37099,-2.963714
24.045609,-63.515858
23.285873,-57.135548
33.626606,-11.45311
31.607655,24.833319
34.72063,43.174892
58.19064,-38.91875
25.410444,14.013867
-19.897768,2.9118629
68.43193,5.5089626
42.584373,-17.60437
6.0501986,43.140728
28.22721,-26.521534
-20.179358,-51.756504
21.772427,-66.00485
72.946266,-0.24154757
-1.8893757,40.209248
-25.546799,-52.143574
-33.47374,8.303391
-48.002567,0.22550954
7.32308,70.37215
12.901159,0.8957975
9.659463,-53.07911
-7.938461,-3.8055892
-13.554871,-26.939137
23.779333,17.562685
65.7687,3.7682426
59.219494,-9.799249
33.705856,-26.539091
-37.93511,-40.253124
78.10754,-4.6532764
-18.687243,41.839745
-26.985151,44.447155
74.79397,-7.683126
-61.74211,1.6069263
22.718128,14.33985
56.705593,-40.549477
36.687454,37.866837
-11.830556,-8.468281
-15.4556265,-0.5898639
-36.553017,-37.952904
10.705753,-50.09307
-44.038334,32.71714
44.538803,1.6083721
-21.472551,-48.321133
44.454575,-3.9810781
37.354275,-16.388374
-29.644135,-44.52825
-4.8947935,40.503418
-56.235558,-8.629483
18.159206,-5.2018766
48.580807,-38.62137
58.791767,-12.194574
-8.048139,55.38361
62.212,-50.076786
-16.58011,43.03231
22.507263,-47.73098
-3.4363813,-10.168575
-52.209286,1.7344321
38.572132,19.01354
-15.078805,-1.0415092
15.101745,-28.527319
-58.294582,10.391593
-44.42445,22.930567
-40.04031,-9.133586
5.985203,21.077301
-22.14346,37.775097
-63.94068,10.122022
-0.8601549,68.337715
-3.749709,67.68865
45.91211,-19.817087
31.918367,12.837165
9.3632345,-61.539547
1.423273,58.39105
-57.78997,12.299096
-2.726169,2.8721511
-2.429098,41.922646
31.375237,29.516375
11.048527,-58.078506
-19.215961,-50.67407
-63.15799,-2.6270003
33.78283,-11.678282
-37.170063,19.769207
-26.005327,-51.99498
11.790784,43.160393
-10.6518545,17.789349
19.25332,-48.607166
36.711235,-13.175277
75.60062,5.0642037
9.405515,65.704414
12.592079,-55.696682
16.282274,61.174084
-66.346756,-14.039348
21.419477,-48.666103
78.95272,-2.6720383
43.422318,42.917156
-12.178491,9.323455
12.475987,-59.204613
53.632786,12.417075
47.203247,-44.21364
78.13983,-6.2118645
-0.15655449,68.80283
-25.243866,-48.709484
-39.606724,-50.547173
12.195903,-59.297195
59.008476,-37.494717
-9.861915,45.934776
-37.317726,-4.3844633
-65.62576,8.790732
-17.11666,61.923573
30.55252,8.163794
47.970905,-35.32217
42.69096,-20.579514
5.2153287,15.7632675
4.3150606,-21.11616
-38.207474,-51.666317
80.2898,-7.040328
-2.974312,-6.0075893
-28.828873,-59.869987
-59.43282,19.859444
59.23719,-10.062337
60.82724,-46.236675
-59.610233,-8.3059
12.026377,72.053
60.265976,-39.589455
65.178024,-5.944617
-6.292668,16.562765
66.22452,-14.680609
-69.65405,14.900836
-21.085752,-54.912403
12.122123,-48.442352
18.545965,-0.24264719
-34.04422,14.293738
-20.41775,-45.137978
-39.63297,1.8464519
-9.919542,64.15587
-42.706516,-46.011024
2.22896,75.162994
34.611618,29.464575
8.706835,-0.52700424
72.15917,-9.7837305
-0.9025083,-20.917383
-17.015848,-54.77159
-53.981583,-10.576356
55.01781,6.825748
-4.4210587,-5.3001294
9.440487,-61.232605
17.49075,-56.48368
-65.028885,24.548716
-14.495119,17.419298
-42.68917,10.8338995
-39.64857,-50.615734
-42.00368,30.681063
-6.93904,37.04508
60.94107,-42.785328
-41.29639,2.0459116
53.261936,-31.957989
-4.303992,-10.922099
74.19874,2.8022335
46.89018,-50.90579
32.982536,14.990079
27.071314,-31.792461
37.1329,-15.614793
16.357712,-47.77498
-17.020552,-61.825546
4.428849,52.684563
11.367644,68.05422
-17.279364,39.42037
2.471636,-24.263742
-40.18767,14.400236
-30.639822,-61.553024
20.104033,-30.48819
64.9189,-5.234306
-8.3735285,13.245398
58.6172,-28.887257
-0.07239453,45.969883
-1.0332363,59.28828
-26.130304,-44.781204
43.463406,2.2827618
-53.193787,13.980149
7.1011405,-52.845367
-57.81634,15.488227
1.9951388,32.92121
-8.387005,49.664097
-18.646128,33.334377
-34.491055,1.2906396
-57.729767,-5.23006
-64.4594,-5.959379
13.719271,54.12639
0.5128838,-22.802818
-31.918818,-36.58725
39.56238,36.098267
37.1089,28.025705
8.511829,65.4377
20.034292,-54.39987
61.133026,-41.37062
71.05618,2.2946248
-12.342489,9.14854
15.446897,-8.835392
44.51874,39.223152
31.40784,39.85218
76.3288,-8.451598
-26.689686,-52.7673
-19.519169,-44.895084
-63.841705,24.340797
-73.913315,17.160135
-36.660572,-6.5083604
-40.859573,-42.6198
-2.7263267,44.293255
-10.433936,41.65728
7.564028,0.75443935
51.874756,10.621351
15.941254,-49.814793
-15.635517,-8.948262
19.244995,56.31304
14.388738,-48.723866
32.87074,37.61459
-59.613884,-8.40477
-64.301155,11.056646
-11.803199,56.370716
67.603355,6.620657
23.847837,-65.57191
-3.5350666,57.12417
-15.098596,-49.02292
9.449186,-58.09387
-57.518562,14.010389
10.532177,-49.100666
15.527348,-7.9959316
-17.418818,-41.0115
36.24189,-3.885982
11.473243,1.4191487
14.157011,3.175372
3.3959217,14.827681
33.46709,-14.044735
-13.812669,31.11443
-36.531723,8.629317
0.47365654,16.203709
7.8905463,46.434986
5.819548,51.758186
36.33561,34.827095
-16.792854,-54.98555
-16.653257,-56.977802
19.132048,-53.13944
-1.3331133,-18.963299
10.1613455,-54.294678
55.679363,-43.73804
-65.149124,24.51213
-28.487198,-33.595978
43.114193,4.1628046
-35.167812,-3.8840592
55.5536,-30.205938
-58.403225,13.91095
-10.515215,62.196434
10.642925,69.86
56.68468,-37.45338
-42.30645,-38.637005
-42.057842,6.276807
64.34195,-2.0615811
30.219193,29.377832
-16.701645,62.57775
-43.984764,-12.663764
-22.106989,46.18128
-27.632502,-60.457348
11.913677,-47.78892
45.91693,-45.235115
30.238594,11.227033
-7.96154,73.41702
20.753286,-54.80164
79.641525,2.982242
60.88938,-44.538647
56.348736,-45.8162
10.565679,43.285202
-11.677007,61.382732
-5.5894256,-7.1614895
-19.117887,-57.2848
-52.31047,22.742796
-4.5391955,4.9219995
-11.7405615,60.236256
-41.324295,18.768005
-5.172885,-2.1251242
43.068886,24.732683
-18.908594,-53.891205
30.672476,8.916365
-7.6526065,71.64152
38.669342,38.88976
9.082568,50.429462
-0.9582763,19.27603
12.651754,46.636757
-71.76328,1.2365185
43.41663,0.2403319
18.035282,-26.514507
-16.968456,3.312498
8.778457,70.819954
-6.463701,-0.6549259
4.6050777,53.11708
15.66079,-8.9139385
-65.31161,9.975842
-13.378877,-51.56969
73.69132,7.068947
18.986683,-51.83294
20.67025,63.096085
-21.87545,56.481384
-73.94755,17.217758
-65.9279,2.9052188
-70.08621,-6.8993063
-67.635605,-1.5113755
-25.086393,-59.427074
48.5433,9.892298
-10.040313,62.641273
60.949963,-44.50449
-20.155123,-1.3456345
-20.510979,36.653343
44.064392,35.253597
52.90443,10.199227
-37.988953,-37.219265
47.141937,-38.579445
0.29364127,-21.73179
-6.327184,-8.130368
-59.28026,-14.141354
46.56321,-46.355312
-70.04196,12.950325
-22.322666,-42.650963
50.50407,-36.23938
-61.84278,8.043978
-17.444891,-26.442049
-22.793016,-61.488842
28.174292,-6.7663393
8.337242,62.584538
-10.300929,-9.385544
-6.468413,59.07009
-54.593464,-3.9378831
-10.489266,-2.8466415
-11.275574,69.015045
-6.820564,60.116325
-51.085796,-4.4015055
60.696667,-50.63717
0.34231737,17.788937
1.65354,50.06371
-64.75431,-10.235995
31.70473,-30.316395
9.9867935,-58.712727
51.097107,-44.391575
38.890842,21.319483
24.614067,-52.803867
-2.127185,-17.769453
-14.203915,-25.693869
75.785934,7.422672
20.069096,62.827232
-40.367214,13.399519
-16.236588,-54.85561
23.844309,15.91058
-11.070519,54.96503
56.700626,-47.735718
-8.601731,65.41073
-34.427338,-31.245955
12.252245,58.27566
-65.62587,1.7916374
3.1527684,17.373045
12.818572,1.0715885
-8.079231,22.966688
-19.095354,-6.1373577
34.89118,1.1355947
58.974422,-49.42194
-16.214354,-8.153616
76.23539,-9.811729
31.195192,16.290625
4.1906934,41.95619
35.29445,-18.02615
30.638432,-34.44141
-4.3002734,48.290623
10.895133,40.464935
-55.46122,24.065542
-3.5613198,5.6138673
-20.701899,36.09684
-9.609708,19.012617
-61.79268,-14.86488
60.417732,-10.025164
28.608387,-24.940887
14.868025,58.868828
-14.455911,-11.499277
77.22188,-11.133506
-13.550099,-27.17636
-8.9757185,43.792046
-70.47591,-4.3011627
30.782787,-25.869417
-3.2622802,-21.485966
13.737339,60.68535
27.955019,14.806418
-4.611046,48.909218
-27.802395,-39.66316
32.96541,-17.33682
-62.492264,5.895323
-19.9834,-38.10493
-73.50876,12.941408
21.942997,24.225271
10.864012,-65.76061
-31.021746,-54.009403
24.439646,-47.642467
4.748274,64.10626
-22.219288,-53.515984
-30.916842,8.076658
-46.034214,34.47193
-7.2846313,-51.616085
6.2296276,21.643057
25.001144,29.992647
-19.852045,45.662666
-12.995037,58.088055
-65.27817,17.483986
64.62867,5.244802
-37.453693,14.841398
12.170868,-5.6561456
32.75864,23.004267
63.649033,-3.1244457
20.918478,0.64482063
14.366816,-48.54467
-64.90473,-5.327862
6.578519,52.17399
-13.816005,44.855927
-71.523094,14.893535
31.377005,27.453108
-21.26482,-12.306186
-57.767193,25.003435
0.682513,12.091462
71.92339,5.897424
-0.59666646,51.093983
73.95039,-6.4109526
-36.908535,-51.925472
-66.222885,-3.2141144
-11.836935,-42.432213
-36.954334,-7.2008433
-24.745852,53.154438
18.956274,-48.117756
33.338306,40.5207
-7.995972,-52.846867
25.247925,13.760251
-62.58864,20.405697
2.8514671,-24.33166
19.26458,50.621048
-37.08545,-34.064674
-7.4832263,62.14454
16.615742,-6.0631447
23.761374,26.597597
20.27562,-59.914658
22.08937,-11.086776
-5.084067,-16.477982
55.230667,-49.858974
72.815636,-7.0636253
-67.36017,-10.131999
52.10349,-44.286877
-6.4944263,-8.265556
57.0167,-38.011215
63.1688,-0.7029841
-17.769882,-11.29188
-21.496038,-48.18393
2.3047523,5.0474486
20.279535,66.341545
-0.47326842,39.51269
17.457296,63.478046
12.64954,-58.118927
33.847977,41.269352
-30.464415,-37.06515
-29.428738,-35.806263
-16.799376,61.91392
-0.860693,68.4088
-36.02538,2.3639395
34.27316,44.513214
11.373341,42.775265
-12.98616,11.202251
-22.503897,-57.956345
-16.481152,2.2278323
51.238686,5.7692637
5.8246965,61.250275
9.660971,-62.38661
1.9707084,43.820004
-11.186344,1.2462641
72.12128,9.078256
79.16754,-10.287854
-9.398238,32.924126
51.364265,-38.558018
-0.8622845,60.707798
-58.138535,-3.971003
6.2405353,12.433977
4.1611156,47.926777
-17.390745,-26.571928
-23.742334,-59.40693
10.055203,39.459126
-15.89942,39.9028
-0.06549734,53.10653
-65.99899,5.3244514
-11.900842,18.670424
20.834105,-15.128974
-8.784409,48.938625
3.9003305,35.980724
-15.948993,-13.807448
10.504034,-8.924629
-8.218191,-26.616087
66.45647,-10.241802
16.466139,64.49743
23.615438,12.75488
-61.215473,0.9078043
29.713268,9.312065
-49.350586,27.311914
-65.499374,20.2399
0.0058954554,45.281048
-43.55359,-47.63294
-59.940105,2.1527452
3.592207,76.2706
-36.149456,-42.11731
-18.100754,-51.606827
-13.571571,-10.510628
-50.395336,28.80914
-39.80685,-9.005654
-58.03709,-6.0324636
-52.652313,13.7742815
-19.039738,32.684113
-40.2953,23.285408
75.4577,-13.66332
49.00167,7.244574
12.120612,-5.6257277
6.4856815,63.385094
18.77398,50.965107
-61.641144,-2.7137787
41.17301,20.111137
71.38313,-9.124809
-38.823563,24.592178
27.361406,26.922836
36.241234,-19.712997
-32.249702,8.333062
53.9588,-40.21839
13.688658,-61.04068
14.51017,-34.84154
-33.464855,-46.32563
11.172239,51.192726
-37.61575,-42.923264
18.502537,-64.159904
39.30686,-13.607792
54.118248,-40.379345
-30.289701,-36.832317
-15.562473,35.84096
-44.805614,-48.628407
11.461639,63.841717
-44.146866,-9.067698
27.701721,-25.632435
-69.853,-2.1404586
38.402897,-16.433956
-11.435192,-55.000053
38.411057,28.066645
-29.976229,-50.597816
36.484516,40.73574
-53.932785,-10.650182
20.781584,13.281467
71.36531,9.575206
-5.979352,-18.521336
63.33386,-48.715733
-66.89967,16.765553
51.889957,-53.47182
55.143864,-49.868355
12.723585,-54.765095
-65.417046,17.158636
-59.85886,2.1474752
-2.4532068,55.174564
-10.352895,47.598156
-70.47574,-4.3012056
2.7334075,63.6345
8.6075535,70.67193
-17.737541,58.876667
-58.207745,21.327448
28.055046,-31.726095
31.341944,-0.35611922
-13.552761,-46.161823
-43.15417,-47.320175
-4.3817525,-5.7179456
-29.43904,-33.521763
64.88372,1.180021
-14.564093,52.272167
-20.287508,-37.003956
20.815722,-26.502678
49.19115,-50.970993
-2.801724,-7.0799346
-8.005626,49.534203
23.279217,-12.385394
-1.8981414,-17.74228
10.18187,-53.581158
-72.721985,1.5042346
-5.0792975,-16.431417
19.223665,-25.493872
-65.53538,3.0507658
-6.0370965,-20.47765
-49.06581,11.434791
-1.896024,51.059643
7.5462966,0.17836282
-31.92316,-50.504642
58.201244,-46.362762
48.249397,-38.599457
-57.567665,15.089434
39.623478,-20.74747
14.664641,-8.975125
-7.07003,13.681128
21.34629,-51.29725
-16.537678,3.6570706
-51.915565,4.146973
0.05888051,46.84461
-8.363394,65.076904
-15.03228,55.35118
-14.693617,61.662888
-49.050793,12.642987
-10.013154,10.255512
68.81075,0.95007557
70.20928,-0.21289937
71.4246,4.128126
71.04544,-0.076156095
6.15491,-53.57759
5.979712,68.25927
-41.57731,30.611797
9.805326,0.8585754
1.2045667,-16.34944
-8.423531,73.723595
14.157915,65.00462
0.5686654,32.525135
11.805342,43.043663
-8.278628,68.8601
-7.4349427,-47.094418
15.4266205,63.79774
72.15465,9.846089
31.986284,-19.487972
-72.05149,0.17770056
-3.588832,42.82209
-30.725132,-29.850105
0.3806876,5.058221
15.553301,54.622852
5.3979197,38.571613
21.31294,-50.433475
0.07846254,-17.535444
31.84562,42.373917
-25.187214,52.190845
66.03905,7.771114
-19.499454,-47.273907
-46.029644,-6.4208302
1.1409421,16.18136
39.573025,22.056423
57.82403,-46.543774
23.572104,11.1560335
50.241684,-43.451195
4.09397,52.697224
19.223017,58.01303
28.297628,-26.635754
76.05379,-5.9051313
-36.432793,9.129544
21.205982,-30.866776
23.987232,27.082762
45.22322,-4.8237495
-44.026768,26.581257
46.339756,-47.013824
40.216778,-17.011564
-11.250573,-6.5443907
-14.385853,17.844315
20.335796,-58.680294
-6.7335215,-46.530876
20.164707,-49.723423
-35.736244,-32.976624
-16.832289,-41.744785
36.476376,-14.000045
-43.67061,-3.8017344
16.91157,-36.978172
51.602943,5.354684
-25.828218,-27.154726
47.02225,34.366135
-34.832706,0.014913067
-58.807903,22.863306
-62.94216,-4.148753
-9.533091,47.81948
-1.7048774,-7.7775702
73.41404,-4.0502377
24.039614,-14.666706
25.8233,15.896985
51.174145,6.5128813
43.41141,43.21624
-34.284874,-39.590034
-47.86983,-3.858514
67.871025,4.1226635
-5.1845922,-16.263649
5.3432374,50.897312
19.908754,61.394627
-22.29132,0.45242354
-62.09983,-3.274775
-49.680695,0.6744484
-24.661324,-42.393
-20.683681,58.922405
26.317204,38.10842
38.8168,18.614351
9.509996,41.672707
-51.361153,28.851597
11.262907,72.5301
6.4023113,63.798927
-53.143604,31.284922
39.373055,24.856491
-2.0744762,35.371315
29.713379,22.896675
-73.92403,13.278276
47.920692,-0.17879128
0.21086714,8.176617
-34.914288,-31.071556
-30.501253,-48.43737
-42.78327,13.469407
0.7395739,51.79191
9.816376,47.581486
6.202698,18.695034
55.775227,-48.85958
2.0896711,75.252495
44.380634,37.16209
13.314898,-47.518238
-22.727968,-56.879288
62.082905,-50.500202
65.71133,-11.910745
42.55206,41.13706
-39.057182,-43.87871
25.10887,16.955647
-41.44353,17.952898
6.8716455,62.64684
-17.641718,47.750057
-68.40949,-4.705668
-8.047788,14.583178
-39.701717,-33.71875
58.970234,-33.829086
-55.410618,24.17902
9.61635,-60.883987
-5.1752954,-45.491943
25.451912,-63.162163
17.226276,-55.098824
22.096886,-47.933483
19.341463,0.1886497
-48.709534,-9.973928
28.668747,13.554211
3.8780017,20.37111
22.568878,-11.187618
-55.837597,-4.5157566
9.679933,70.88378
71.72859,3.3278134
-52.282288,28.312548
-38.540947,14.514573
32.76793,37.72782
18.635923,-35.79688
-6.0250616,-20.685678
44.279594,-4.3762217
63.102764,6.401493
-21.666523,43.016106
-6.958393,-46.372883
4.4150095,17.533545
-72.62895,3.1091049
-12.195216,11.411198
21.66151,-27.091463
76.74869,-4.3332043
-45.46427,6.3078938
4.524024,71.3039
69.907135,1.762181
-50.102726,17.417994
-27.46235,-29.395412
-21.842178,52.06248
-64.85259,-7.8739405
2.762554,35.677494
43.693607,42.343925
-15.4750395,-55.335224
10.698793,-56.90725
-11.963728,10.933202
24.250994,-10.481177
33.88971,-26.677462
33.23181,-14.9851885
37.204536,-29.243227
-23.17281,-3.8487995
-26.740229,-46.168343
28.961123,-31.680655
15.57371,63.743477
53.289894,10.336454
-19.959105,-1.8818614
19.587046,-12.793796
23.544985,-47.755
-25.887293,-32.202118
3.4947484,8.912421
51.36099,-52.03195
-38.590073,9.74546
42.348106,21.04161
-48.990406,26.562107
6.3686795,52.252922
-19.366999,-45.402443
-19.598827,-5.90974
77.33693,5.8523297
-48.87021,25.181688
16.57124,-65.031815
-19.740713,59.184036
73.07045,1.5534874
-33.1764,-47.64427
-21.904938,-43.04536
-45.621243,25.890001
-7.8728485,12.08857
6.899207,50.893612
-56.662323,-13.789977
18.327765,13.272172
-31.186798,-46.39989
62.834312,-3.223437
-44.46623,5.850642
25.651554,-22.994406
50.913727,-52.202423
39.549072,37.280674
15.650065,-51.829014
12.013437,-5.623724
-3.0255349,61.561745
58.38266,-51.02422
-26.220755,-48.593983
40.30765,40.693047
18.432178,-31.547043
17.284445,-65.73729
43.129528,25.06387
-63.65733,21.855646
79.008125,-12.840535
-61.548813,-8.876022
79.77497,-11.260897
37.595753,-12.880832
-61.69911,-5.1423464
-10.208682,65.79724
-72.00174,14.925388
-0.6281066,6.9240246
-67.50926,1.9716842
13.522735,-10.40273
-30.743643,-47.666565
-5.0502443,37.553474
-11.400525,52.970837
45.496445,-38.660553
-35.3345,22.303104
-1.6701565,2.7316537
43.874622,2.8989034
3.1694345,39.018066
-2.9650702,67.90876
59.19768,-35.783512
-51.022755,-4.5100083
-46.745926,19.340977
41.62847,26.267267
47.914295,-49.24201
-9.258475,7.9802127
78.08577,-6.8086796
-19.157295,-14.311278
-0.77902794,60.367172
-48.484142,-9.777617
82.34985,-7.6020284
17.035563,-66.54157
-47.086098,-47.78464
7.881194,48.376152
76.54319,-7.2094607
39.300423,41.30195
48.807995,7.890399
42.824387,39.853085
-54.295517,30.508024
42.72449,28.5334
15.066635,-62.053513
18.461805,54.89713
-0.20619293,49.53357
-11.9815445,-43.820312
-44.558544,-4.756157
25.437841,-9.592358
-35.51972,-34.785316
20.39849,-54.472492
-66.27733,-3.541293
-17.460745,61.547855
-29.12496,-40.273663
-20.415295,54.892746
46.265987,-48.279644
-69.3597,-7.863795
-30.599785,-41.58753
-12.184019,57.69324
-37.96964,-46.791367
-36.148643,19.933651
-7.3082533,71.735016
36.610428,-12.201899
-55.28094,30.386301
-61.659588,0.30671948
-11.481679,-10.792901
-42.110157,28.232958
20.186083,66.22087
30.369595,8.048034
37.71132,-13.190186
28.31786,7.2180977
-59.113976,10.538756
-35.674473,16.074667
1.198768,10.829345
-61.137066,-4.656187
71.55499,-1.3313495
-43.032024,-8.284201
9.195893,-56.449017
-64.77745,-11.73477
-42.32286,20.516376
-19.47741,-53.229645
11.007,41.869495
0.07666471,51.522194
-30.209816,-50.534435
-41.483116,1.8721058
61.136196,-42.68894
-62.43421,8.989344
73.76257,7.038866
-40.42032,27.745583
31.362696,13.556766
-29.439093,-55.529118
-0.94958526,63.178917
-36.832367,-3.2749834
-42.70715,-42.566055
-43.53545,-39.282394
2.151325,52.892864
-4.0976667,74.29338
-37.86128,-40.33001
58.86721,-35.304317
29.028547,11.9417305
-60.79653,15.5536785
-62.911205,-3.8677142
-42.450462,-7.7201962
-17.56787,47.880318
-14.432192,-58.363487
-18.20495,-55.273193
15.449349,-51.999527
6.957385,39.927876
-6.6600637,43.415005
-38.961002,-5.0862346
15.925842,-63.188465
31.38468,0.7325058
-28.632275,-49.132515
-0.27759835,52.658165
-64.97664,-7.044928
-49.253223,17.323608
56.166836,-36.897404
24.493706,14.038647
63.64393,-40.470062
-30.597832,-60.151375
-5.591281,38.04865
-39.86891,-8.0896225
31.088068,-30.303833
9.944116,40.33632
59.142708,-35.471073
-44.662693,-5.2220144
-13.11484,-10.811797
67.34391,-4.0886984
-8.775294,-10.735034
-48.05616,5.7433033
-52.059776,-7.013168
-51.9642,31.445065
-37.582943,-2.2975383
49.081093,-51.167538
-37.277313,-49.499393
43.407475,-47.725418
66.171036,-14.601057
-36.178986,-51.483246
67.6385,6.2153745
10.638204,62.080032
58.276825,-45.98011
-23.72642,-0.8580143
6.6159873,45.852924
11.66847,-53.559338
-34.28795,-29.040035
-21.718628,-58.49967
37.31233,35.93028
-35.48357,-38.773514
49.874653,-39.525826
-35.893112,12.724688
37.44849,2.1432164
12.543832,0.4567658
-54.413483,15.835069
-37.462944,-48.84896
45.33466,4.2967997
-29.412731,-55.682667
-17.058952,46.23073
4.8056593,45.9859
54.430763,-53.95397
-2.201491,-21.345297
50.374332,-38.21054
2.3741117,6.773974
43.12249,1.9726385
-23.910915,-35.226795
-49.513744,-2.2886293
-27.123316,-34.20474
68.19284,-5.3775363
1.0435423,11.14444
-14.686501,33.99561
-20.365334,6.984451
14.61231,68.36664
-19.425413,-13.9265585
-41.369358,-0.6388305
-13.583819,-25.75853
-17.181005,-25.791763
74.42669,3.6612954
-18.207335,39.997097
80.629265,-9.3270035
-39.709003,26.095726
-41.76076,30.074121
58.92901,-49.511013
-72.97967,1.4678705
-32.72469,-44.50632
4.834288,70.32497
77.20004,5.371034
48.02616,-1.0291507
-22.72669,60.47322
-11.184692,-47.10635
52.027374,-30.0968
-66.75583,19.58687
16.200241,-54.91464
55.0596,-49.245785
67.5952,-4.887458
26.013409,29.89999
-65.25925,-6.471523
43.354782,-47.770885
79.459404,-6.999318
-23.796356,54.477596
-6.1809883,16.904165
54.86398,-39.019836
-44.359074,33.786507
14.595503,50.535774
-10.916559,73.71212
25.58984,-14.226116
-56.16778,-14.757307
-14.79842,55.643623
30.225536,23.360695
-13.92068,31.11128
-61.48103,17.529715
25.315905,26.53266
10.333958,-7.303835
0.48906904,49.44317
-39.343002,-3.8812041
-70.661156,10.566605
16.141129,-58.83968
-36.09285,-42.0568
-47.528175,-49.60117
-61.83423,10.088808
5.9324336,61.34362
-48.482212,-9.922202
12.545632,-66.82828
-57.005924,5.774615
25.309439,-57.139557
-4.8906255,62.46233
-15.776094,-48.886284
77.17195,-3.5917122
13.765713,-3.216416
-66.189804,-12.325671
79.78281,-14.062635
-15.378261,-39.390884
-39.918964,-38.132904
9.790427,71.574776
22.158314,27.623953
-3.511034,42.274555
5.413055,18.710232
-3.452377,-24.530802
45.593052,3.9842362
11.282238,-57.162727
-40.019753,-5.4690213
14.167362,50.084076
38.456703,37.353477
-29.296268,-54.649433
-7.7869635,-5.539315
-46.170498,-6.5795045
70.422005,0.904928
54.467693,-40.426144
44.260098,5.866235
64.33939,5.267567
6.9902654,45.167957
32.95954,14.051614
-20.724957,59.294994
-2.8676863,3.3092165
8.5046015,-56.941093
-56.880863,22.503048
-32.048904,-50.783318
78.92295,0.7694452
-20.673319,52.407497
32.89508,-20.550854
39.33381,24.910921
8.157325,67.92368
-21.35568,-57.651917
21.837252,-65.29132
18.04043,61.99437
7.8767147,41.69644
-10.304999,68.433754
-0.6918056,21.22031
18.884806,-56.56648
-24.504618,56.01134
8.405187,42.411903
-43.64446,2.4580934
6.252732,-53.605385
-60.655865,19.534573
-10.892126,18.639109
38.481033,-16.436567
75.27391,7.491823
29.726036,31.201797
19.135334,-60.247467
-33.505646,-36.354404
-21.256847,-34.011852
-5.7001324,70.90149
56.319958,-28.64356
-2.8356957,49.807144
58.022655,-49.97586
66.08998,-0.11279027
55.58376,-52.241592
33.48967,-16.291998
18.874523,-23.73768
23.905237,24.406784
-53.30868,16.048464
-8.23261,-6.041029
-71.578186,14.274488
-41.097908,-3.6799433
-5.5041623,-2.8072884
-46.76888,19.29828
14.898823,58.75373
-56.82971,-9.937041
-5.795214,13.202437
-44.122467,-12.775025
17.408733,-37.63928
69.77517,2.0072894
-12.990751,53.539635
-19.74226,33.118053
20.682476,-15.1813545
23.65818,-49.943604
-50.991493,10.407251
-18.3005,-50.564117
18.366524,-24.628956
13.318469,-64.23135
-41.46636,-5.4176445
20.215618,-61.107582
68.39103,1.4770706
53.152245,-27.945534
-27.724428,-45.851856
-2.5746555,4.275243
47.409756,34.61423
27.2357,17.363316
-38.368958,9.717205
47.462894,-39.147404
0.9055314,45.614883
-9.277943,71.02395
75.246704,4.6208887
15.580493,-7.767472
-57.878696,16.896576
-35.040623,-29.855354
-56.208363,-1.5599233
-54.541485,-11.940569
37.82294,-11.870057
42.705215,0.74198264
5.267262,15.783467
-7.949873,-50.510212
-5.402836,40.55594
-7.405191,-47.441986
-59.945404,2.1118855
-51.335896,27.328547
-13.971845,-28.129797
2.30379,35.7994
-18.913597,4.583249
29.711838,11.222342
18.512875,54.893784
-6.3471484,69.25627
30.632288,26.180788
-11.777559,60.46127
22.23363,-57.251537
-20.379492,-58.224216
-6.3068824,15.750735
24.624256,15.193068
-42.669125,22.613949
-46.544964,15.262355
-30.3923,-46.91547
-59.96173,12.761569
-44.551548,-51.331688
-23.104342,-53.38857
34.01589,-14.387059
73.99792,1.6333147
72.51978,-6.7476563
-60.47399,23.161018
3.9759502,41.26316
-11.217454,-6.2943273
31.959427,12.888814
-65.47735,-12.99438
-7.8585134,-5.2788744
34.764545,-20.617525
2.8769062,40.25611
27.227978,-31.73397
-56.278545,17.535027
9.461821,66.081154
22.526857,13.081526
-43.53107,-39.281994
3.6665618,41.518394
33.21124,-20.576399
13.134535,-57.995796
24.323902,17.110788
41.28674,33.40921
-0.9727664,50.979958
55.613953,-42.48895
-44.221714,-9.025334
-15.692913,-12.806794
-35.38574,15.029477
3.3216999,20.312748
53.95291,-41.596825
-49.819977,-7.6407366
4.6743007,15.207477
36.21644,26.035126
20.89082,63.069904
61.863697,-9.026543
-2.9144063,55.47683
12.543699,-66.85252
-10.054129,8.9565735
-9.070689,-3.845643
-61.73061,-7.8532085
43.888557,2.6185021
-25.860994,-26.783173
19.578485,-11.850388
-51.366787,1.9810989
28.34461,7.1130915
-42.560925,14.331094
73.885414,-1.6593416
17.85235,-26.325865
31.080017,-25.205805
37.004322,1.1437733
-17.04512,3.4382067
-7.8738847,-20.552244
-65.34232,10.022716
17.787075,62.032825
-8.39078,54.093193
-70.35074,-1.8028582
-17.279026,-60.061146
-57.883064,17.271484
-30.927835,4.4929924
47.39607,-39.90408
19.49162,-12.828889
-41.39453,14.86675
-45.19592,-40.633263
-11.039753,-42.637585
-3.4342337,-10.580931
31.129416,-35.304684
-14.686488,33.995514
-35.184784,13.28927
-53.77631,-4.046871
-47.221703,5.9833527
16.337118,-48.12337
36.777706,22.063282
-13.742054,58.960983
-38.155014,2.3738954
-4.820814,-2.7190013
-11.106724,-44.87772
-33.41517,-32.018505
59.652927,-9.430741
-53.243633,23.03134
-35.03615,-0.981743
-26.984478,-29.561914
52.743862,-30.765772
71.495224,8.97463
-12.209992,53.334286
-13.729862,-44.666153
18.246536,58.397408
56.159508,-52.965725
39.678623,20.219166
71.132744,-9.880188
30.745325,25.486591
34.81586,23.792374
34.379707,37.08065
46.56848,-42.068443
-67.01441,16.214355
-37.296696,-3.2669446
-6.2664967,-1.6960227
29.92351,-26.703634
27.198515,-24.738516
64.65832,-2.567836
53.163048,10.223332
-23.81934,-42.064644
44.011436,-40.103832
-42.923058,-37.6499
50.502094,-51.49693
21.421339,25.589287
45.405685,3.3606913
-7.9674006,73.39794
-61.90208,-2.8972175
75.133804,-8.264788
-2.1304522,42.228367
43.10269,-20.373793
-73.08818,1.1774455
-12.849127,-50.030647
3.5102532,51.779697
-3.0628705,62.87273
-38.642574,-56.458847
21.817202,-37.889816
-73.80388,16.996248
-55.796535,-14.095434
-1.2378213,51.52551
-66.68936,3.125961
10.816544,-49.88184
-11.347055,18.937674
-46.211086,17.466215
21.348541,-31.002508
32.563557,38.53909
9.645445,-59.976124
-15.092937,-23.953041
-70.4216,-1.7298974
-50.368683,29.560925
-43.00062,-45.135803
63.65934,4.1627927
-10.353942,0.8796479
-26.784222,-58.728813
20.770979,-31.74314
75.6766,-6.9461856
-2.8481596,-6.9832864
9.980845,-53.416645
50.199085,-44.367096
2.4349608,35.570244
58.81153,-40.91089
25.170107,-64.638306
43.79908,2.7067246
-14.143237,33.597233
-0.5602802,14.033679
-17.095839,-1.3848171
8.051954,62.58823
13.277557,51.73154
58.471428,-37.35632
21.438612,26.423027
-5.3796616,-7.3175135
44.52437,-40.758175
-15.8016815,-20.928276
56.932083,-40.671543
52.24151,-30.675713
26.345915,29.870619
-22.984169,39.56603
37.896706,4.197538
-42.372494,29.161037
-45.199776,-6.4816194
-14.436496,60.250416
-44.66677,-40.183506
4.660997,73.08445
-37.691433,10.127192
22.732805,25.786474
1.7177031,-24.092358
30.728456,-24.578913
62.044563,-9.068625
-25.737875,55.441063
9.395375,40.883316
2.3682942,16.875076
-20.343283,-46.85536
67.33482,-5.184298
0.55428255,12.119127
-3.5631719,5.518423
-25.174082,61.166576
-5.009095,74.661575
9.603728,70.63387
53.200363,9.529334
-7.4163547,58.32484
-10.079027,40.370705
-4.363283,8.762898
0.9262522,-16.403006
13.256108,-57.876263
-8.828645,-44.35271
-2.1305315,-21.308584
41.385918,22.601841
16.43387,-57.450035
-13.392236,31.701775
18.622221,-52.657536
-9.232779,36.08553
61.935314,3.301364
-14.891262,46.278427
-65.39213,17.254398
37.308422,0.72149426
1.6442534,11.514817
37.800564,-14.674831
13.1334505,-60.62342
21.02702,-15.003342
26.132603,-56.83477
41.413918,38.6828
-22.521276,43.26788
-3.4970033,57.23676
17.144552,-66.5981
73.35941,-4.163319
-63.642807,-11.664098
-7.4980726,62.15882
-63.877777,5.4237847
1.8936094,57.833584
54.661343,-27.058056
-12.802254,-23.958187
23.951536,24.103897
-20.737484,36.30005
-55.28054,-10.0643
-0.8311536,69.2487
32.94934,-30.370062
21.313774,25.290104
20.21383,-49.92072
21.918322,-62.32405
8.799393,-1.7796756
-67.96033,12.9504385
79.54257,-2.6132135
36.37091,0.057647895
76.361725,-7.4181223
9.803493,-54.70894
61.637817,-37.657467
-20.343718,6.9575424
54.727997,-26.921144
-56.790333,-0.044168267
7.474687,0.19676831
45.404263,33.20728
-20.943699,-55.02577
-52.95148,-8.269512
-43.37748,-0.60147005
11.549185,-1.1209913
35.122185,2.4640155
42.092052,2.9538414
9.722107,40.967583
21.513872,26.217924
-9.949365,-0.10666936
11.976951,52.200184
62.095524,-0.54500115
16.174683,-35.636147
-37.98451,-40.14561
29.286932,-27.219168
-41.652164,26.427399
-38.023514,-51.296146
-6.1420174,60.122673
-6.7244716,-3.323768
35.832962,2.9259772
-16.858278,-49.56487
14.015531,68.78211
28.263075,22.516266
80.30286,-11.311422
-12.33753,-55.074013
-66.70463,17.262377
45.503105,3.5418248
-53.36351,5.7421055
74.736046,3.0607448
44.248955,-40.058487
-25.41457,-38.18123
-14.056569,64.92867
-45.92365,-2.6598768
38.374382,35.51815
-38.40301,-45.84618
-26.374186,-31.762184
-40.78563,-42.438374
-66.033394,5.333389
-2.606755,58.995026
30.898869,-24.49909
63.452927,3.9714055
37.171776,-13.736978
-13.491202,-24.107216
-66.19408,19.910952
64.499504,0.8340538
-9.267078,44.627476
57.827187,-42.107662
24.73567,-52.779533
14.138514,-3.4355893
20.542719,-62.95885
55.23973,-34.86947
-7.6449265,53.6032
-42.62727,-37.461613
27.838923,-31.290794
55.565117,-34.934574
5.502563,44.541927
-23.884026,50.62098
26.484669,-66.45181
42.58184,0.62964076
-38.878956,9.730077
-10.989311,1.1162193
-14.057239,35.59549
-8.952752,47.41945
-3.4902313,-26.204308
13.855443,51.446033
-5.122785,-2.9036884
-45.36804,29.22828
-47.805614,0.35114014
-18.039848,33.73538
33.74816,36.746773
-68.45262,10.626199
-18.699453,-53.82539
-8.64841,-44.368626
-30.630032,-41.5282
-17.122435,-61.9689
-35.57618,4.5495787
-16.463907,43.009644
11.375467,-53.009785
14.907616,-3.878466
20.448086,-32.26893
22.235264,-54.880512
6.942781,45.130974
13.502955,-48.75379
43.43562,2.298179
3.4514961,9.536798
-67.73455,17.833063
-0.66518205,69.57358
-57.204178,-8.861137
-53.39966,14.032792
68.5744,-2.3816133
12.436046,-48.799915
-30.467443,-54.205997
9.739766,-65.232895
58.37185,-36.13077
-29.729378,-46.363102
-40.288498,16.778921
-40.765404,-43.5574
-45.48073,18.449738
-54.085644,24.877832
33.087086,-0.27847278
-42.231186,26.522478
-34.636093,-46.986935
-4.073862,57.86008
25.687943,-11.681578
-21.688835,-40.967606
43.019157,35.37612
48.88347,-51.04039
-0.698083,19.379007
44.444744,4.349969
-63.690784,5.2709637
12.999995,-60.481052
-22.639263,-37.08875
70.09178,-0.4509917
-12.022601,-11.277011
1.6185561,-21.691584
36.652626,-30.755754
41.74333,43.094875
17.277462,-50.717987
34.457146,-17.43076
-66.70203,-4.6796484
10.555396,-63.18519
-31.65646,7.546437
-33.55551,-31.696585
31.590967,13.251325
12.494815,48.990143
56.788326,-45.62899
43.442554,37.545227
-13.940589,45.170013
25.53469,-22.556372
-46.075844,17.6695
-56.8106,-5.3197823
23.941689,-14.539765
31.683348,42.114323
-6.7002773,58.693134
-64.76128,-10.746624
19.966791,-23.1223
10.426733,-9.064182
71.10636,-9.660054
52.52539,-41.48805
34.472775,-17.006567
13.558838,63.252415
-48.339268,-45.787086
65.95592,4.0173965
-3.9056797,-18.603237
50.01645,-36.51768
26.269928,10.078163
-70.809326,11.951883
-25.32832,60.90503
19.150818,57.690582
43.892056,-35.72278
46.0491,-46.169
-17.016714,-11.541415
44.657597,-4.345622
13.938249,69.76606
-7.3311243,13.205475
-4.7419786,49.114414
11.77668,71.17615
-67.73136,17.881565
-55.18463,-10.3952875
-41.467773,-38.30711
-69.38857,16.224442
77.940994,2.0728266
-34.102314,-41.603935
-48.71265,24.728138
47.907585,3.017098
-35.82687,-43.398586
-11.304141,19.1459
34.948086,-12.807863
-0.48002487,39.516888
16.920712,59.51454
-11.021265,53.91333
-33.931217,-39.09502
29.85969,-27.478098
4.4952927,73.1973
-56.258507,-14.465786
-8.481665,-50.695816
-40.39048,-7.649866
-19.828812,-61.42652
8.3463335,0.059994765
21.412573,-29.202156
37.01519,36.4182
-15.1475935,51.633347
76.86098,0.31741807
-2.084522,-7.4156504
-49.352192,12.076435
7.135896,51.14363
2.7740848,9.033983
-9.552845,69.29961
-10.465908,47.59265
-44.073837,-0.9240454
19.76786,-26.45784
40.704464,41.04588
21.516603,-50.7412
-13.292411,-9.17436
35.861183,39.87058
31.850607,24.540863
-13.183707,-51.0374
40.611443,-23.284782
26.114986,36.33064
-32.76599,-32.798447
66.21763,-14.588539
-37.61999,12.472119
-71.86496,1.6908736
42.68755,24.074303
-6.429503,7.0339065
-6.3549814,-52.40594
77.70687,1.3592261
58.417416,-42.198025
-56.56613,0.46935624
-61.602753,-3.4972003
44.574062,4.5873876
12.889358,-60.854687
9.754174,-5.7354193
24.607918,23.521519
28.37486,-24.360003
-40.46107,28.71374
-32.27556,-37.342587
-9.633663,-44.030663
2.2787044,16.288635
36.27249,37.86936
54.32175,6.065242
6.0414524,51.98218
12.179501,50.390224
-37.715126,-1.347579
63.37436,-2.8821833
-6.4243236,-0.5717771
12.5437565,-66.85271
7.200457,40.323368
42.706615,28.561026
-23.30539,-61.74345
-50.72392,-6.3844576
31.003647,-31.678381
-3.0950785,-25.042128
-11.84282,54.300835
-1.3972455,69.0999
-12.650373,64.56933
-20.13457,-53.849194
27.978025,14.556428
0.7885056,42.58425
-27.064833,-50.340458
-44.429634,33.900856
4.657674,71.00919
-60.286465,12.639375
44.371918,42.19143
-31.135775,-29.803719
-35.80732,-53.737343
-50.371693,1.6563226
-18.437895,41.627663
-60.026237,25.760752
-44.631386,-47.75744
60.272354,-38.96762
52.361412,-37.34845
29.827312,-30.489918
14.781874,67.309204
57.789364,-28.903482
37.32848,-28.907644
-19.770529,-40.518154
57.983246,-48.14966
-6.3419676,69.19763
11.3562355,51.419968
-15.725906,-9.936056
37.866722,1.5440078
-10.523617,33.554108
11.537953,46.505352
18.907225,-60.074955
64.51181,-0.030059513
53.35951,-50.64892
-11.274868,-49.207275
-5.400838,-53.908474
-55.075993,20.764753
-4.8001294,45.303654
30.58585,-17.562065
-47.42744,-44.11909
-33.43983,-34.70602
-33.16175,-31.86692
6.3195114,12.6332035
-16.47506,-56.778397
-22.540243,-56.56792
74.57882,0.092862934
15.250292,60.89947
-32.906,12.1945305
37.118847,36.60753
-41.123318,26.355679
15.425571,-65.21467
1.3285434,9.303599
-30.639847,-61.55281
76.34074,-5.2924347
42.68105,28.558695
-51.93579,22.542107
18.31856,-58.059265
-56.218964,-8.148396
35.93302,-18.937958
-38.063354,17.00551
-21.724142,-37.34777
33.561226,-17.663616
-8.009003,13.514144
-21.633648,54.317207
-2.1649203,48.00348
42.152565,0.5319368
-48.9088,1.7870349
-22.437836,-45.82491
6.4455476,12.297112
21.308828,-10.923294
31.194073,10.602987
9.1332245,-63.973663
58.28017,-33.829952
18.445509,16.87236
35.949886,41.9327
-52.7347,8.931135
-65.137825,23.326984
-14.926953,60.273903
24.982912,-52.771717
-16.807463,32.58657
-13.247551,-43.283417
-14.338813,37.566174
7.864889,-60.94626
-44.659695,28.721249
-24.775398,-57.682255
-40.74039,29.955034
34.004745,12.5019655
13.982549,54.891865
15.197626,-36.808212
-21.519592,37.100273
37.905033,-15.851833
-39.522633,-44.02415
9.319314,0.6297369
-22.959696,-53.55036
-32.553684,-47.291264
-19.145136,-53.49192
-20.040453,-0.8469817
-54.96575,20.902544
-67.02391,1.6011863
18.758669,-0.09865605
-7.1063595,-0.93689346
-54.67773,23.354069
37.91373,20.324583
-3.574414,-4.2400146
-28.874485,-33.840908
-64.57964,8.670019
4.8582993,16.624811
44.219,-4.3480706
0.30816424,68.72605
-35.26437,21.997015
-52.24487,-0.9480198
15.122657,53.630524
19.517105,-62.32762
49.051006,0.2991337
-12.846669,-24.379377
28.457163,18.110376
-23.553837,-61.080044
21.358046,25.377466
-38.439312,-45.49782
34.779232,23.61532
-16.17169,-44.683533
-68.60057,-4.874519
18.904995,-36.454372
-4.9436316,45.25554
-37.409393,-6.84676
-55.88423,-4.3733625
-41.149853,17.945724
-1.2958305,40.16308
-19.45422,-25.158636
76.77053,-11.751758
-59.884018,21.860212
-58.402134,-12.067293
42.171577,-20.843237
-24.413935,-46.566387
6.875542,48.400974
19.765211,-54.013855
46.803986,36.94974
22.882315,-11.607376
-23.080103,2.3486316
7.244587,16.085773
-15.90709,14.137164
6.2429247,65.25567
-9.472373,36.995422
-0.98684037,67.36817
-15.407956,13.8465395
37.577297,40.044975
-65.784004,15.575961
-2.2747033,-20.692091
49.38195,8.82581
-58.097755,-11.496435
-69.59925,11.5502405
17.352884,64.01917
-33.928455,-29.80128
61.81331,3.222719
-1.4177539,35.909065
11.725602,46.57883
8.575022,68.39974
25.560505,-11.770777
76.68104,-11.9559145
41.358234,40.38784
-22.806057,-59.670547
-46.942184,-5.380541
28.440248,23.706455
-14.881853,61.106945
-38.906773,-42.514553
6.2590113,48.44699
-52.197323,9.78679
-60.95668,15.938183
51.368805,-29.308002
49.723816,9.284411
-49.854317,27.257057
17.566936,-62.53614
-6.1567707,12.8753805
70.19904,-1.3651553
54.35226,-51.633335
-26.351847,-49.710293
-37.81991,4.008214
45.420483,4.751001
-17.859648,57.952156
42.95249,25.430368
40.990818,34.55926
59.64692,-10.503796
-9.416283,36.903984
-44.028423,19.940016
79.48203,-9.411069
24.073364,13.813841
42.69015,25.78441
16.061138,-54.458572
15.980132,58.16869
-42.284756,8.264653
34.909866,40.742092
-36.855354,-28.065443
59.79298,-35.94061
-8.441539,13.650703
-41.945385,-41.98214
-50.361828,-9.206321
10.675916,-61.31522
0.79788256,46.98957
-53.101517,-2.3359356
58.809624,-10.360331
43.354,38.026505
9.941826,-5.4817424
46.83366,37.124054
-18.743805,44.878086
54.4374,6.0541415
-11.37542,-54.954643
19.51421,-12.046654
-23.22768,50.347233
-9.433985,70.674545
-72.08506,1.1658641
-0.83329546,18.570606
-35.83057,2.316042
20.553732,16.442648
53.308376,10.413555
-41.980423,-36.367714
-8.409361,69.78441
-44.114258,-6.354098
0.8353158,45.746063
-4.2812357,63.434967
-49.545033,27.009506
77.263275,1.0326458
-5.263287,6.947193
-51.059837,7.1824107
63.273914,-48.76447
-1.7697383,53.031055
-51.424004,-7.5777216
-24.342804,-0.9784847
-52.921154,31.396948
14.556309,-3.2257142
79.873665,-1.8696793
55.526657,-49.403606
-0.9634541,59.555866
0.7113461,-21.16464
27.441662,29.261347
22.877785,-11.415393
12.543692,-66.8528
-0.23256049,64.922424
46.647884,-40.6209
24.890753,-61.124454
12.404504,-9.223857
-16.789639,1.0869904
53.987514,-49.970512
-59.587933,7.5397735
52.782875,-30.647327
-2.477328,-17.17113
-9.615916,60.12871
-34.979385,-0.5622668
-38.68998,9.7262745
19.307495,-32.46172
-17.900671,54.022583
-43.300644,-2.891006
-42.437904,-11.593335
56.834408,-50.233505
-0.41726565,-17.782465
63.679127,-40.431984
-4.407694,-6.107209
-61.018997,1.0596611
-64.37752,-13.929779
-31.500769,-34.01755
-7.133596,-47.371532
55.24838,8.099164
-58.807125,-12.728073
-35.089294,14.777197
34.29108,40.038494
-21.52415,-40.056896
-61.079746,10.769632
-19.643494,0.25415856
-12.662713,18.431194
-0.9239849,-27.044617
37.20375,-28.310474
51.418575,5.593064
57.141552,-50.085705
18.119293,-5.1817884
25.773272,29.481441
25.610634,-14.281075
79.530136,-8.778951
-38.653313,26.903322
32.31499,23.030573
3.5622466,76.72382
-16.383045,-57.24816
29.358326,-31.112972
-34.813747,-46.454754
-54.289474,30.508064
55.640987,-34.896873
-42.099133,14.445961
1.1945217,60.306957
-7.5614033,-43.851925
9.046084,-0.84502023
-49.36231,-4.9495044
-36.747883,-38.886974
43.494507,-48.463737
4.310883,18.088343
33.382706,-30.466845
-57.69167,-3.6403449
-42.327675,28.596844
-45.14574,25.774519
10.074798,0.9207828
-32.064095,-50.895706
-18.875643,44.151432
-68.673874,14.646682
-38.006805,-28.821531
-55.16179,-10.991616
35.78969,43.115673
-32.804806,-51.480854
-31.454962,5.099365
-38.21362,20.995756
77.53714,-6.512303
-9.692398,-50.546673
31.589167,-34.215477
12.381058,68.480896
-60.211494,11.104888
1.8896176,16.911432
-66.55183,3.3936262
-7.710251,72.90215
69.560394,-4.8204875
60.799435,-35.04029
7.2395406,51.222076
28.83918,-26.969856
-22.26477,-10.226543
46.715027,36.68902
43.676964,-3.1015232
71.44817,8.836021
5.723272,61.11918
-16.66896,-23.384222
19.18613,-32.160847
-57.6552,-1.8472208
-52.35112,-6.497995
-7.983335,-7.8664913
49.756725,8.240394
-43.947445,33.44686
0.60851574,42.014866
-23.851551,55.326347
5.56286,37.641205
-14.853135,60.0568
34.7014,2.6990848
-50.922638,-9.6210785
37.557766,0.44260305
-38.208767,-1.3006121
33.027626,-33.783054
20.15507,-57.06455
-8.772463,-30.127146
51.662342,-49.83033
-0.72654617,48.601948
-10.198196,-48.631645
30.302042,26.142141
-47.1657,-48.830822
-56.781548,-11.53907
-5.6421447,15.838683
-28.400667,-58.892265
2.3770359,39.27338
-51.816242,-0.57022905
76.20323,-6.288567
7.2279143,16.119131
80.261955,-7.0508842
49.926075,2.7674713
-36.61863,-37.83937
52.815952,7.767166
16.564919,61.62869
30.514456,-17.534504
-69.57626,3.8523438
66.09679,8.514045
66.06937,8.6922
-11.144582,-55.140858
21.326658,-60.068336
13.26633,-54.303043
-12.762267,-6.684261
54.52907,-43.00931
-50.943874,26.182865
-8.506651,48.15677
29.257647,15.922752
22.22007,15.571095
5.1797504,44.178013
-5.3579707,44.228
20.247637,-58.692326
34.86727,43.209873
74.69911,5.0176816
-2.2567933,3.2094543
7.8657684,43.05113
52.309185,-43.078552
-5.959161,-20.795584
19.687717,-63.651497
-7.850878,54.16716
-19.840786,-2.590961
-41.594955,-3.1135201
54.317146,-28.934286
-54.832096,4.771062
0.9793175,31.983517
-42.61559,-6.2581635
-9.105298,19.048567
-19.911757,58.84517
-40.012535,14.743225
0.6952768,74.5524
-2.8769894,38.270927
-18.770655,43.371067
-46.955902,23.992193
15.106471,-62.03154
-44.038692,-12.780602
19.37899,-38.70622
-61.552616,7.893753
-41.50653,22.42911
34.412186,-33.068253
-34.50816,5.915257
-38.38519,-56.05034
46.090794,33.239464
-13.259559,-46.784885
20.860891,-14.838327
15.617653,-4.0513034
-64.43691,8.994755
-5.674431,-11.0921
1.9773288,5.35379
-11.489079,-53.25033
-41.422684,-42.07673
-16.412516,57.75958
-23.299221,-4.384583
17.456451,-55.483006
4.7276273,34.09357
-31.684093,-44.742626
-46.172256,-6.633575
12.544462,-66.848694
-20.22208,54.600166
33.216408,14.407021
-31.602758,6.006318
-0.95058095,-21.10345
-12.296002,52.673874
9.460888,-55.70204
27.95333,-62.42166
-5.491424,72.872116
-21.15231,58.06003
10.983926,-49.68116
5.6676097,48.537037
-7.8957253,18.88799
59.165596,-47.056313
-16.663582,43.627724
20.55794,-15.289498
-14.3243065,53.690685
4.608834,53.061478
30.73766,16.172096
13.96723,66.7337
63.252327,-0.43568748
-5.6054215,-45.152668
-59.266056,-8.952915
-10.494065,-27.29523
37.493305,21.060452
-42.828506,-8.714132
-50.955505,3.628525
23.434502,-57.221695
-32.93049,-46.778175
38.871418,41.813484
-68.20382,-13.64733
-32.446598,-40.503593
-39.77098,-52.283157
-45.784603,-47.36797
31.493717,8.498387
-20.577116,39.991333
69.29419,-1.5370585
5.057847,67.68735
-8.551224,46.629257
-24.036577,-27.750038
-46.235767,-44.46056
-69.267334,13.556325
-45.56095,-45.30027
-8.610265,49.361122
68.80159,0.64750683
-63.014435,8.53885
-29.743322,-35.888885
47.444897,3.3249555
-13.806562,18.049286
29.26015,27.591713
55.36785,-27.513947
-18.004183,55.110134
72.02461,5.8667836
-48.46528,27.994846
11.431878,-57.546177
-59.94852,25.308386
-25.983702,-58.42103
8.1059885,1.0697657
-3.9130409,-18.66748
-11.087766,19.0754
-16.980907,55.36996
22.521126,-58.363422
28.1617,-23.511831
38.161053,-16.171131
52.472134,-52.45685
0.042607587,18.15573
-57.806377,-4.7976885
-13.513052,-47.991425
-21.3542,-57.222614
-15.557259,-44.784878
-64.06263,4.50117
-55.83103,25.304962
-5.0591745,66.016266
41.025433,-19.674337
0.3671776,-23.254448
48.655872,-55.787872
19.3974,-56.572075
79.87332,3.0575895
-10.956583,-6.419298
3.7390177,49.23744
21.6365,-46.57952
35.04146,-27.110779
2.9114583,8.163144
-20.062677,-36.847034
36.654053,41.830025
18.793211,-38.655334
0.12857635,44.501534
-62.674107,8.829353
52.778957,3.5075693
-49.13143,-7.2186246
-1.7486639,55.518723
-38.506653,-33.668064
43.339996,-47.624783
31.337288,-0.4213788
-71.98471,2.321694
-32.34061,16.547207
74.12502,5.958864
34.816128,-20.33492
-1.3674986,-8.227936
-19.778925,-59.113094
-2.7122054,41.433327
-19.117325,47.000217
-59.810085,12.949501
-56.15664,-11.70821
24.89353,36.210743
-16.52551,3.82681
28.263798,-23.290997
-47.486805,-5.1064157
-71.496544,1.3914555
-15.604761,-22.151236
44.140816,-40.123245
-15.356777,-22.721733
-17.577452,-48.56182
42.460545,-20.449795
-7.4255576,-51.967945
-54.88692,4.542236
0.4554994,51.756035
-20.325,-12.486379
-1.1318221,41.775627
15.409348,68.86983
-1.9823141,-16.690794
43.09618,-15.908167
-6.6817875,-52.327293
-0.70856094,-28.357105
-11.55994,46.717644
-8.432725,49.20387
51.605038,-53.740932
24.812202,-63.569923
6.0973477,21.787325
-43.339794,-48.23319
47.58128,-35.72611
-11.552902,-24.226551
58.08185,-48.920406
-49.613216,-1.8414648
-22.533464,-51.040867
-67.814804,-12.327478
35.544193,29.009182
65.62266,3.5039368
-44.66148,29.602833
48.02538,-47.65546
-8.503179,-44.486866
-10.265969,0.343559
-17.713335,44.46297
10.127931,0.6010822
9.662284,4.265931
-18.556074,-6.0722957
20.639935,13.477446
18.362722,-62.122875
55.49292,-48.501633
32.528446,8.182651
0.58424366,46.87363
16.081627,-48.18646
14.739581,-65.86188
-8.456573,-50.75676
18.00488,-30.356943
-6.0353117,8.6878195
-19.871803,-59.103893
69.9187,-2.4448307
-68.14785,-13.9717455
-2.227009,3.1654956
42.38028,21.137417
33.771996,-20.561274
46.934547,-43.31031
-34.260693,6.1072197
12.5251,68.4565
-9.813851,-48.80075
3.1713293,20.390223
80.489555,-7.8075423
-8.395407,-3.6315882
19.596548,-32.519276
38.76165,37.641533
23.204134,8.050703
-15.711157,-45.3916
-17.336306,-62.20195
37.473495,-13.686466
37.13912,-2.786473
21.51824,-64.8297
-33.591248,18.60725
1.3508102,46.663765
-37.618332,3.9970272
-7.599462,-4.8862753
-2.6180897,4.171244
-16.470804,-8.168006
-6.892819,-52.284786
20.549818,-32.08258
72.80325,-10.062385
-64.135376,15.628379
66.46455,5.316579
-34.281563,-47.23696
15.43448,59.8847
-38.069317,-0.9759558
-33.670685,-46.989086
60.09831,-43.119076
-41.19319,-49.15882
47.356564,34.411167
-66.37745,-3.647903
-8.003219,72.47744
-15.422325,-58.863758
-51.174152,10.55095
-36.776775,-52.820972
-36.936737,-33.893475
5.4461436,66.561424
-54.600574,24.47896
19.772512,-65.62805
20.367786,-30.768286
-59.838604,7.866
70.174255,7.1375937
-27.315058,-39.666103
18.64559,-14.471451
-1.7054514,7.6695747
50.460213,-51.48594
-8.916062,12.182706
-35.31057,-35.403473
-7.0902424,-46.776897
32.90227,13.955672
16.136023,-4.124422
-4.6947336,8.095026
-61.612034,-5.77415
15.640184,-28.989801
41.133663,26.376446
-43.81047,-49.50244
18.435658,-14.813606
-20.678476,54.719227
21.345081,-29.5465
-46.735397,17.188774
-15.486857,-55.36989
29.103605,26.710384
26.104885,-22.634726
21.558567,58.799164
-1.8940537,51.139194
-4.9345903,72.78814
-58.241768,-11.878485
-57.811,12.555218
17.451023,55.050022
9.738908,66.30796
-20.0319,-47.268326
51.418495,5.443397
1.3756043,59.7735
34.09046,26.757189
40.319096,45.55975
-33.538548,-31.715218
-3.3486185,61.14946
-40.99166,2.2130427
-59.540653,23.643381
-50.70816,10.431346
12.260371,-58.593536
-60.186527,-6.304322
-13.31227,11.528169
75.792755,-5.581529
42.631653,-36.499783
-61.42875,17.394642
-45.766,4.498312
-47.503605,-46.58362
-18.594482,-50.6536
-34.36075,-28.829363
9.472489,-5.410133
-70.64065,-1.809171
26.799072,17.304811
54.424522,-29.287613
-38.85524,-8.338592
25.871317,-23.05317
-65.3293,20.31128
-2.2338986,35.177265
-35.03823,14.443967
42.714443,-1.0840166
-4.295534,58.078556
20.67281,-60.23802
-12.278791,-43.371166
5.2193646,65.87706
-21.326385,-48.93795
42.60607,42.09641
-23.674122,61.01233
30.851557,-16.882748
35.41168,20.198689
44.2888,36.707287
-51.274475,3.4658866
-10.352841,0.87399834
-20.115788,-44.897755
-49.027313,12.571825
-21.680996,-49.17674
-50.95422,26.21646
14.604241,-35.945538
-8.579646,-30.237684
27.259336,-61.07753
-11.746221,-6.2869954
-40.501736,-5.611443
50.788624,-38.11886
71.125656,0.43288165
-23.90634,-36.982086
-11.819116,-24.689346
11.941795,52.2709
-36.53268,-28.868473
-21.378546,-33.97752
-38.22417,-28.207434
-57.760933,15.5607195
7.690939,1.4470148
18.54381,-24.46568
-44.43496,33.91671
74.98031,7.5923185
34.34336,13.743429
-41.186783,22.723139
41.126293,37.537605
72.86335,4.480032
-34.026546,2.174094
-23.455374,-43.240475
71.117775,5.8264356
-48.94673,-10.330684
57.055553,-43.404373
-26.233751,-49.366188
-15.499203,52.150856
-67.36856,15.395015
26.363604,15.754801
15.234041,-64.266975
2.2498558,50.53152
-12.980339,14.275443
51.325134,-36.719055
-65.66838,-6.1973076
25.122944,11.808704
-15.231432,52.505875
63.388298,3.9421823
-24.822838,51.57519
-55.983173,25.710564
-12.275628,13.101037
27.717236,-31.888441
-0.74853396,-15.62886
46.1946,33.227837
-0.9516226,-25.740797
-24.316742,-54.908955
-11.126409,54.77655
60.874924,-39.838276
54.1751,-54.98579
-38.388355,-42.514694
7.76219,41.64019
1.1394789,11.937466
5.5058002,40.312733
-22.62363,0.17757891
66.53906,-15.283726
67.53187,6.1019073
-2.7075794,8.66509
29.290398,-61.25483
53.17053,3.5623426
-20.645626,36.20597
34.876923,1.1355127
-10.5830555,-9.851778
39.720722,-21.760782
1.5623003,38.18872
4.559486,63.98968
54.86368,-35.728962
49.8554,-39.49826
1.8872672,72.82117
2.8575206,53.314724
27.544666,-31.32261
-33.680252,-46.428844
-26.559296,-58.503506
-3.520556,49.79572
-8.313342,58.28911
42.465137,-0.57982916
-6.38602,62.35651
6.1081524,48.49888
-38.956486,3.900937
-49.149734,19.270296
-60.66437,24.748425
-16.428556,55.518375
12.280411,-9.298759
69.98162,-2.2319713
-59.506794,21.862118
16.743134,-57.519165
-41.14128,-34.791008
-59.69028,10.16854
28.284285,9.699636
-53.77138,5.6305513
8.304498,46.71908
-23.651876,-59.981926
-36.409927,-44.58189
8.60475,42.77756
15.269988,-48.46742
15.906963,-49.78865
60.343597,-42.494804
-28.327026,-40.239117
59.0334,-40.28806
-3.0326815,49.954113
-44.541744,-45.81538
8.371816,47.71283
-15.099564,34.59776
17.743801,52.01464
18.73555,-14.276716
29.65183,-30.843544
-43.5005,2.4992208
-62.546276,20.497278
-4.093931,-3.03221
78.95163,-5.6073365
1.7835219,35.700558
54.768642,-35.800476
-19.405901,-25.153975
-9.213696,36.623486
-71.045845,15.725976
-73.409424,12.769976
16.326942,59.490227
35.709488,29.020042
-13.102257,33.08539
-35.229706,-46.56875
-10.008171,39.310207
10.534101,-8.293198
20.285103,62.015266
26.260424,-23.966513
5.0370245,46.468716
2.3967905,14.127394
-62.79586,-5.2916102
-15.504775,0.09994973
5.5652323,66.79563
22.179361,-11.841992
-6.507049,-17.374182
52.73314,3.2494555
31.369894,29.614359
-10.287665,59.25637
23.8691,26.866993
-66.48074,-13.399276
-11.832654,9.006548
-36.54351,-40.55616
-6.4259048,-2.1612701
-72.77715,4.6251035
-44.433315,29.620111
-65.70938,16.045025
-20.763996,42.106373
-39.973682,16.48174
2.137028,17.425056
7.7401967,0.43857387
18.569267,-24.954071
-45.864994,26.35714
21.443512,-65.73046
77.92556,2.906147
-4.22259,-11.111219
4.1215386,15.043936
-31.681202,3.7354739
-0.84652764,-26.214222
19.462635,-38.804623
-22.739294,-52.07804
9.348281,-54.266674
20.422884,12.078368
-1.0719893,62.03821
-55.61359,25.017084
-31.312752,-45.56344
29.346428,27.224737
-8.1741495,12.052133
-59.5082,7.2620473
-31.935274,-51.6153
72.55824,-10.055038
19.530815,-56.684837
-31.15468,-50.46446
46.896698,-0.0073679695
-44.458023,26.362314
64.21645,-3.360968
-35.159313,-50.001606
82.46634,-7.727542
-3.001722,37.346027
2.7142122,35.53491
-10.717245,15.979935
16.044823,66.87058
8.255743,43.215748
-57.96069,14.156514
8.610558,-1.683135
-14.099521,-59.14522
-67.24117,19.149519
-53.700512,31.081825
6.0249467,17.4732
-31.398514,5.129058
74.23906,5.6236467
53.00897,-48.635868
36.917007,38.511723
-9.634495,58.252983
-64.118484,4.908965
-49.333828,-7.3184896
16.473204,-50.453804
-42.185608,-6.669551
35.912407,-27.215803
-1.1009706,20.890478
-49.0409,12.601886
72.955894,-2.9579499
2.9587038,76.30807
44.369946,0.7759023
-60.486744,24.271095
-63.77783,-13.37037
-65.09754,12.741126
46.999603,-40.27183
2.0766451,75.30371
76.691315,-12.116253
-28.687656,-32.71994
-19.864632,-12.303903
-54.772636,-3.9079053
-75.469,12.629371
11.002255,-53.040695
0.22709809,32.770638
19.176964,-62.279922
76.87897,0.32814234
40.959812,-23.101065
-11.231181,47.010845
16.986933,57.2897
8.895043,39.09258
31.601648,9.413928
-55.18563,11.557807
38.448948,24.621758
25.59667,37.701397
-1.7883285,3.5810366
19.638626,-26.49442
13.49373,-58.06522
15.347492,-65.20301
-67.53856,-7.560061
-0.7922919,35.860577
-8.777451,56.082684
65.50641,-13.26896
65.16382,1.286927
50.663467,-39.1381
-10.396538,33.545876
-0.03912745,19.329884
-31.568153,4.208678
0.6567064,5.020014
18.917343,61.380005
73.964775,-2.035684
-0.9928894,66.855835
-46.38734,-48.29374
-26.60067,-34.663868
-13.580142,-6.660816
33.614735,-11.43108
4.915091,40.14203
-29.719244,-51.806538
75.25248,4.6375937
-38.55747,21.181345
2.7209716,9.103517
-21.45497,-48.839344
-70.26939,-4.14048
-62.490063,15.316458
73.90581,-1.0039515
69.90744,6.670847
-44.791046,22.910234
61.144196,-41.378674
34.458225,3.5997822
-31.747107,-39.648052
-31.158041,-29.808992
-34.18197,-31.585701
47.030872,-48.417183
-3.5046697,-25.834742
39.555542,-20.302784
9.233641,73.59317
44.36179,2.1862462
-37.80162,24.768667
-22.727571,49.80241
67.17294,2.8645313
3.8383229,46.469402
54.193516,-54.92726
13.980152,6.633336
-45.922382,6.196378
8.763709,-1.805203
63.625492,-0.7148373
43.41188,-16.238556
0.016039042,-21.996305
-8.544865,62.414997
-41.654163,-0.7445722
46.715168,-2.6833496
8.280655,50.290573
-0.35346738,6.5385175
50.64175,-50.271954
-42.929874,-45.21513
-13.691835,-23.057396
-22.022497,61.16458
-2.756787,-27.986374
-6.524102,-17.270319
36.89811,22.836723
-11.203404,-24.700405
-42.110126,-36.499454
7.6874604,16.998308
34.23694,-31.510996
25.44195,-11.78213
14.987622,-3.2226028
50.26247,-34.072178
-41.619633,-49.03424
17.896751,62.462482
7.3054943,58.603058
-54.338993,22.72034
-37.43982,-47.700817
-31.72473,6.2366166
39.969223,36.00128
-31.632704,3.707779
-16.327087,-42.05669
49.44781,8.64232
-20.933403,-39.206646
-14.915158,-4.083128
1.733449,75.65316
34.593353,41.438313
-20.073328,-37.361923
47.312225,-37.44447
64.43999,-2.3492908
19.576057,-11.8278475
34.840786,43.101948
-36.45269,-4.8818665
-15.77525,-38.138836
-7.429586,69.058266
16.595978,-50.462452
25.330996,14.118938
-64.6131,-11.196941
-37.739323,24.013279
55.88966,-53.426136
-22.197023,37.625034
-13.08408,31.519485
18.54794,-35.794205
41.634415,40.030323
43.120956,38.041
-34.240376,-32.560772
-35.167286,-1.5377696
-5.3297,-6.7507386
-7.854152,52.581036
-7.3481216,46.74012
53.589504,-51.555347
16.100784,-55.347168
-41.96925,-9.118268
63.190502,6.1266212
34.10163,-16.828209
35.515026,-3.9576576
35.722958,-10.886152
23.734255,17.635138
-53.38307,5.7665777
32.985573,42.87771
72.43943,9.89776
7.670377,1.4722241
-32.898457,-44.520496
11.366691,-52.83608
-37.191948,20.739971
-14.302285,-37.313915
-14.179141,65.04084
-35.627823,-53.86419
-59.334343,19.496048
66.54882,-0.15310696
-10.059691,68.76564
34.02662,-30.759933
40.094246,40.785114
42.59536,-0.5260164
-41.645824,6.0918107
17.056297,53.03961
43.12469,35.229492
-21.747448,54.90806
-22.417803,-8.329977
-51.504684,7.4334607
29.716158,-23.935223
68.571884,-11.824926
-45.112507,-6.3034697
-2.9933472,-5.803766
-71.09769,-2.88575
-35.275696,21.71781
10.2919445,1.7700127
30.873138,-25.37073
73.02562,0.20564355
44.189117,3.8301044
-36.399998,-49.20246
-7.3638563,-8.414463
-2.4087155,48.164295
-20.421911,-42.59204
34.115665,2.7397404
10.078685,-59.183853
65.694,-12.801347
-45.18283,-45.786728
-20.40281,-59.28753
-46.664234,-48.550594
44.717983,-1.7304965
2.8680422,10.184584
26.50138,13.139663
-0.9693141,14.6711645
-30.147844,-41.95028
-35.949074,-4.309154
-32.15959,10.667919
-51.84006,14.571449
-55.034065,-11.527938
-35.467937,-3.3666496
7.6593337,-55.261284
34.048515,-12.912519
48.557865,9.891664
17.831373,-26.862581
15.859832,-64.07751
8.268755,-58.130413
3.1191647,39.10462
34.251358,2.6551356
46.843063,37.487362
-23.093124,2.3961217
0.7163475,-23.346409
-13.58222,-56.61666
-60.106865,-3.8346965
-49.290485,19.581327
22.052732,-38.471268
-0.843877,20.730303
-35.684338,-6.4689355
47.449318,-0.37275317
-50.635406,-2.5862966
-55.13309,13.718216
29.280024,22.765469
-26.083288,-51.9538
-14.031389,-13.268887
68.26508,5.3774457
69.7836,7.5906715
-42.674236,-5.9791064
0.5854652,5.25899
1.141874,38.29285
-59.747303,28.554277
-49.81059,-4.3387136
-9.915054,-8.609745
21.644007,-57.84061
21.578419,-57.120987
27.59402,28.946394
-50.09663,-2.7028375
-23.765165,-4.233768
22.15183,15.545137
-10.983846,51.727448
-38.63739,23.280704
-44.002064,-39.547554
34.47186,12.305233
57.61485,-42.45126
-4.8279576,40.0183
7.426183,16.193653
-1.1203315,41.84705
52.72678,7.503049
51.360046,-29.26893
0.21162257,64.39018
4.2231593,-21.091608
39.523857,-15.549726
12.924784,65.20363
-51.50428,14.72437
-42.40863,-50.45432
11.826079,73.76354
-42.033062,20.735231
24.921091,11.877067
20.143133,-57.04839
21.780722,-64.15225
9.597196,65.37224
-16.968992,44.283314
-30.093895,-48.194004
-44.953506,-47.6325
-28.0745,-39.393253
-3.2875214,58.377155
-5.560245,46.231705
38.873158,24.695274
-53.939377,21.498003
-61.41085,17.283659
68.90914,1.1344208
-48.079094,18.096561
77.34932,-11.127874
1.7393053,75.78776
-46.163013,-49.408443
-14.467766,59.7302
15.829779,56.941673
-57.777653,-1.5945163
-45.578316,34.512623
50.28236,-44.28582
-57.650475,-1.8399775
6.6254396,37.229794
49.102543,0.04992493
-59.531094,11.82867
-4.461434,43.19944
47.33602,-34.359653
63.39864,-3.4467025
26.666,9.382869
-4.420541,-3.8864808
32.053467,-30.254595
42.645344,-36.439777
-52.920376,-1.1444557
30.379057,-16.923141
-17.103487,0.96652406
-40.798935,-38.31483
51.911533,-36.924454
-65.999535,11.315181
36.962452,22.80062
-50.347008,26.219585
2.2026165,57.958584
-58.93654,-14.995453
28.104517,-61.835304
9.299623,1.5839422
-1.7697614,53.031094
36.20964,39.244972
-10.740937,-9.324977
40.621243,19.321922
-56.182655,-1.2792634
-72.37272,4.865219
33.10924,14.519748
-9.914481,8.824579
-41.983562,21.89213
-67.02611,15.759416
-1.0438592,-21.012167
-19.944761,58.56722
-36.06761,-4.177877
-26.190948,-44.6724
77.838844,2.8444052
63.414536,-45.065865
20.247389,-62.851856
-25.06693,-44.104633
47.33139,-47.344543
-4.736783,37.957916
-5.288678,36.94796
-66.436264,3.9177477
9.3994465,62.899956
12.545857,-66.82969
21.477194,-26.87528
-4.399422,-11.203005
37.759674,21.664682
19.498068,55.625942
50.947422,-44.005703
-64.89032,21.843632
-71.0726,16.826216
-35.208588,-35.439026
-5.535259,-2.6467352
-51.37574,2.1736233
-5.5491805,-2.7806523
60.026104,-40.9951
42.232822,-20.249304
-47.269146,23.70743
-41.41686,-48.818314
25.704348,37.796066
-51.815254,22.555021
49.90355,-44.785103
-3.345633,-9.936375
18.18817,13.252674
20.875483,59.627945
27.826233,29.141644
72.093315,8.534783
-2.8998153,-26.766308
-69.15934,3.601855
-41.01893,22.836212
35.834396,-14.431082
-1.0633069,-25.64416
-13.073442,10.525012
-3.9381123,41.21075
-29.189342,-29.356567
-73.90229,12.461857
-6.801001,73.313614
-16.432926,4.0021133
-13.185984,-10.164964
2.1726718,50.760384
-59.981087,-9.768672
-20.07699,-4.381989
36.322758,-3.9396687
42.354015,35.382187
-14.977934,46.20179
-35.54165,-48.491188
-23.267376,-35.5004
-59.58108,5.974059
-70.93839,13.750181
74.294876,-0.63479614
32.410152,26.567358
-65.07371,20.363287
-20.992071,-49.35264
13.201376,-65.31629
8.292851,63.202156
34.41345,1.4586308
61.758926,-8.974061
-35.69595,13.11769
6.0968184,37.534885
31.764599,-33.401276
-43.3716,-48.311234
-34.41353,-44.891006
20.465239,59.9046
12.51538,-55.303818
35.07709,20.64942
-7.6419406,53.598305
-35.36599,18.956213
-34.545967,-35.520016
-32.30129,-40.483208
71.39091,4.9336805
-38.00311,-51.52147
34.42239,0.60961694
21.736393,-28.026062
37.24144,19.928001
31.848331,23.791159
-64.63798,-13.388611
-37.61072,25.722805
-6.5272655,-44.93939
-44.41872,-45.944748
-9.067314,16.549904
16.305244,-5.9143844
-37.879044,-46.648453
78.6624,-12.1757145
-6.1448116,72.99725
29.621105,9.960909
14.313174,51.52778
17.24948,-37.33608
-70.43279,11.927741
-45.56159,-44.861843
-2.304184,-24.921589
9.469068,65.37988
20.243166,62.775253
-6.0849233,62.37621
-13.955631,-45.276043
-64.0962,5.4854846
1.2995313,73.85973
12.090563,1.9902122
73.987946,-6.619583
-16.537996,-56.092125
16.470425,-55.67557
-51.64583,28.807846
8.311932,64.13158
-19.11481,-54.04011
1.2223077,60.22412
-9.869004,45.91042
1.558408,7.9286346
74.554756,2.9001086
-36.942352,-42.727005
-67.11043,-10.481426
-32.05757,-39.424717
-58.056866,-6.424112
-44.187923,23.322128
-31.12839,5.783395
-55.960457,7.7540236
61.14972,-39.014362
6.627471,15.640742
-48.328693,-9.852715
30.238506,-17.010351
-10.889983,-47.851814
-18.765333,43.23639
-29.258553,-46.366142
-11.171486,9.426482
24.932516,-61.20781
-13.07734,58.939484
3.2750695,36.15312
44.29862,42.284508
-38.586914,-29.449055
12.5040245,49.263252
-17.185425,32.227325
24.87826,24.85149
9.611188,-55.725925
31.489077,24.96544
11.729739,63.91696
7.5665727,-5.386611
-22.060474,-44.035393
39.397972,20.843632
34.225838,-0.26405564
77.51398,-5.6906543
-39.686943,-7.6044693
-23.686367,-60.306873
-19.176691,32.595936
0.4236821,46.18066
-49.80835,-1.3209708
66.11508,-4.8580594
-47.636402,-46.661144
-41.221992,14.788701
7.0137653,21.87409
-33.81805,-2.98582
14.525075,-34.816128
-5.2863574,65.9703
0.99528724,42.84096
-20.807783,-7.783584
6.1387167,68.03367
-8.407811,-3.6348586
29.77001,14.153679
79.59027,-10.15779
41.555855,36.6172
43.45996,-36.925785
12.408205,-47.80687
51.534084,-30.471848
-4.863973,58.34683
75.45005,4.4038825
16.542828,-25.988161
-6.526877,61.97929
52.515446,-50.112274
-19.122253,46.489777
56.55419,-47.889828
24.233719,-49.969498
8.488555,53.141045
21.734617,-47.995834
-5.119108,58.469215
-55.839153,10.507475
-43.793255,23.509287
31.050314,28.665213
47.19426,-38.453327
-58.512535,10.716306
20.116304,-61.501137
43.588512,37.99582
4.5153966,37.8595
-72.796555,-0.16074705
-9.466986,36.61574
16.511602,56.578236
4.294336,73.30811
-41.462696,-5.373848
-50.606537,-2.518743
53.66974,-39.777866
-33.898735,2.302126
-60.34024,10.973631
18.144447,-14.763469
-34.550724,-46.162304
0.92928463,56.689102
-66.57909,-3.71102
35.90846,28.567759
79.45965,-2.3701117
11.119065,-59.170906
9.7681675,-55.867485
34.239086,-14.4509735
27.96677,-24.509945
0.5669645,16.876774
46.604218,-2.9798458
1.1662787,-21.812166
6.1997147,65.309525
-0.9676462,-21.559935
30.965414,29.569422
-25.701576,-28.323057
-10.097445,65.20385
-29.252783,-44.275433
-20.16845,-48.340096
-26.011017,-51.188984
6.3293295,20.411436
18.208122,-24.090607
66.12218,-10.643422
-22.558142,37.90918
49.184822,7.0187163
-10.450203,37.781334
72.928925,-0.19485073
-18.467,62.333874
-33.499737,-50.24615
46.449352,-41.403954
44.183388,-35.811012
-35.348614,15.080323
33.45972,43.057514
-22.39045,-58.133945
11.915321,3.4580548
38.93175,25.050615
4.8187556,66.54656
49.200935,8.77144
33.10504,-17.300072
15.501038,60.731537
-45.927715,4.961995
-54.488205,29.727068
67.452545,-14.700404
27.910723,28.824833
-15.628154,-6.556636
-6.401592,68.03157
-32.22495,-34.279274
-7.816908,11.221525
-54.637115,23.94634
-2.8024569,4.857284
-13.193579,33.001545
-28.605265,-33.754997
52.140594,-45.436096
48.833546,-34.58863
38.158504,28.8472
38.28289,37.878498
-16.488623,47.46614
-16.26185,32.89979
-16.122509,-8.711125
-0.4866464,-25.762754
-3.3381522,21.6468
26.278902,-56.76167
66.495575,-10.319004
57.304382,-48.543877
34.177628,-12.901652
-4.213547,8.93784
-16.4028,33.539917
79.28041,-1.6682585
31.979242,-0.28802693
-72.60016,15.004834
0.6508652,64.35136
-13.619714,-9.147131
-16.27356,39.986637
-12.542718,13.59794
15.191116,68.415924
-53.571106,20.998064
42.619663,0.46748102
36.676987,1.178859
-42.65112,28.093697
59.98457,-34.64981
-3.6891713,43.138893
34.19576,-32.13468
-52.41379,9.661066
31.057638,-31.585588
-60.978077,12.269056
-69.507385,-6.617124
1.0774937,11.086825
72.619934,9.068759
-63.438034,-14.077961
-43.3885,27.674393
29.166569,22.658978
26.44124,9.832043
16.052023,-63.868824
-72.88206,1.0244414
-26.933691,-45.999165
-48.944294,26.14662
8.458394,-56.822075
-26.281313,-47.599728
41.7926,34.652645
-5.0561256,45.15984
-59.228596,5.6782146
-11.897147,-8.085819
31.149685,27.793102
-15.352027,14.38138
-0.6032625,59.886463
-10.709747,73.72114
49.109608,0.2755291
-23.393326,-59.21044
-19.95527,-42.08876
-13.659507,-48.58985
28.988504,25.573992
-45.008938,-40.405678
-11.65921,-53.536343
-8.140835,55.260475
-67.49478,-10.080083
-14.992071,-7.7806897
-8.504582,-49.185085
22.380606,14.7587595
-40.726513,-6.868495
-19.919044,2.8439353
-33.0628,16.585615
-50.225765,28.336588
-0.5239823,18.520977
21.654783,24.835802
57.41279,-40.62643
-45.996906,26.699059
38.450325,19.082462
-29.43904,-33.521763
-49.174377,11.413058
-43.806694,29.38627
-32.390068,-51.279346
-48.811283,11.520951
-10.360163,34.13353
-1.4457917,4.0226808
17.91845,61.711132
-36.321964,-44.06885
-36.218533,-50.686234
-19.819235,-47.493916
23.612762,-63.687992
-18.785522,54.892265
55.35837,-44.56264
-20.175583,36.819237
-2.3030748,39.35908
17.29739,-62.801888
-5.5417333,69.76185
35.61782,-15.036026
-48.81005,26.138578
48.52866,-56.143898
6.6050763,37.342678
-47.393368,18.389576
-48.684048,13.082478
18.34175,16.956865
14.701814,-67.20437
-20.465933,36.847755
15.0129595,-36.273468
50.69804,-30.468117
-49.49324,-10.433733
-39.305714,1.7204211
-1.9859202,72.02163
-11.799041,-42.801037
-9.4753895,52.635605
0.3799131,74.848656
18.552538,-30.29665
-53.22721,-2.822707
26.474304,-63.142384
49.246517,-54.57147
81.38778,-12.900386
-37.474186,-50.033024
33.92533,25.335514
12.543005,-66.85512
17.711554,51.284676
-32.88969,16.581886
18.849127,-55.619324
13.638125,-3.507967
20.18877,-15.572257
19.769121,-53.48816
29.449959,-27.267382
-6.5494924,-0.3105234
-60.398674,-10.880485
-52.611046,6.990388
-19.748333,41.864502
31.103184,28.101967
-14.937967,-11.8222065
-9.791127,34.72994
22.018408,-65.14059
20.897982,11.985667
11.095042,-49.218586
72.97087,-0.0226131
38.322884,41.548893
56.326088,-50.495804
67.573616,3.953567
-24.736935,55.258156
-2.0954745,11.934166
10.559914,-66.1028
-23.546091,-38.641308
-20.956614,-7.3585806
-15.385421,34.582703
2.160278,52.95923
72.59327,3.412586
41.55121,-3.1068497
-50.61296,1.7832087
70.63316,7.525172
-5.8582683,-2.8982224
-13.16701,41.383766
-18.726448,42.77904
-60.363075,-14.848482
36.404808,42.82084
-37.392963,-3.7223246
60.94677,-50.56688
-30.560461,-53.872063
-14.809988,34.644936
-35.616573,-45.423298
40.31095,20.31956
22.706211,-57.119057
-6.991835,-6.0790434
49.434906,-50.00494
44.54155,0.2497388
33.747746,13.716937
13.67827,-3.990132
-3.8599722,61.1168
9.223804,-61.95053
-0.9209162,60.732613
-4.4719725,38.019753
30.812866,16.102352
-19.938234,60.43762
47.16641,-46.548424
-14.416034,-60.32325
-3.1920075,38.00404
66.504654,-4.924935
-15.202203,-12.582606
55.006577,-49.81036
23.966167,-10.162831
-15.9739485,-54.9604
-13.531867,55.467556
65.848366,-13.893037
47.504086,-35.28878
65.781425,3.5608935
-38.738716,-56.622295
46.533604,33.411625
64.9481,1.1491084
-42.810818,-42.97848
-15.097833,-7.702208
-5.3172174,48.051277
-37.78992,-7.4209957
31.567427,-0.35944608
-55.648426,10.29271
39.979343,20.016258
41.267452,43.221924
-32.35894,6.3935976
-23.65627,55.069904
-19.284508,-6.169402
2.3482294,16.650116
-56.283035,22.943861
-23.835964,38.692383
-15.88087,-38.437145
12.569078,46.108776
-33.569504,-40.561478
25.34176,-11.906595
-62.810066,6.55621
56.239475,-43.738503
30.036255,31.405272
77.75292,1.3336419
-6.9920545,62.118366
22.320734,-14.17783
37.691513,35.53208
26.50851,13.176765
36.64407,28.070797
78.769135,0.7797016
43.32151,-17.808565
-2.9105773,-21.024473
-20.697237,-7.400783
4.4176526,69.10692
2.8285003,75.06068
-32.723564,-29.382751
-16.866076,-23.620615
-31.507381,8.386093
-5.959497,-18.544884
35.89909,26.182463
-61.25846,27.255032
16.817352,-56.768375
9.386559,39.036243
-5.61322,15.613375
-11.258472,54.507847
20.903875,13.902183
32.96266,8.39003
-19.114923,-54.173958
-41.55333,-38.15012
-0.45773128,9.710088
-46.593216,15.658377
-70.546,-6.298866
22.264286,27.552872
-6.6909976,-51.937363
-9.147831,66.63327
24.812193,-63.56998
50.294697,-48.642693
-20.92965,-55.669464
55.315643,-27.914
26.042837,-23.707952
53.579266,12.200921
7.7896647,-5.4314914
7.293546,58.629627
-0.5489983,14.517724
-52.67149,28.342745
-57.04423,-8.621018
-60.354103,-14.855327
-2.72804,3.522534
14.167239,3.179708
-2.9276807,54.715206
-45.905922,-48.876316
10.323045,0.9257938
17.687458,-25.354443
-1.8774471,44.31202
2.923124,39.191322
25.007967,-65.71009
-19.140179,47.122784
41.37027,-20.048103
37.762524,-15.685669
66.148705,-10.786973
16.435852,-5.9283
-5.8406577,12.893911
-24.824148,51.68624
15.24144,-5.575643
-20.06958,-51.539948
-53.705654,7.5458984
33.309086,-33.500942
71.39134,-8.793611
-42.58962,28.01461
13.174348,-57.349476
19.326124,56.428394
16.165031,54.731606
-47.82323,18.25642
32.78496,-16.381073
16.755243,64.13167
52.45292,-51.36006
-19.301275,-57.198837
-15.399126,1.3217921
21.100609,-26.336287
17.298859,60.403313
45.436478,4.741895
67.70216,-5.539944
43.3412,-16.1198
9.2705555,73.46783
-39.52633,2.715618
18.334963,-14.825318
-66.26563,14.807101
-13.825504,-45.106255
-22.19199,-8.397847
-67.31959,-13.155543
53.301727,-36.28915
-18.845793,32.284676
-14.566547,15.550368
16.135204,-35.629658
7.3416877,70.39354
27.647734,-31.733572
-2.452266,47.44052
-4.3218207,72.73926
-18.783175,33.924244
26.173147,14.438119
52.737347,-42.604836
-13.774723,44.8575
-8.572644,53.55686
-9.849482,12.570162
-17.835085,33.35739
50.69663,-44.841007
58.612022,-10.532839
-40.468307,26.87144
45.085995,-46.71032
-9.246565,48.73104
-25.46375,-28.816877
6.0392017,18.54462
-56.727867,6.378646
-49.540817,0.6068347
-25.830563,-27.14344
66.47416,-4.9639654
-21.12936,-40.27922
39.633835,23.317802
21.432558,-58.896427
-18.334682,55.441883
-10.12157,-27.976482
15.577358,-54.026676
66.01502,-6.4685073
30.728016,-17.785524
-24.397121,-47.684845
-54.105392,-3.9416
-4.6314225,7.6580734
-37.946423,-2.228429
27.5436,9.4333
35.48032,44.496964
-51.60801,14.639484
12.530082,58.195786
80.42829,-13.68359
34.864304,-12.846882
-7.9853816,61.222233
-7.351363,54.65709
-37.73111,12.485751
-21.67873,-48.737427
19.155935,-23.7081
7.7566934,18.12395
58.650246,-10.430607
-47.843857,0.35425222
9.025901,-54.116146
-3.5706356,-10.691465
-12.8592615,-44.100433
-13.828115,-28.37247
79.92324,-8.974881
42.699383,28.588017
-61.4362,-4.6671853
-15.259584,51.72427
76.47482,6.208385
-36.86086,16.160715
-16.650764,40.753563
-1.1998729,43.628643
-69.45944,11.540834
-22.667278,-45.989983
3.3889878,14.747063
-33.559814,-39.240284
58.68333,-34.23467
-4.2433867,-18.515867
16.132341,56.496933
57.277824,-27.302582
58.99244,-47.237755
29.295126,9.712413
-22.708874,-61.796116
-15.625115,0.4469884
-13.254417,-51.230488
-44.041332,-4.0613675
-35.495964,9.18018
21.1151,17.3161
32.16443,-34.210243
-11.740754,-45.757587
10.120672,61.598522
-54.61689,12.452082
67.691246,-11.526165
-14.494712,15.748643
-8.072391,22.953785
32.158775,14.833962
-16.65796,42.238567
14.342761,51.56417
-4.8655415,72.74084
77.02323,-8.226187
7.3543468,18.701427
14.131996,54.449276
-19.066374,-46.215153
-17.223282,47.752987
1.2590759,6.3038917
-67.48783,14.901839
-37.981487,3.8557615
45.06103,-35.55594
78.111824,2.5214975
-47.93536,18.578182
-15.214513,-22.371847
-22.516947,-1.3578484
77.49264,3.4516687
-44.79276,-46.06617
-34.752846,-46.140617
54.155865,4.5605097
-54.255688,13.067489
69.869644,-2.0709639
-6.947316,-6.120924
-38.188164,-52.68561
9.81312,72.01707
-12.456964,-52.840748
31.041998,11.977429
16.841438,-36.846176
23.976501,-14.321523
49.460392,-47.086563
-10.8968725,-43.275036
-0.026938932,-22.15691
-35.25312,-50.141617
62.02994,-36.961628
32.90681,24.270975
15.676876,56.8362
-23.940159,-34.663414
-55.86426,7.8409176
-10.945563,-24.650528
-19.733278,0.2041706
2.3545225,4.9748797
4.459561,17.693995
-17.04553,1.9705889
44.485874,39.17362
-8.183281,18.967781
38.768147,41.708878
9.016981,43.016693
-1.0598782,19.27254
8.510431,53.123966
65.10757,-3.5797155
11.607262,52.453716
55.803333,-39.424473
78.4189,-5.2062593
22.414885,-49.866478
54.535835,-29.410522
12.419783,-4.224247
73.36192,-7.2938447
29.561024,-23.432093
-35.03659,17.996443
-2.652853,-5.288464
-12.525548,-43.24625
-44.690357,-50.45901
37.513615,35.073586
54.324684,-40.63899
-22.282059,43.84097
61.726566,-9.137909
-63.4793,4.2076225
61.598045,-37.551872
-19.97326,-44.03276
-2.628219,49.77484
-49.351223,25.766443
38.795803,2.0167594
-36.80254,-6.0011334
-34.73592,-36.168846
-65.094574,-7.46003
-46.595062,15.67791
-14.799295,-10.598688
10.531569,51.86581
54.24798,-42.495316
0.64259726,16.601568
45.447662,-46.5651
-8.095843,11.80774
21.937042,11.356884
-36.17669,-27.765324
10.361403,-5.1664076
-20.82044,52.253994
44.37851,37.581474
51.570927,-36.638634
-42.23099,7.528987
58.204174,-13.657338
-54.186275,7.5904207
-12.673137,51.739143
32.38084,11.744554
-20.237366,-38.1148
2.3609686,-19.138123
9.088158,70.44993
-69.305595,-5.20613
-9.078682,-29.276194
53.77833,-51.65776
61.69528,-9.778261
15.890796,63.021214
57.162113,-38.192924
-48.199158,0.2878854
-28.013235,-32.159233
-44.205044,-4.1080966
46.305412,-48.51781
35.73702,2.5020502
-0.6868584,50.940712
25.818617,27.076473
52.34446,-41.705997
7.7782364,64.92435
-65.78926,-5.6732936
15.074271,-8.8027
-1.0779877,62.025574
-31.563713,3.7491965
2.1386836,-19.140003
65.9563,-14.478584
-53.344425,-0.81795967
-14.326559,36.05101
37.76618,-12.435854
-42.82385,-45.782932
63.347424,-4.3850007
-63.76732,20.495262
-25.888575,-28.61585
-37.797905,25.80923
-40.699116,19.206762
-53.416042,15.972959
-26.01718,-51.30239
-26.981693,44.44556
20.358,16.042961
-48.2405,18.437578
-20.458302,0.37718496
9.599993,-65.01474
63.4323,-45.29768
34.169884,3.626865
-20.731106,40.281487
-34.38507,14.74122
62.04879,-0.5144675
-7.9423842,-52.168556
-74.4048,2.153837
52.180622,8.449433
-24.572004,61.207268
81.17596,-12.705756
21.075663,-26.13998
-49.025803,-6.8923535
23.276693,-63.717106
-9.761915,12.516792
29.827244,16.753914
32.999374,24.467625
-60.63061,8.0743475
65.2704,-3.2194827
9.456952,68.85774
38.415905,20.710264
-26.067406,-37.991425
-11.517283,10.6488695
57.91904,-47.54584
-18.932594,32.57857
-13.661402,-23.812141
81.89772,-13.529381
-61.726593,27.387255
-20.30689,-50.84856
33.06968,13.277825
-30.473436,-37.095543
43.391556,4.6258802
23.965172,14.947227
-18.888458,-59.237785
31.187998,-33.6727
72.81292,1.4729705
-14.863285,46.314857
-11.15343,51.435455
0.9945652,16.146805
34.951588,40.42119
-63.598915,11.425563
45.908985,4.230247
26.236837,9.632364
-65.89046,19.930847
-45.3247,-41.218388
-5.8195543,45.28572
14.313157,50.137676
-39.34014,-50.690258
4.1425505,48.47926
26.224173,9.700481
47.090164,-50.84756
-69.036354,13.25352
-27.994339,-32.912235
38.024475,22.361095
-15.491564,-6.410544
-65.66323,-10.8601885
-41.73287,-35.38036
-9.15978,-10.735453
58.67166,-33.79182
-10.493094,41.6707
9.352769,62.734734
-10.717227,-44.52599
-54.295715,30.508057
-7.369449,-52.633766
-73.3141,2.8307574
-29.34362,-55.778732
-18.52332,55.989243
-59.149044,12.095872
-56.225464,-8.129167
-36.58104,-43.722652
-59.72201,28.539162
12.804478,-48.69856
-35.524834,-48.780575
39.51731,20.49473
-26.788445,-50.629604
-49.202736,1.7181454
31.558992,12.63021
-48.169342,-44.951145
-59.34703,5.5927043
-7.377752,-9.114025
-70.54366,-6.264562
-36.090595,2.480376
2.4013023,56.428017
9.256828,-64.37171
43.996113,-48.466324
-18.536581,45.0932
-42.05029,18.809464
-53.422073,-3.051381
51.443375,10.765549
38.19057,-14.082317
20.633688,-60.97185
-71.13733,0.8959397
-66.06764,-11.951427
18.996912,-34.44209
-64.82807,-12.817919
-14.841671,36.906666
-16.667625,40.639107
-4.0918384,61.53101
79.39513,-11.375251
-1.2426475,14.891839
-4.984102,5.265313
-1.9902512,67.34146
-40.816116,28.977983
-54.395344,9.493075
-44.027596,32.24052
11.1773205,-47.91369
19.636381,-27.832113
56.230774,-49.2306
39.139458,36.71418
43.711708,42.303833
-7.1767125,6.250806
-23.55515,-4.563738
-18.32601,-46.30809
41.786644,-2.9867938
54.538452,-29.50616
10.535159,51.84451
-51.12991,29.032545
0.3621904,-23.40711
-19.100023,60.04884
30.550663,-26.192907
42.006676,-15.844857
24.040224,-64.91565
-18.905266,-12.168023
51.078278,-52.51339
-19.368706,1.9585642
-8.801422,-31.042206
-38.817093,-8.348998
-6.8887324,-51.294437
19.876717,-23.298616
44.685925,-1.6309031
12.257544,72.06413
25.059467,15.309365
19.665041,-38.07646
33.592064,43.436974
11.113116,-7.537529
-49.69599,9.117298
54.097076,-43.89665
-9.887468,-9.388769
-66.02921,8.649046
75.33774,-6.3257537
-52.609776,-8.472525
20.263073,-62.66354
-23.525417,-38.796604
60.634636,-40.158356
54.922695,-38.91462
-32.072,16.52032
-43.73299,30.020384
-44.178017,23.877298
-19.778429,-57.70543
21.159018,17.26881
15.89602,-67.21526
12.301441,71.774826
1.0658873,60.335686
13.284746,65.479965
-10.084972,67.08856
57.192486,-29.39749
7.423543,-5.267627
50.40526,-39.288998
17.247906,-56.277542
48.78244,-2.8037076
-0.6871976,56.52986
2.8614154,6.037229
-8.224319,71.039055
38.590855,-21.035393
-59.41474,20.544859
49.158245,8.148138
23.547892,11.490837
21.493908,-37.423946
16.229864,64.788124
-6.3743057,69.05791
73.64846,3.3582287
18.888191,63.42934
14.349738,-67.29878
-55.035168,11.555929
-40.18063,27.810022
-49.814228,-9.117414
70.44535,1.0725597
14.854848,-56.88448
9.26608,-62.102146
9.758256,51.124092
-0.008944208,14.909287
-35.97239,21.738619
-14.004153,-57.8213
-58.929558,2.6918774
27.07051,-31.75737
35.444927,-18.02598
-68.32277,13.653949
-41.938503,-44.402496
-36.884735,-27.954332
18.629147,-30.278122
-8.68673,58.253708
-53.3001,16.078142
20.485294,0.5921224
-45.82406,-44.564964
24.102842,-49.955063
6.3814387,-53.491787
27.132484,-25.369886
1.1341224,10.769157
34.69877,23.475367
-12.586744,31.223755
-40.43238,16.682852
-41.060326,-2.526432
13.083016,-53.057774
-0.7562494,21.173931
56.428185,-50.733395
-14.07214,62.38822
12.044627,63.870243
37.153194,2.3223908
21.355242,-51.48855
-7.1822133,-1.4835278
19.492159,-53.842175
-32.143604,10.203372
54.622307,4.150225
-54.756626,-11.7213745
20.656256,9.056561
31.899069,-19.434633
-22.440407,-1.3980646
-19.745594,-37.309193
-68.1097,3.1910691
15.948064,-58.951195
-0.65694594,10.014309
21.703533,-47.666527
47.893585,-47.324196
8.491462,53.14634
-46.404453,-6.3503323
40.734375,35.291664
47.604996,-1.6353009
-56.470257,-7.3579745
37.600697,43.56615
12.2703705,72.13385
-14.19289,-10.849078
-16.928226,2.4656148
53.0664,-33.6267
-21.435097,-50.43253
-72.41595,2.9848251
36.041187,-3.9506423
-56.50935,-9.897198
-8.004403,64.287636
31.19468,16.242529
48.49062,-37.28131
3.520801,9.6562195
49.796745,1.231103
-15.527614,0.50041777
-1.4485497,17.908562
46.115,-46.98748
11.986225,3.533251
-44.85775,26.367077
40.50662,38.66398
11.510776,50.761295
45.93962,-20.536657
19.530062,-32.5517
-18.792103,-52.368
-29.372812,-55.834812
7.1807942,37.34597
20.904175,-31.624102
-6.541153,62.37085
58.49054,-12.983313
-15.704245,-51.875713
-57.236195,26.58957
15.413939,-67.30558
-56.790714,-0.017243998
39.55064,-19.996109
25.125784,36.235573
-38.165398,-55.586655
-11.804474,15.714957
29.022741,22.779861
38.443672,28.332655
59.23944,-33.878265
-14.160107,-44.464584
19.044407,-34.492737
78.88657,-10.203993
27.082586,9.516851
-7.39587,-8.434509
-62.667892,18.668112
30.056414,14.260021
30.665787,26.296082
-14.774234,-27.975576
6.0010085,67.1805
-14.3525095,-12.298786
-41.578915,5.8512964
32.87049,31.033699
-45.732742,-5.196235
-5.993077,46.940365
-60.151913,24.485252
16.69854,56.374855
-30.207306,-54.51231
-11.353317,10.831412
73.429794,-1.902938
-36.0418,-6.440317
-40.734787,31.346508
45.79347,2.052586
41.229942,26.297594
12.7088375,-5.4989614
-62.7257,-13.024897
54.34799,-52.53345
-9.88836,-3.8559656
2.377281,73.316475
43.494385,0.8329268
4.7713103,70.86379
45.978565,-19.698223
25.186615,-10.915229
41.21696,26.297298
-12.614901,-6.322372
-1.4812719,-8.224905
-14.226756,53.664
0.108658664,4.8180404
18.593462,-52.60667
73.93137,-1.9921819
-39.9925,-5.393424
49.049023,-54.76006
-22.664263,-50.089718
65.58376,-14.828536
25.018131,16.778803
58.25453,-48.160633
22.0081,-56.08435
53.769485,-51.625454
-35.57481,-37.79331
-70.17863,15.740914
45.63832,-40.331783
-71.400185,-2.5337408
-26.662079,-29.52201
-65.815796,-12.605259
-71.403496,-8.363648
78.238976,-4.339298
0.40437457,57.587574
42.004913,38.750164
-12.509769,-53.495235
62.95054,5.608615
-38.01226,-28.168016
-18.368603,59.634075
78.39401,-1.952996
-7.238424,-1.9323603
15.158763,-64.38446
57.810246,-29.116875
-19.775965,-12.552347
-43.002796,-8.519628
-65.35538,14.759748
-1.0227256,14.693188
-1.0533034,17.86623
-17.326242,-62.208862
9.88627,-5.6333084
-12.298036,-7.406138
8.636602,68.462746
-58.672775,-7.285545
35.029808,20.256804
28.056032,-25.9471
-47.854187,-8.0442705
69.67821,1.9345824
-68.523445,4.6432214
-22.730902,-52.07264
3.0858905,37.67012
73.35346,-9.865746
-42.10893,7.312002
47.303608,-35.656414
-26.274668,-48.981323
-6.198759,-2.0489368
8.601247,43.816143
-15.136084,-36.96088
-66.773224,2.3626945
-60.457535,24.147194
56.149467,-36.90035
12.744898,-9.325406
-38.31925,23.620031
-2.9883661,44.09001
-23.6569,-62.318466
3.3109176,72.81125
17.680645,-30.1388
34.237915,45.054
37.743134,-27.801455
36.08315,27.94305
-36.046906,12.596915
28.99797,11.891772
69.72427,-3.4493616
79.586685,-3.2958949
4.707373,69.52673
-35.1001,-3.092846
9.699984,39.116146
36.251278,-19.23954
-61.049835,-4.1792927
-43.000256,-3.9640598
20.060429,-14.713134
32.931347,12.323621
-44.115246,-3.9844286
-42.690723,10.840321
-1.2355791,41.93844
0.30674633,46.69753
3.6273365,51.937164
-20.244026,58.35286
78.980606,0.56292164
-38.339787,20.757717
-38.15456,-42.484222
9.313292,40.56172
-38.314846,-1.6681066
14.86589,-8.018681
8.335893,68.130936
-58.430004,10.965698
-53.55827,21.009268
31.24531,-24.385138
-37.2184,-7.466047
-19.015594,-54.00145
29.008562,26.91857
-14.147996,17.995178
11.592219,-1.0637425
-5.577126,60.270508
35.021175,20.860819
74.75013,5.1738186
-19.677372,1.8638554
-14.270014,-58.425953
15.872935,-55.50451
-59.00246,-15.22093
-19.859959,-42.648525
-17.130354,-59.98077
26.111683,16.429358
14.57718,-67.1207
-28.533054,-29.314083
-40.81076,-36.157932
61.880222,-50.55301
40.861343,-23.208183
10.785981,71.37756
25.26546,17.947287
-25.394552,60.87078
0.1825689,12.190752
9.9379635,-9.942789
-34.324093,-42.213276
-37.18124,-47.578094
-30.845201,8.073803
11.131011,-56.148315
81.188446,-12.046465
4.380053,63.858162
6.620465,43.730385
0.5513329,57.473892
-9.992441,46.090084
8.6556,-58.410347
47.918236,-34.21857
-11.28816,67.789055
12.065271,-47.833534
-10.2313385,67.8527
6.5462008,15.995158
-5.8897476,-20.207354
-2.5130377,-25.074734
-23.036146,-37.079643
69.582,-6.40609
-55.129074,8.488564
16.0361,66.67481
1.8925078,32.80705
-21.408318,45.995934
-29.413347,-54.55248
-48.146675,-44.21878
-49.597958,-9.561227
0.4956213,74.52638
35.783966,26.039423
41.162525,20.103952
68.25165,5.406202
61.1741,-40.72733
-12.963137,49.161896
23.393373,-66.55455
30.392962,-31.689419
-23.779512,53.59528
74.131584,1.8117921
-11.5623455,-48.67451
-17.509626,-41.008274
-15.516307,61.66174
-54.45708,-12.028006
-34.16087,-28.726141
34.822784,-17.045082
14.1993,-63.806725
-58.80603,15.63981
-16.474436,56.109173
-60.56046,19.78669
-30.468763,-61.632618
15.735624,-54.188114
37.452473,2.6124046
-62.11128,-14.984909
41.640553,-15.913554
-8.974662,55.566708
-61.658066,24.563509
79.94042,-8.756217
-54.339603,29.606878
-7.0680003,-20.699156
-16.643744,57.90648
-73.56703,-2.6600943
19.618689,-53.69956
-54.99874,10.70056
-53.54274,31.271473
1.3436053,45.712017
8.277554,53.029922
-9.352171,-9.172774
-34.430923,1.4028243
-19.982647,60.47677
52.269817,-52.162823
-57.854923,17.261654
-7.557049,50.55222
-13.887126,59.897263
-9.377328,-3.8438404
-32.144802,-36.96568
-15.265045,-58.357212
-5.6102176,40.80379
-1.3170964,52.950745
30.943222,30.913565
-22.695276,-59.48724
-14.321298,-44.561745
-59.987034,25.891027
-13.152028,41.411392
19.540619,-24.896002
-5.9951835,-7.735304
-6.911991,-8.341064
81.59429,-7.5236998
25.639036,-22.909319
-56.885468,-10.414964
-1.004416,-27.670126
-4.499319,39.409622
-16.826101,-40.24893
20.59593,12.274184
-46.985535,16.76846
8.079403,46.812176
38.406555,27.985111
35.218468,-18.688389
-43.94162,22.544798
58.15353,-42.294342
-63.047485,4.401836
-34.654274,21.792688
18.641155,16.25408
-12.170562,12.3490305
3.8515897,75.179756
19.50963,-32.841194
3.98416,35.251198
51.11084,10.919079
33.744987,-11.597808
-17.112736,-1.3123456
25.097183,23.982218
-34.443336,-48.3651
6.136963,68.3556
-68.60413,10.7065325
-7.7879376,-51.168724
19.441069,-27.6451
-1.9675809,-16.593622
53.593666,-43.743008
2.8606162,34.993507
-52.630157,12.938001
54.020138,-53.584503
-15.354378,59.575035
-23.02182,-35.113373
26.562439,-57.116463
-66.05619,-5.034994
-67.57274,12.969543
53.58621,-47.965042
28.120033,-7.470775
-12.677416,10.700559
24.521282,23.339207
-22.303495,43.905968
12.074216,-54.845356
-17.876402,61.245163
-13.885599,-38.73935
-15.3317175,-48.798405
79.61125,-10.166305
-38.255127,2.3017447
66.55134,5.390609
35.057858,-27.160887
-16.120737,-12.845137
30.548897,8.194318
20.36829,-11.197872
-5.2033777,-45.50808
-71.96984,15.672923
-53.28056,-8.423793
-51.875233,-6.9132333
-53.83646,25.313986
-40.372593,28.230747
50.15972,-47.92633
-13.163617,41.38767
-37.34876,14.830044
69.25295,0.27276635
-4.4215927,38.040016
12.372406,65.38893
-54.43554,7.40404
24.904158,25.162851
-17.084156,43.36139
66.04244,8.647859
55.666115,-37.977787
-35.254234,22.020693
8.919243,42.94849
21.47621,59.814735
-8.445693,-44.91082
-21.255995,-33.963665
-36.85682,-28.095924
20.32303,-63.405712
-32.601936,-51.537827
-41.57136,-0.5179117
-40.984848,-3.3907318
55.604156,-30.488688
-17.868029,-26.741203
7.359605,66.98847
-24.814983,-43.318592
23.224117,8.045521
58.830154,-10.382841
-16.714804,0.903397
-13.695501,-38.6572
-22.864803,-2.1404543
-1.2459877,35.723103
25.094038,-23.601168
38.916515,24.637043
-41.601887,5.3844743
-7.9111843,73.4766
13.09881,-3.6962159
-52.581875,-1.2140603
-30.596035,-47.851093
72.287544,-8.287362
27.738354,-62.2888
-24.80278,-36.945343
-31.494442,5.4431076
-70.25004,-8.55245
-57.264267,-6.8910885
22.145756,-47.785755
-8.925443,7.6334834
51.53111,-36.106937
-0.48206523,64.33636
2.5256681,5.9870853
33.541054,36.62979
-43.897415,30.127384
-9.204065,-42.63417
-72.9343,-0.34195897
-60.39867,19.646006
-32.182133,-45.23891
42.734146,36.99616
55.622128,-29.790173
50.31348,-34.05282
-22.994623,-53.40124
0.4204756,-16.417736
-61.42186,1.232955
-40.933243,16.94681
13.965255,69.8476
-14.354892,-49.178974
55.508762,-48.48517
-8.483368,-44.492157
17.502249,-50.67572
47.362835,-48.85346
-15.120189,-36.96918
-32.219612,-35.499958
-12.791562,49.35201
69.77975,6.877167
20.29512,23.14805
-9.553054,8.329679
-59.444363,8.783108
-62.83019,-11.956721
13.764262,68.43134
30.834335,-30.203762
-59.08292,10.735795
-31.453714,9.429385
-50.416058,26.976446
11.397702,74.17108
69.589775,-7.284603
-22.161161,0.60437787
15.967859,-4.1745033
-8.03976,74.637794
54.164143,-39.750713
-65.7139,-10.733982
73.8826,-1.6945294
42.814613,-17.672958
7.5937114,-0.77180403
0.20409168,9.284949
38.931572,21.749577
-49.588272,0.29814067
40.691517,19.568903
-26.41369,-38.30128
-42.10278,31.277088
25.35419,16.240242
28.198872,17.736088
-36.252193,-38.97743
-35.076786,-3.9036
-5.8518953,12.899213
-59.11627,5.5268254
9.993015,-53.84256
64.34784,-0.22650613
53.699768,-49.671696
-21.059586,-59.45747
-32.868763,12.15581
-57.27898,26.703081
-46.950306,23.49022
-27.204632,-31.7775
54.133713,-42.552387
33.737537,13.308914
63.96885,0.2953922
-42.107735,-38.040546
12.778155,73.00043
12.510791,-55.29161
-40.299717,-52.752724
-19.626158,-61.128838
-10.135773,-28.092327
-16.689188,53.809498
-43.855263,-4.7206736
1.9149897,-19.707392
31.058989,-35.183823
73.727684,7.7139387
1.4179304,49.24793
2.5730703,-19.964651
2.3110898,8.303874
-10.394169,41.194233
-44.64894,-51.895885
-71.38813,-8.3469925
-12.920181,-52.79727
-37.451015,16.52425
38.146088,37.8614
33.39785,-14.009183
-16.811209,60.43913
-47.078358,-5.3497562
-25.340311,-30.655869
34.20718,-31.87348
-57.601063,26.87784
38.044727,43.645195
41.715214,-23.178463
2.4149358,10.441132
-35.291702,-44.775887
3.8975384,66.81879
53.36749,-43.013206
35.119385,-19.435595
-13.598612,-10.508977
-0.19234304,-22.105906
-34.37687,-47.87724
28.98148,13.189051
43.040817,0.33141503
-43.026432,-7.843755
24.152617,-63.62664
67.05819,-11.302229
11.462659,-66.31096
49.778175,-38.51084
-31.603573,-44.82471
29.307755,25.7716
-51.793583,1.8208711
-13.735026,-57.71293
-61.1504,-2.0116894
54.813507,7.7265444
25.31018,17.56278
2.5022564,8.041586
7.547084,18.566084
52.162212,10.303215
40.176193,22.88038
-4.946507,4.9847536
-46.425514,14.861247
-11.235595,68.87781
-54.37707,29.829319
13.284355,63.458504
44.622776,-1.1753105
-12.17175,57.657276
4.2195725,37.49874
36.116043,39.0827
-62.87686,-15.231439
16.787167,-29.638624
10.461037,-57.465973
67.06814,-11.170797
-15.662045,-49.465733
32.953976,-16.297077
65.69982,-6.2304425
18.664085,-49.583572
-20.630442,58.594193
81.268456,-12.785184
-2.4598331,42.583622
-61.266838,-5.0108953
41.590843,22.724743
14.30855,56.329605
-5.9209723,-18.133966
-25.287169,55.363853
-45.383842,-49.36487
10.716873,-65.98271
-8.20575,-30.414888
23.114975,-47.848557
14.084332,-57.36632
18.560781,61.76304
-12.45295,9.671158
13.034961,1.860307
-44.464508,-0.6537912
-16.973686,3.2809978
9.722438,0.48034498
-28.73318,-59.766014
-33.93277,-39.32985
48.740917,-35.119644
-8.366672,61.26622
-20.081036,-12.511821
24.207823,14.001773
-38.100967,9.725477
-1.9152489,3.0975938
56.294586,-27.529314
-5.404203,60.2536
-20.058558,-5.106546
14.986014,-66.80246
-28.075436,-60.007526
-24.440453,-55.110836
22.670677,25.197466
-14.769782,-36.775795
13.71669,-5.2348127
-18.877813,34.119484
71.930756,-7.247845
-54.9359,17.508976
-42.008766,-42.021637
6.3518953,12.6245165
19.958103,-39.497375
-10.901238,69.632614
-4.851666,4.9563875
53.928856,-42.399487
0.7573776,49.826054
23.87999,16.337671
-26.349632,-46.687263
12.811444,-4.731051
38.6236,21.600527
-68.883675,-13.009301
-35.715786,-44.554745
43.482544,-35.679073
-20.847935,-52.37456
-1.3312639,44.13633
-64.28218,-10.770337
35.728996,39.78667
-42.46289,-42.374485
-11.20154,16.093174
30.448256,31.286312
9.456524,-57.00534
70.651405,-1.276934
-65.40636,13.016919
-0.20340379,56.71826
18.539202,16.50445
10.808688,-3.9461234
12.958607,51.070522
-17.776909,4.2139835
-14.068095,-13.461019
-11.238918,60.83393
47.72335,-1.5932893
1.1087906,-21.606863
-34.39226,-35.09016
44.118458,42.421425
-58.199924,-6.693726
10.187646,-10.180577
82.242905,-7.3552947
49.64983,-34.371525
-63.891964,-10.070998
25.812218,-23.608376
26.458155,-12.320534
50.863895,8.108643
-38.23163,-29.132256
24.353865,-15.493132
8.883631,43.145527
-10.145564,-28.907616
55.1236,-48.966587
-10.033918,59.92449
-10.64872,-48.33636
35.865505,-10.873682
11.587386,-66.280525
60.37415,-35.201176
9.02312,68.06203
-38.872124,17.512655
-10.223804,67.03237
-37.188953,-30.213306
-25.310589,-44.43199
-14.301448,15.335456
31.175117,26.076857
43.826717,3.2556238
-15.774003,-51.82719
-63.327023,-14.420966
-5.8959975,-45.60883
-66.25683,-6.146898
44.5482,35.98409
-14.760415,54.797043
13.610632,-10.455584
-23.18167,-0.74837905
-9.285212,71.11552
72.29452,-9.570676
39.793423,37.358
37.508713,-13.244272
-0.9466067,64.4189
-8.170641,57.523224
26.939423,14.35168
54.179443,4.3813376
-36.75092,-3.2130795
-49.340027,-4.5733023
28.081543,-7.5430465
-37.83861,-37.267345
67.77837,5.5689926
-27.906113,-40.529797
8.978824,-53.519524
72.80328,9.140321
-21.015272,54.321285
-10.427604,65.83786
34.875877,-20.21263
-36.272243,-45.031548
-52.014614,28.021433
-20.052437,-3.454954
-64.9724,24.254635
0.47398168,45.08829
37.86519,4.0323405
20.093828,55.682972
12.287726,-9.679305
-14.481512,-58.247147
14.361032,55.9081
-9.781298,48.09798
45.8726,33.203793
16.205088,64.876
-27.688395,-39.729156
-22.195072,-44.345905
-2.652087,65.55877
-16.317,36.09564
-69.70676,15.430338
19.576733,-48.41278
49.761894,-46.933586
-17.28331,43.50723
-36.444874,-45.33414
-35.403896,15.029203
46.874397,-2.3404787
44.57808,-0.88702226
9.728296,46.244816
-24.400438,-46.917454
36.755257,33.392075
76.257675,-7.331832
-65.55794,11.627529
-70.574745,-5.01745
-12.551941,15.166492
18.286629,-58.110214
52.625313,8.029842
-47.52013,-49.617493
22.833376,12.717877
7.8712945,-54.972584
-2.4127865,67.46086
-45.018013,-48.488003
18.038242,54.999065
36.621212,2.5112648
-35.29642,-35.148186
-49.135155,2.5941336
39.63137,-20.203054
79.96777,-3.3528423
-42.925472,-0.5348969
9.805749,70.72888
-0.8113263,44.491978
-23.169449,-35.597248
35.520523,3.7010908
4.733926,34.060493
22.647865,-66.515076
-55.969673,-1.9176
10.496994,-4.208988
-18.686575,59.979378
-4.8140326,-6.354699
-25.606369,-45.119225
-19.190384,60.838093
67.22034,-3.9580257
-41.914936,-42.1704
24.218864,-65.73049
-41.527542,11.928009
-18.666319,-52.25748
51.135746,6.5601716
-54.67409,17.425598
-64.55623,8.716734
-46.696243,24.38657
67.342445,-9.343349
-4.065715,-26.12732
13.634496,0.29104105
33.839603,-20.703815
-25.875618,-25.962496
20.12487,-66.62115
-45.58748,6.4569893
-10.752445,73.59642
64.64961,1.002464
-12.661999,-54.899746
-21.7096,-43.57355
-36.521595,21.687843
51.632156,-37.6943
55.47229,-29.344522
24.927904,36.209885
-17.619062,46.604805
-18.46835,59.086742
-46.470577,-6.051148
31.601166,-24.684158
39.4445,36.95608
76.18947,-9.863202
-58.71122,25.792002
75.796974,-11.373546
80.43539,-7.20407
-53.28997,20.930527
25.552492,-63.951775
-8.78748,39.19793
19.633608,-66.241165
-64.45111,14.127301
-3.8228447,45.67416
-7.4282193,58.2703
-44.13725,-0.91129756
-2.3289933,-27.964592
26.592947,27.53555
37.138577,23.195606
7.933631,62.942574
-25.799707,-58.490047
0.3206133,47.18651
15.563705,-28.766384
59.347992,-44.475906
38.223072,22.020866
25.608398,-25.557714
3.4600854,8.871791
-2.992453,-26.893559
22.862965,25.0099
58.19211,-51.022755
-49.523193,-4.7019725
60.789333,-39.99418
-2.4714196,58.765236
20.585697,66.77498
13.87505,55.375313
-6.726506,-43.56637
-69.32454,15.600967
27.78383,-25.139784
-69.793755,-7.990796
-1.3662432,-19.399658
14.421805,49.928288
-10.828292,52.724472
-24.032875,61.06728
30.574984,25.265102
-72.55108,1.3006443
2.3944244,73.07624
-44.496033,34.003223
30.466465,-24.329237
13.047435,-58.20375
0.4237123,-23.439133
36.186527,-19.596743
-14.23095,35.03593
-41.751724,-38.62035
-66.21429,-3.7868085
-10.376267,12.523751
-10.150723,68.17265
-63.47494,-10.164639
54.364777,5.7725806
55.046505,-42.885384
-10.443447,15.817915
-3.6259322,63.347084
45.864388,-44.602848
-0.5021476,44.761272
73.0572,1.3974047
-31.772902,-39.659477
-40.98909,-3.3383749
-19.872704,-41.80119
9.140988,70.02024
-12.693097,-6.580806
49.052856,-38.2194
6.039894,44.70394
57.617138,-28.515404
73.95339,-3.1867578
-70.59218,10.616365
80.74732,-12.138566
-63.06557,-14.532436
45.359505,-36.250988
-43.14778,20.65704
46.19051,-39.559875
-20.80955,-40.17477
-20.12236,58.31074
-29.221563,-35.810856
-63.999672,20.573206
6.654047,44.199
-41.656147,26.37769
41.01098,-3.449622
15.383878,-28.7187
43.472485,-16.273493
-46.783722,19.831568
-7.4508367,-47.071575
-62.331146,20.15672
-72.07967,12.659185
41.77545,-23.179325
34.76161,-3.2393944
34.5305,29.37922
-18.25219,44.9039
15.220067,59.40087
0.8255048,73.707695
53.91844,-28.581627
-4.2671514,-6.6403375
-32.7906,-29.40459
-35.17152,18.438734
-4.384495,74.24607
-30.17202,-36.565014
-21.994938,41.91908
-8.038991,-20.579508
2.5168095,-18.95814
6.2679605,43.289326
-44.593895,17.189493
-63.068695,6.8454847
60.09758,-33.97645
10.838214,-57.598087
-43.515438,20.21338
-0.34438366,-15.937179
38.331245,39.35322
40.329906,37.021976
-10.358821,37.91256
-2.6979456,8.650727
-41.666615,-35.94604
-65.40005,17.21113
-63.24483,-13.110284
-39.04702,25.158192
-2.7611833,-4.811333
77.863434,-5.622914
9.8698435,41.797733
-68.78062,13.034577
-0.39663127,35.843388
-45.569958,34.492645
52.03959,-30.532898
-45.344448,5.760348
55.341927,-27.608002
14.045507,68.44624
-21.100487,-39.584766
29.024689,29.80516
19.740973,-24.057667
33.53787,40.626537
-58.71787,25.768272
10.9846115,-3.3295903
-41.52918,1.2476228
-39.140156,17.771145
-11.717616,-45.50565
0.9266774,74.094315
-18.56523,62.615208
-5.0567145,44.560875
13.502319,54.190525
-1.788178,35.470932
6.321554,12.360393
18.986486,-24.65333
-63.626705,-11.475712
46.475582,-41.242847
59.108284,-37.349033
45.97895,-44.88938
22.244328,-54.659725
-38.61787,-51.438164
-22.569864,-1.3788034
-53.66551,16.031733
35.52564,-18.908167
31.325487,-25.782114
-17.149345,-11.557555
-3.586672,21.828613
-17.388348,-48.66164
-6.220527,46.787437
-26.078936,-38.379486
49.678764,5.6256895
12.669671,-65.59202
12.614286,46.01512
-13.232402,53.637093
-29.787148,-51.933598
12.538875,-48.683376
58.99905,-37.283833
-19.560873,45.638256
75.44964,-3.1851277
18.954082,-59.980545
-72.9486,-0.44393837
-24.49979,51.21694
-0.10079313,53.24201
-42.432713,-4.226431
71.73892,-7.414321
33.11724,13.289675
-57.809696,17.67076
6.3153214,14.891521
-12.132721,-7.8962173
32.020992,-24.860764
-71.24749,17.850094
48.58328,-37.234337
-4.4518013,-26.343521
20.561867,66.710304
48.595684,-55.9378
-24.469635,-37.43162
-63.051662,19.453983
53.805115,-28.22586
-66.24461,-3.5213506
-5.8365345,-10.784217
-22.367748,38.660263
17.688635,52.222862
-12.104375,-53.036755
-11.85607,63.7903
55.3013,-34.835503
-61.592113,-7.739276
-62.071136,18.171604
-43.848896,27.986135
10.521349,-10.223978
4.404456,17.967833
-64.22664,15.245415
-54.14844,24.674643
48.14838,-49.749565
-26.832033,-44.1743
-3.088612,-20.29685
-37.38374,-33.861633
0.33531478,19.062033
26.01543,-66.1802
3.8909512,46.418915
-6.6829076,-45.233356
71.432655,-4.2113776
38.390003,19.574207
31.747677,24.673744
18.637472,57.27888
-20.87405,46.02405
13.76951,-65.9012
23.4463,-13.021464
22.605682,13.384618
25.998083,-66.22761
-56.03196,7.7293253
-17.998386,-44.653
-1.2047551,-25.868351
72.16159,-2.6326652
9.95594,4.389902
-51.02,7.176841
-58.6334,17.541119
1.9646075,-24.119925
15.840319,53.691235
-72.68508,1.9055212
0.12650844,-17.835207
-20.785114,-12.446927
45.202423,-39.707947
76.86554,6.2252936
-1.646403,15.802698
48.112465,-37.93828
-60.451187,-6.970618
70.35432,-5.021821
-66.99028,19.113586
3.9820905,47.337605
-38.585285,-48.499153
-54.565994,13.681852
-5.3303185,15.625156
-49.900513,19.760614
15.036728,-48.85356
10.989957,71.09676
-59.49165,-2.8255718
29.21493,9.7766075
-69.1795,11.61664
34.341656,-1.1190181
-23.604816,-62.08545
-50.19394,-7.7927556
21.524946,-28.86564
32.98791,36.038292
43.291016,24.67946
77.71525,-5.304965
-31.433586,8.227606
-41.897903,20.322344
-49.860626,26.172947
-10.455683,63.715763
-16.510544,-37.452793
-23.049902,-39.34551
-48.896458,-1.0985924
19.751167,-28.093582
-72.03784,6.3183312
21.058485,0.65227115
19.541113,56.66869
10.5238695,4.4790998
-72.10986,6.0227256
-0.72191435,-28.540684
-10.260783,17.57195
-52.287857,27.485262
0.04406448,49.57893
-7.4855456,-48.139404
-2.7312884,-28.062605
20.413212,60.06382
19.644205,-25.301607
39.598724,19.063509
-7.226567,73.22027
73.90438,-5.708088
-59.341755,21.769772
-66.44747,2.7652767
-39.999798,13.783963
25.258047,17.875418
52.64662,-42.384975
63.31016,-45.036316
-27.08013,-30.387318
0.56419134,-18.112823
1.8594936,72.3128
-72.03818,6.5043516
-65.73986,-5.2713933
-58.332767,10.838842
-21.982342,-45.05982
36.429058,-12.006764
31.730556,24.637712
-32.55414,-40.73862
-68.7755,14.80323
-13.1248665,-51.64721
21.869942,-57.292076
25.598751,-63.84806
-44.49252,-1.5885483
-8.327029,73.4467
-1.5846802,55.92354
-46.579384,15.6257305
4.4193783,40.015907
-28.73325,-59.76595
-22.192675,-10.171245
-46.03507,6.086281
47.849743,-1.1189677
-30.67186,-52.94082
-1.8304329,72.0821
